Word,Bengali Meaning,Synonyms,Antonyms,English Definition,Example Sentence,Unit (Lesson)
"Persecution","নিপীড়ন / নির্মম অত্যাচার / নির্যাতন","Oppression, victimization, harassment, torture, tyranny","Protection, safety, liberation, tolerance","Hostility and ill-treatment, especially because of race or political or religious beliefs.","[Unit 5: Lesson 1]: Article 14: (1) Everyone has the right to seek and to enjoy in other countries asylum from persecution.
[Unit 4: Lesson 3]: Article 14: (1) Everyone has the right to seek and to enjoy in other countries asylum from persecution.","Unit 5: Lesson 1 (Are We Aware of These Rights-I?)"
"Intuitive","সহজাত / স্বজ্ঞাত / আত্মিক বোধসম্পন্ন","Instinctive, spontaneous, innate, perceptive","Calculated, reasoned, deliberate, analytical","Using or based on what one feels to be true without conscious reasoning.","While art is considered intuitive and visionary, craft is seen to be a practical application of certain skills for producing objects of everyday use that are often beautiful to look at, such as pottery, metal and wood work, cane and bamboo items, jewelry, musical instruments like ektara, dhol or flute and textile items...","Unit 2: Lesson 4 (Craft)"
"Subjective","আত্মগত / ব্যক্তিগত অনুভূতি ও দৃষ্টিভঙ্গিভিত্তিক","Personal, individual, idiosyncratic, intuitive","Objective, impartial, empirical, universal","Based on or influenced by personal feelings, tastes, or opinions.","Unit Six: Dreams Lesson 1 What is a Dream?","Unit 6: Lesson 1 (What is a Dream?)"
"Glorious","মহিমান্বিত / গৌরবময়","Magnificent, splendid, illustrious, celebrated","Inglorious, shameful, obscure, modest","Having, worthy of, or bringing fame or admiration.","[Unit 2: Art and Craft: Craft]: Some of you who live outside Sonargaon Upazila in the district of Narayanganj, may have visited the ancient township with its Folk Arts and Crafts Museum set up by the famous artist Zainul Abedin in 1975, and a number of old buildings which speak of a glorious past.
[Unit 12: Lesson 1]: The report says that the river had a glorious past.","Unit 2: Art and Craft: Craft"
"Conservation","সংরক্ষণ / সুরক্ষা","Preservation, safeguarding, upkeep, protection, maintenance","Destruction, demolition, devastation, degradation","The protection of animals, plants, natural resources, and habitats from decay or loss.","[Unit 4: Lesson 3]: She received that honour in 2004 as the founder of the Green Belt Movement in Kenya, a nonprofit organization dedicated to planting trees, environmental conservation, and women's rights.
[Unit 4: Great Women: Pioneers of Education & Science]: She received that honour in 2004 as the founder of the Green Belt Movement in Kenya, a nonprofit organization dedicated to planting trees, environmental conservation, and women's rights.","Unit 4: Lesson 3 (Great Women)"
"Wellbeing","সুস্থতা / সার্বিক কল্যাণ ও মঙ্গলজনক অবস্থা","Welfare, prosperity, health, happiness, flourishing","Misery, suffering, hardship, despair","The state of being comfortable, healthy, or happy.","Unit Five: Human Rights | Lesson 3: Rights to Health and Education A.","Unit 5: Lesson 3 (Rights to Health and Education)"
"Puberty","বয়ঃসন্ধিকাল / যৌবনারম্ভ","Adolescence, maturation stage, sexual maturity","Adulthood, infancy, childhood","The period during which adolescents reach sexual maturity and become capable of reproduction.","Biological processes drive many aspects of this growth and development with the onset of puberty marking the passage from childhood to adolescence.","Unit 9: Lesson 1 (Storms and Stresses of Adolescence)"
"Underprivileged","সুবিধাবঞ্চিত / অনুন্নত পটভূমির","Disadvantaged, needy, impoverished, deprived","Privileged, affluent, wealthy, favored","Not enjoying the same standard of living or rights as the majority of people in a society.","Art is generally understood as an expression of human imagination and creative skills in a range of activities including painting, drawing, sculpture and architecture.","Unit 2: Lesson 3 (Art)"
"Activism","সক্রিয় সামাজিক আন্দোলন / অধিকার আদায়ের প্রয়াস","Advocacy, campaigning, engagement, grassroots reform","Passivity, apathy, lethargy, inaction","The policy or action of using vigorous campaigning to bring about political or social change.","[Unit 5: Lesson 2]: social activism viii.
[Unit 4: Lesson 3]: social activism viii.","Unit 5: Lesson 2 (Are We Aware of These Rights-II?)"
"Adversities","প্রতিকূলতা / জীবনের কঠিন প্রতিবন্ধকতা ও দারিদ্র্য","Hardships, misfortunes, obstacles, tribulations, distress","Privileges, fortunes, prosperity","Difficulties or misfortunes.","What made them win against all adversities then?","Unit 7: Lesson 3 (The Unbeaten Girls)"
"Magnificent","জমকালো / গৌরবমণ্ডিত ও রাজকীয়","Grand, splendid, glorious, majestic, noble","Pathetic, unimpressive, modest","Extremely beautiful, elaborate, or impressive.","The orphanage is high in the Carolina mountains.","Unit 8: Lesson 3 (A Mother in Mannville)"
"Instinctive","সহজাত / স্বতঃস্ফূর্ত","Innate, intuitive, natural, inborn","Learned, acquired, deliberate, calculated","Relating to or prompted by instinct; done without conscious thought.","Thank you"" was, perhaps, an expression for which he had had no use, for his courtesy was instinctive.","Unit 8: Relationships: A Mother in Mannville"
"Neonatal","নবজাতক সংক্রান্ত","Newborn, infant, natal, baby","Adult, maternal, elderly","Relating to newborn children.","Moreover, neonatal mortality is another concern for younger mothers.","Unit 9: Adolescence: Adolescence and Some (Related) Problems in Bangladesh"
"Sociological","সমাজতাত্ত্বিক / সামাজিক কাঠামো সংক্রান্ত","Social, societal, communal, collective","Individual, psychological, solitary","Concerning the development, structure, and functioning of human society.","As it has economic impacts, it has psychological, sociological, or geographical impacts too.","Unit 11: Peace and Conflict: Situations of Conflict"
"Take a hand","হস্তক্ষেপ করা / অংশ নেওয়া","Participate, step in, intervene, take part, lend a hand","Stay out, withdraw, abstain, hold back","To become actively involved or take part in solving a problem.","Lifestyle B.","Unit 10: Lesson 2 (Etiquette Netquette)"
"Passage","উত্তরণ / রূপান্তর / অতিক্রম","Transition, crossing, progression, evolution","Stagnation, standstill, halt, cessation","The process of moving or transitioning from one life stage, condition, or state to another.","Biological processes drive many aspects of this growth and development with the onset of puberty marking the passage from childhood to adolescence.","Unit 9: Lesson 1 (Storms and Stresses of Adolescence)"
"Persuaded","প্ররোচিত বা সম্মত করেছিল / বোঝাতে সক্ষম হয়েছিল","Convinced, coaxed, influenced, swayed, induced","Dissuaded, deterred, discouraged","Induced someone to do something through reasoning or argument.","But Minati Rani Sheel and Mohammad Mafiz Uddin persuaded them to allow their daughters to play.","Unit 7: Lesson 3 (The Unbeaten Girls)"
"Hardships","কঠোর দুঃখকষ্ট / দুর্দশা","Adversities, privations, suffering, trials","Comfort, ease, prosperity, abundance","Severe suffering or privation.","Death soon ended what little we could have while she lived, and with it her hardships and suffering.","Unit 5: Human Rights: Frederick Douglass"
"Agony","নিদারুণ যন্ত্রণা / চরম মানসিক বা শারীরিক কষ্ট","Anguish, torment, distress, suffering, affliction","Ecstasy, delight, rapture, bliss, comfort","Extreme physical or mental suffering and deep distress.","[Unit 4: Lesson 2]: Twenty-three years of a history of men and women in agony!
[Unit 4: Transformative Speeches: Three Speeches]: Twenty-three years of a history of men and women in agony!","Unit 4: Lesson 2 (Transformative Speeches)"
"Apartheid","বর্ণবৈষম্য নীতি / জাতিবিদ্বেষ","Racism, segregation, racial discrimination, prejudice","Equality, integration, inclusion, egalitarianism","A policy or system of segregation or discrimination on grounds of race.","[Unit 4: Lesson 2]: The change was embodied in a decision which was taken to protest against apartheid legislation by peaceful demonstrations.
[Unit 4: Transformative Speeches: Three Speeches]: The change was embodied in a decision which was taken to protest against apartheid legislation by peaceful demonstrations.","Unit 4: Lesson 2 (Transformative Speeches)"
"Attitude","মনোভাব / দৃষ্টিভঙ্গি","Outlook, perspective, stance, mindset, disposition","Indifference, neutrality, apathy","A settled way of thinking or feeling about someone or something.","[Unit 4: Lesson 2]: It will enable the Court to appreciate the attitude eventually adopted by the various bodies in the National Liberation Movement.
[Unit 4: Transformative Speeches: Three Speeches]: It will enable the Court to appreciate the attitude eventually adopted by the various bodies in the National Liberation Movement.","Unit 4: Lesson 2 (Transformative Speeches)"
"Servitude","দাসত্ব / পরাধীনতা","Slavery, bondage, subjugation, thralldom","Freedom, liberty, emancipation, independence","The state of being a slave or completely subject to someone more powerful.","Read the declarations and core protections: - Article 4: No one shall be held in slavery or servitude; slavery and the slave trade shall be prohibited in all their forms.","Unit 5: Human Rights: Are We Aware of These Rights-II?"
"Decisive","নিষ্পত্তিমূলক / মোড় ঘোরানো / চূড়ান্ত","Conclusive, pivotal, key, significant, influential, critical","Insignificant, uncertain, indecisive, hesitant","Settling an issue; producing a definite result or turning point.","[Unit 4: Lesson 3]: The sudden death of Pierre Curie was a bitter blow to Marie Curie, but it was also a decisive turning point in her career.
[Unit 4: Great Women: Pioneers of Education & Science]: The sudden death of Pierre Curie was a bitter blow to Marie Curie, but it was also a decisive turning point in her career.","Unit 4: Lesson 3 (Great Women)"
"Immense","অপরিমেয় / বিপুল / সীমাহীন","Immeasurable, incalculable, enormous, mammoth, gigantic, vast","Tiny, miniature, minuscule, negligible","Extremely large or great, especially in scale or degree.","[Unit 4: Lesson 3]: Her contribution to physics had been immense, not only in her own work, but because of her influence on subsequent generations.
[Unit 4: Great Women: Pioneers of Education & Science]: Her contribution to physics had been immense, not only in her own work, but because of her influence on subsequent generations.","Unit 4: Lesson 3 (Great Women)"
"Exploitation","শোষণ / অনুচিত সুযোগ গ্রহণ","Abuse, manipulation, victimization, misuse","Protection, empowerment, fairness, respect","The action of treating someone unfairly in order to benefit from their work or vulnerability.","Unit Nine: Adolescence Lesson 1 Storms and Stresses of Adolescence A.","Unit 9: Lesson 1 (Storms and Stresses of Adolescence)"
"Vigilant","সতর্ক / সদা সজাগ / জাগ্রত দৃষ্টিসম্পন্ন","Watchful, alert, attentive, observant, guarded","Heedless, careless, negligent, oblivious","Keeping careful watch for possible danger or difficulties.","Because of his alert and vigilant presence, all predatory animals were said to have been kept within bounds.","Unit 3: Lesson 3 (The Legend of Gazi)"
"Segregation","বিচ্ছিন্নকরণ / বর্ণবিভেদ","Isolation, separation, partition, discrimination","Integration, combination, inclusion, desegregation","The enforced separation of different racial groups in a country, community, or establishment.","[Unit 4: Lesson 2]: The life of the Negro is still sadly crippled by the manacles of segregation and the chains of discrimination.
[Unit 4: Transformative Speeches: Three Speeches]: The life of the Negro is still sadly crippled by the manacles of segregation and the chains of discrimination.","Unit 4: Lesson 2 (Transformative Speeches)"
"Span","ব্যাপ্তি / বিস্তার / স্থিতিকাল","Duration, extent, stretch, period, length","Instant, point, brevity, compression","The full duration, extent, or reach of something from beginning to end.","This phase represents one Of the critical transitions in one's life span and is characterised by fast paced growth and change which are second only to those at infancy.","Unit 9: Lesson 1 (Storms and Stresses of Adolescence)"
"Duration","সময়কাল / স্থায়িত্বকাল","Period, term, span, length of time, extent","Instant, flash, moment","The time during which something continues or lasts.","[Unit 5: Lesson 5]: This is the inevitable result: I never saw my mother, to know her as such, more than four or five times in my life; and each of these times was very short in duration, and at night.
[Unit 5: Human Rights: Frederick Douglass]: And each of these times was very short in duration, and at night.","Unit 5: Lesson 5 (Frederick Douglass)"
"Brotherhood","ভ্রাতৃত্ববোধ / সম্প্রীতি / ঐক্য","Fraternity, fellowship, kinship, solidarity, companionship","Enmity, hostility, rivalry, discord","An association, or feelings of friendship, mutual support, and solidarity.","[Unit 5: Lesson 2]: They are endowed with reason and conscience and should act towards one another in the spirit of brotherhood.
[Unit 5: Human Rights: Are We Aware of These Rights-II?]: They are endowed with reason and conscience and should act towards one another in the spirit of brotherhood.
[Unit 4: Lesson 2]: They are endowed with reason and conscience and should act towards one another in the spirit of brotherhood.","Unit 5: Lesson 2 (Are We Aware of These Rights-II?)"
"Promote","উন্নীত করা / উৎসাহ দেওয়া","Raise, foster, advance, encourage, boost","Demote, discourage, impede, hinder","To support, encourage, or actively contribute to the progress or growth of something.","[Unit 9: Lesson 1]: Parents, members of tbe community, service providers, and social institutions have the responsibility to both promote adolescent development and adjustment and to intervene when problems arise.
[Unit 5: Lesson 3]: It shall promote understanding, tolerance and friendship among all nations, racial or religious groups, and shall further the activities of the United Nations for the maintenance of peace.","Unit 9: Lesson 1 (Storms and Stresses of Adolescence)"
"Fostered","লালিত-পালিত বা গড়ে তোলা / পরিপুষ্ট করা","Nurtured, cultivated, encouraged, promoted, cherished","Neglected, stifled, suppressed, discouraged","Encouraged or promoted the development of something desirable.","Relationships can also be fostered in workplaces, which may quickly change from professional to social.","Unit 8: Lesson 1 (Family)"
"Exquisite","অপরূপ সুন্দর / চমৎকার / নিখুঁত কারুকাজময়","Splendid, magnificent, elegant, superb, delicate","Crude, ordinary, common, ugly","Extremely beautiful, delicate, and pleasing to look at.","It turned out to be of such exquisite workmanship that people from far and near crowded round for a look.","Unit 1: Lesson 1 (The Parrot's Tale)"
"Flourish","সমৃদ্ধিশালী হওয়া / উন্নতি লাভ করা / বিকশিত হওয়া","Thrive, prosper, bloom, blossom","Wither, decline, languish, fail","To grow or develop in a healthy or vigorous way; thrive.","The blacksmith's trade flourished to such an extent that gold ornaments decked his wife's body, and the Police Inspector's alertness earned him a medal.","Unit 1: Lesson 1 (The Parrot's Tale)"
"Ponder","গভীরভাবে চিন্তা করা / ভাবা / অনুধ্যান করা","Contemplate, consider, deliberate, meditate, reflect","Ignore, disregard, dismiss, overlook","To think about something carefully, especially before making a decision.","They pondered the reasons behind the ignorance of the creature in question.","Unit 1: Lesson 1 (The Parrot's Tale)"
"Sigh","দীর্ঘশ্বাস ফেলা / হা-হুতাশ করা","Gasp, groan, moan, breathe out","Rejoice, cheer, laugh","To emit a long, deep, audible breath expressing sadness or exhaustion.","Outside, the green shoots of early spring sighed in the southerly breeze, filling the sky above the budding forest trees with wistful melancholy.","Unit 1: Lesson 1 (The Parrot's Tale)"
"Veritable","প্রকৃত / যথার্থ / খাঁটি / সত্যিকার","Authentic, genuine, real, actual","Fake, false, counterfeit, spurious","Being truly or very much so; real, genuine, and authentic.","They made multiple copies of various texts until there was a veritable mountain.","Unit 1: Lesson 1 (The Parrot's Tale)"
"Manners","ভদ্রতা / আদব-কায়দা / সদাচার","Courtesy, politeness, civility, etiquette, respect","Rudeness, discourtesy, bad manners, impoliteness","Polite ways of behaving toward others with social respect and consideration.","Unit Ten: Lifestyle Lesson 1 Manners Around the World A.","Unit 10: Lesson 1 (Manners Around the World)"
"Forbidden","সম্পূর্ণ নিষিদ্ধ / অননুমোদিত / বর্জনীয়","Prohibited, Banned, Disallowed, Barred, Taboo","Allowed, Permitted, Lawful, Authorized","Not allowed; banned.","Ilugging and kissing on the cheeks between same sex people in social situations are quite common though it is strictly forbidden between men and women.","Unit 10: Lesson 1 (Manners Around the World)"
"Rarely","কদাচিৎ / খুব কমই","Infrequently, hardly, seldom, scarcely","Often, frequently, regularly, usually","Not often; seldom.","Lifestyle B.","Unit 10: Lesson 2 (Etiquette Netquette)"
"Seldom","কদাচিৎ / কদাচ","Rarely, infrequently, scarcely, hardly ever","Often, frequently, constantly, always","Not often; rarely.","[Unit 10: Lesson 2]: Lifestyle B.
[Unit 5: Lesson 5]: They seldom come nearer to it than planting-time, harvest-time, cherry-time, spring-time, or fall-time.","Unit 10: Lesson 2 (Etiquette Netquette)"
"Showy","চটকদার / প্রদর্শনপ্রবণ","Ostentatious, flashy, flamboyant, gaudy","Restrained, modest, subtle, understated","Having a striking appearance or style, often excessively ornate.","Lifestyle B.","Unit 10: Lesson 2 (Etiquette Netquette)"
"Cheer","উল্লাস / আনন্দ / শুভকামনা","Joy, Happiness, Merriment, Exultation, Good spirits","Gloom, Sadness, Sorrow, Melancholy, Despair","Shouts of joy or expressions of warm salutation and happiness.","Unit Ten: Lifestyle Lesson 1 Manners Around the World A.","Unit 10: Lesson 1 (Manners Around the World)"
"Consider","বিবেচনা করা / ভেবে দেখা / গণ্য করা","Contemplate, Deliberate, Ponder, Regard, Deem","Ignore, Disregard, Overlook, Dismiss","To think carefully about something, typically before making a decision.","Greetings Shake hands softly as a firm handshake could be considered a sign of aggression.","Unit 10: Lesson 1 (Manners Around the World)"
"Frequently","বারবার / পুনঃপুনঃ / ঘনঘন / প্রায়শই","Often, Regularly, Repeatedly, Recurrently","Rarely, Seldom, Infrequently, Occasionally","Regularly or habitually; occurring many times.","[Unit 10: Lesson 1]: Gift Gifts are given frequently to show love, gratitude and respect.
[Unit 5: Lesson 4]: (equivalent of 50 kg) and a quarter on my back; have to stoop much and creep through water, which is frequently up to the calves of my legs.","Unit 10: Lesson 1 (Manners Around the World)"
"Firm","দৃঢ় / শক্ত / মজবুত","Solid, Strong, Resolute, Sturdy, Stable","Weak, Soft, Loose, Flexible, Feeble","Solid, resolute, and strongly held or gripped.","Greetings Shake hands softly as a firm handshake could be considered a sign of aggression.","Unit 10: Lesson 1 (Manners Around the World)"
"Habitual","স্বভাবগত / অভ্যাসগত / নিয়মিত","Customary, Routine, Regular, Usual, Chronic","Occasional, Rare, Infrequent, Unusual, Irregular","Done or doing constantly as a habit; customary.","Unit Ten: Lifestyle Lesson 1 Manners Around the World A.","Unit 10: Lesson 1 (Manners Around the World)"
"Nod","মাথা নেড়ে সম্মতি দেওয়া / মাথা ঝুঁকানো","Incline head, Bow, Signal, Gesture, Acknowledge","Shake head, Refuse, Disagree","To lower and raise one's head slightly and briefly in greeting or agreement.","Unit Ten: Lifestyle Lesson 1 Manners Around the World A.","Unit 10: Lesson 1 (Manners Around the World)"
"Adolescence","কৈশোর / বয়ঃসন্ধিকাল","Puberty, youth, teenage, juvenility","Adulthood, old age, senility, maturity","The transitional period of human growth and development between childhood and adulthood (ages 13 to 18).","Unit Nine: Adolescence Lesson 1 Storms and Stresses of Adolescence A.","Unit 9: Lesson 1 (Storms and Stresses of Adolescence)"
"Intentional","উদ্দেশ্যমূলক / ইচ্ছাকৃত","Deliberate, willful, intended, planned, conscious","Unintentional, undesigned, accidental","Done with conscious intention, purpose, premeditation, or design.","Unit Nine: Adolescence Lesson 1 Storms and Stresses of Adolescence A.","Unit 9: Lesson 1 (Storms and Stresses of Adolescence)"
"Unintentional","অনিচ্ছাকৃত / অনভিপ্রেত","Accidental, sudden, inadvertent, unintended","Intentional, deliberate, premeditated","Done not on purpose or without conscious design.","Unit Nine: Adolescence Lesson 1 Storms and Stresses of Adolescence A.","Unit 9: Lesson 1 (Storms and Stresses of Adolescence)"
"Personalised","ব্যক্তিমাফিক / ব্যক্তিকেন্দ্রিক","Customized, individualized, tailored, personal","Standardized, generic, universal, uniform","Designed or altered to meet the specific requirements or abilities of an individual student.","As a tool in the classroom, AI can provide students with personalised learning experiences, automate repetitive tasks and provide instant feedback.","Unit 1: Lesson 2 (Education and Technology)"
"Gaudy","অতিরিক্ত জমকালো / চটুল / ভড়ংপূর্ণ","Flashy, garish, showy, ostentatious, loud","Subtle, modest, understated, elegant","Extravagantly bright or showy, typically so as to be tasteless.","She walks in beauty, like the night Of cloudless climes and starry skies; And all that's best of dark and bright Meet in her aspect and her eyes; Thus mellowed to that tender light Which heaven to gaudy day denies.","Unit 2: Lesson 1 (What is Beauty?)"
"Manifestation","বহিঃপ্রকাশ / প্রকাশরূপ / নিদর্শন","Demonstration, embodiment, revelation, expression, display","Concealment, suppression, hiding","An event, action, or object that clearly shows or embodies something.","Folk music consists of songs and music of a community that are not influenced by any sophisticated musical rules or any standard musical styles.","Unit 2: Lesson 2 (Folk Music)"
"Anguish","তীব্র মনোকষ্ট / মানসিক বা শারীরিক যন্ত্রণা","Agony, torment, distress, heartache, misery","Joy, contentment, relief, bliss","Severe mental or physical pain or intense suffering.","Art is generally understood as an expression of human imagination and creative skills in a range of activities including painting, drawing, sculpture and architecture.","Unit 2: Lesson 3 (Art)"
"Substantial","উল্লেখযোগ্য / পর্যাপ্ত / অর্থবহ পরিমাণ","Considerable, significant, ample, sizable, meaningful","Negligible, trivial, minor, insignificant, meager","Of considerable importance, size, or worth.","Education and Life 27 D.","Unit 1: Lesson 4 (Civic Engagement)"
"Leafy","পত্রবহুল / পাতাময় / শ্যামল","Foliaged, verdant, lush, green, wooded","Barren, leafless, desolate, bare","Having or covered with many leaves or foliage.","I look around me and discover a leafy dome—Jaam, Kanthal, Bat, Hijol and Aswatha trees all in a hush, Shadowing clumps of cactus and zedoary bushes.","Unit 3: Lesson 1 (Myths of Bengal)"
"Prosper","সমৃদ্ধ হওয়া / উন্নতি করা / সুফল পাওয়া","Thrive, flourish, succeed, blossom, boom","Decline, wither, fail, languish","Succeed in activity, typically by making good economic progress.","""Jodi borshe magher shesh, dhonyi rajar punyi desh.""","Unit 3: Lesson 4 (Khona)"
"Nationality","জাতীয়তা / রাষ্ট্রীয় নাগরিকত্ব","Citizenship, statehood, allegiance, identity","Statelessness, exile","The status of belonging to a particular nation by origin, birth, or naturalization.","Article 15: (1) Everyone has the right to a nationality.","Unit 5: Lesson 1 (Are We Aware of These Rights-I?)"
"Deprived","বঞ্চিত / অধিকারচ্যুত / সুবিধা বঞ্চিত","Dispossessed, stripped, robbed, destitute, denied","Privileged, endowed, blessed, wealthy","Suffering a severe and damaging lack of basic material and cultural benefits.","[Unit 5: Lesson 1]: (2) No one shall be arbitrarily deprived of his nationality nor denied the right to change his nationality.
[Unit 5: Lesson 5]: I could not tell why I ought to be deprived of the same privilege.","Unit 5: Lesson 1 (Are We Aware of These Rights-I?)"
"Dignity","মর্যাদা / আত্মসম্মান / ব্যক্তিত্বের গৌরব","Honor, self-respect, prestige, stature, worthiness","Humiliation, dishonor, shame, degradation","The state or quality of being worthy of honor or respect.","[Unit 5: Lesson 2]: Universal Declaration of Human Rights: Article 1: All human beings are born free and equal in dignity and rights.
[Unit 12: Lesson 4]: Fundamental to both the concept of Environmental Justice and the activist EJ movement is the search for fair ways of sharing environmental burdens and benefits and collectively creating a future in which the dignity and rights of all people are respected.","Unit 5: Lesson 2 (Are We Aware of These Rights-II?)"
"Restless","অস্থির / বিদ্রোহী মনোভাবাপন্ন / অবাধ্য","Rebellious, unruly, agitated, questioning, unquiet","Submissive, calm, docile, obedient","Unable to rest or relax as a result of anxiety, boredom, or yearning for freedom.","He deemed all such inquiries on the part of a slave improper and impertinent, and evidence of a restless spirit.","Unit 5: Lesson 5 (Frederick Douglass)"
"Cognitive","বুদ্ধিবৃত্তিক / জ্ঞান ও উপলব্ধিসম্পর্কিত","Mental, intellectual, perceptual, rational, cognitive-process","Instinctive, visceral, mindless","Relating to cognition; the mental process of acquiring knowledge and understanding.","Unit Six: Dreams Lesson 1 What is a Dream?","Unit 6: Lesson 1 (What is a Dream?)"
"Strive","কঠোর প্রচেষ্টা চালানো / ক্লান্তিহীন সংগ্রাম করা","Struggle, endeavor, labor, aspire, toil","Surrender, yield, give up, idle","Make great efforts to achieve or obtain something.","Poets give voice to What we desire and strive hard IO achieve.","Unit 6: Lesson 2 (Dreams in Literature)"
"Goaded","প্রণোদিত বা তাড়িত করল / প্ররোচিত করল","Prodded, spurred, impelled, provoked, urged","Dissuaded, restrained, discouraged","Provoked or annoyed someone so as to stimulate some action or reaction.","The aim, which goaded me to swim the Channel six times, each time risking my life and reputation, was so close.","Unit 7: Lesson 1 (Brojen Das)"
"Psyche","মানবিক আত্মা / মন ও প্রণোদনার উৎস","Soul, spirit, mind, inner self, subconscious","Physical flesh, corporeal body","The human soul, mind, or spirit.","Relationships 143 With the piercing sound of a vehicle screeching to a hall, Yingzi's life flies in the air gently.","Unit 8: Lesson 4 (Love)"
"Adulthood","প্রাপ্তবয়স্ক অবস্থা / যৌবনোত্তর পরিনত জীবন","Maturity, legal age, full age, womanhood/manhood","Childhood, infancy, adolescence","The state or condition of being fully grown or mature.","Adolescence is a period in life when transition from childhood to adulthood takes place and behaviours and life styles are shaped.","Unit 9: Lesson 2 (Problems in Bangladesh)"
"Convinced","নিশ্চিত / সম্মত বা যুক্তি দ্বারা প্রত্যয়ী","Persuaded, assured, certain, positive, converted","Doubtful, skeptical, unconvinced","Completely certain about something; persuaded by argument or evidence.","Like many other South Asian countries, in Bangladesh, the gravity of sexual harassment in public spaces has been diluted and almost 'normalised' through calling it 'eve-teasing'.","Unit 9: Lesson 4 (Story of Shilpi)"
"Stunning","চমকপ্রদ / চোখধাঁধানো রূপ বা সৌন্দর্য","Dazzling, breathtaking, splendid, gorgeous, magnificent","Hideous, plain, unattractive","Extremely impressive or attractive.","Lifestyle 191 C.","Unit 10: Lesson 5 (Consumerism)"
"Gallant","শৌর্যশীল","Gracious","Discourteous","Brave, heroic, or exceptionally noble and grand.","Then went I to a garden and did spy A gallant flower, The crown-imperial: Sure, said I, Peace at the root must dwell.","Unit 11: Lesson 4 (Peace in Literature)"
"Hollow","ফাঁপা","Void, empty","Real","Having a hole or empty space inside; devoid of substance or truth.","A hollow wind did seem to answer, No: Go seek elsewhere.","Unit 11: Lesson 4 (Peace in Literature)"
"Accompanied","সংযুক্ত / সাথে বিদ্যমান বা সাহচর্যে থাকা","Attended, escorted, partnered, accompanied by, joined","Unaccompanied, solitary, abandoned","Having someone or something along as a companion or accompaniment.","See these iconic photographs captured in various war settings across the world over the past hundred years, accompanied by key factual information.","Unit 11: Lesson 5 (Opinions through Images)"
"Shortsighted","দূরদৃষ্টিহীন","Thoughtless, ill-considered, ill-judged","Far-sighted, visionary","Lacking foresight or consideration of the future consequences of an action.","What is often regarded as a natural disaster is upon closer examination the result of sometimes shortsighted and other times reckless, even pernicious corporate, governmental, or individual environmental practices that target and disadvantage vulnerable groups.","Unit 12: Lesson 4 (Environmental Justice)"
"Prohibited","নিষিদ্ধ করা","Forbidden, banned, outlawed, disallowed","Permitted, authorized, sanctioned, allowed","Formally forbid something by law, rule, or other authority.","Read the declarations and core protections: - Article 4: No one shall be held in slavery or servitude; slavery and the slave trade shall be prohibited in all their forms.","Unit 5: Human Rights: Are We Aware of These Rights-II?"
"Conversion","রূপান্তর / পরিবর্তন","Transformation, adaptation, alteration, turning","Preservation, maintenance, stagnation","The process of changing or causing something to change from one form to another.","Direct to Indirect Speech Conversion: Read the testimonies again.","Unit 5: Human Rights: Coal Miners"
"Racism","বর্ণবাদ / বর্ণবৈষম্য","Racial prejudice, discrimination, bigotry, xenophobia","Egalitarianism, tolerance, equality","Prejudice, discrimination, or antagonism directed against someone of a different race.","What is the connection between slavery and racism?","Unit 5: Human Rights: Frederick Douglass"
"Resentment","ক্ষোভ / আক্রোশ","Bitterness, indignation, anger, grudge","Goodwill, forgiveness, affection, contentment","Bitter indignation at having been treated unfairly.","I was filled with passionate resentment that any woman should go away and leave her son.","Unit 8: Relationships: A Mother in Mannville"
"Ecstasy","পরমানন্দ / তীব্র উল্লাস","Rapture, bliss, euphoria, elation","Misery, despair, anguish, torment","An overwhelming feeling of great happiness or joyful excitement.","Other days they ran with a common ecstasy through the laurel and he brought me back vermilion maple leaves, and chestnut boughs dripping with imperial yellow.","Unit 8: Relationships: A Mother in Mannville"
"Thoughtless","বিবেচনাহীন / অবিমৃশ্যকারী","Inconsiderate, heedless, careless, unthinking","Thoughtful, considerate, attentive, prudent","Not showing consideration for the needs of other people.","There is a limit up to which it can put up with its cruel and thoughtless treatment.","Unit 12: Environment and Nature: Water, Water Everywhere..."
"Privileged","বিশেষ সুবিধাভোগী","Advantaged, elite, favored, endowed","Underprivileged, disadvantaged, marginalized","Having special rights, advantages, or immunities.","[Unit 5: Human Rights: Frederick Douglass]: I could not tell why I ought to be deprived of the same privilege.
[Unit 12: Lesson 4]: Simultaneously, the benefits of that overconsumption are enjoyed primarily by the privileged around the world, a fraction of the earth's population.","Unit 5: Human Rights: Frederick Douglass"
"Arable","চাষযোগ্য জমি","Cultivable, fertile, tillable, productive","Barren, infertile, sterile, desolate","Used or suitable for growing crops.","Environmental Justice therefore represents a new, important body of thought and action at the beginning of the twenty-first century, especially as people around the world face the realities of climate change, increasing toxicity, resource depletion, and the rapid disappearance of species and arable land on which the health of many human communities depends.","Unit 12: Environment and Nature: What is Environmental Justice?"
"Vigour","শারীরিক প্রাণশক্তি / তেজ ও বলিষ্ঠ উদ্দীপনা","Energy, vitality, robustness, stamina, dynamic strength","Lethargy, weakness, fatigue, enervation","Physical strength and good health; effort, energy, and enthusiasm.","The underlying assumption is that boys are active and full of vigour, but girls are naive and lack the intelligence or energy to match their male counterparts.","Unit 7: Lesson 3 (The Unbeaten Girls)"
"Psychological","মনস্তাত্ত্বিক / মানসিক","Mental, emotional, cognitive, inner","Physical, corporal, bodily","Related to the mental and emotional state of a person.","As it has economic impacts, it has psychological, sociological, or geographical impacts too.","Unit 11: Peace and Conflict: Situations of Conflict"
"Spirit","উদ্দীপনা / মনোভাব / আমেজ","Mood, feelings, attitude, atmosphere, enthusiasm","Apathy, lifelessness, dullness","The prevailing tone or tendency of what is said or done; mood.","Lifestyle B.","Unit 10: Lesson 2 (Etiquette Netquette)"
"Approach","দৃষ্টিভঙ্গি / কর্মপদ্ধতি / আগমন","Attitude, Method, Manner, Strategy, Advance","Departure, Retreat, Withdrawal, Avoidance","A way of dealing with situations or coming nearer to someone.","[Unit 10: Lesson 1]: Unit Ten: Lifestyle Lesson 1 Manners Around the World A.
[Unit 4: Lesson 3]: A polite and humble approach helps foreigners adapt to different international customs.","Unit 10: Lesson 1 (Manners Around the World)"
"Well-being","হিতাবস্থা / কল্যাণ / মঙ্গল","Welfare, betterment, prosperity, health","Ill-being, woe, misery, suffering","The state of being comfortable, healthy, or happy.","Unit Nine: Adolescence Lesson 1 Storms and Stresses of Adolescence A.","Unit 9: Lesson 1 (Storms and Stresses of Adolescence)"
"Interaction","মিথস্ক্রিয়া / পারস্পরিক যোগাযোগ","Communication, dialogue, contact, interplay, connection","Isolation, detachment, alienation, segregation","Reciprocal action or social communication between individuals.","There is also the lack of human interaction and emotional support that students receive when using AI-powered educational tools.","Unit 1: Lesson 2 (Education and Technology)"
"Moderate","পরিমিত / মধ্যম মাত্রার / সহনশীল","Temperate, reasonable, modest, intermediate, balanced","Extreme, excessive, drastic, radical","Average in amount, intensity, quality, or degree; not extreme.","He warned Icarus to fly at a moderate height—too close to the sea, and the wings would become heavy with moisture; too close to the sun, and the wax would melt.","Unit 3: Lesson 2 (Icarus)"
"Elementary","প্রাথমিক / বুনিয়াদি পর্যায় / মৌলিক স্তর","Basic, primary, foundational, rudimentary, introductory","Advanced, complex, sophisticated","Relating to the basic elements of a subject; primary.","Education shall be free, at least in the elementary and fundamental stages.","Unit 5: Lesson 3 (Rights to Health and Education)"
"Momentum","গতিশক্তি / তীব্র গতিবেগ ও উদ্যম","Impetus, drive, thrust, velocity, force","Inertia, stagnation, standstill","The quantity of motion of a moving body; impetus gained by movement.","the momentum was building up...","Unit 7: Lesson 1 (Brojen Das)"
"Togetherness","একাত্মতা / সৌহার্দ্যপূর্ণ ঐক্য ও ভ্রাতৃত্ববোধ","Solidarity, unity, camaraderie, fellowship, communion","Isolation, alienation, estrangement, discord","The state of being close to another person or other people; affection and closeness.","Here is a poem Angelou wrote about human relationship, more particularly, togetherness, without which our lives become meaningless, no matter how wealthy or well-connected we are.","Unit 11: Lesson 1 (Situations of Conflict)"
"Foster","লালন-পালন করা / প্রবৃদ্ধি ঘটানো","Nurture, cultivate, encourage, cherish","Neglect, suppress, destroy, stifle","Encourage or promote the development of something.","Relationships can also be fostered in workplaces, which may quickly change from professional to social.","Unit 8: Relationships: Family Relationship"
"Impelled","প্রণোদিত করা / বাধ্য করা","Driven, urged, propelled, motivated","Deterred, discouraged, restrained","Drive, force, or urge (someone) to do something.","He was suddenly impelled to speak.","Unit 8: Relationships: A Mother in Mannville"
"Politics","রাজনীতি","Governance, statecraft, civic affairs, political science","Apathy, lawlessness, anarchy","The activities associated with the governance of a country or area.","A cat can look out for itself, but I cannot think what will become of the others."" ""What politics have you?"" I asked.","Unit 11: Peace and Conflict: ""The Old Man at the Bridge"" by Ernest Hemingway"
"Awash","বিধৌত / রক্তে প্লাবিত বা রঞ্জিত","Flooded, covered, submerged, inundated, overflowing","Dried, barren, arid, drained","Covered or flooded with water or another liquid such as blood.","[Unit 4: Lesson 2]: The streets of Dhaka, Chattogram, Khulna, Rajshahi and Rangpur are awash with the blood of our brothers.
[Unit 4: Transformative Speeches: Three Speeches]: The streets of Dhaka, Chattogram, Khulna, Rajshahi and Rangpur are awash with the blood of our brothers.","Unit 4: Lesson 2 (Transformative Speeches)"
"Injustice","অবিচার / অন্যায় / অসঙ্গতি","Unfairness, inequity, wrong, grievance, oppression","Justice, fairness, righteousness, equity","Lack of fairness or justice; an unjust act or occurrence.","[Unit 4: Lesson 2]: A state sweltering with the heat of injustice will be transformed into an oasis of freedom and justice.
[Unit 4: Transformative Speeches: Three Speeches]: A state sweltering with the heat of injustice will be transformed into an oasis of freedom and justice.","Unit 4: Lesson 2 (Transformative Speeches)"
"Interposition","হস্তক্ষেপ / বাধা দেওয়া","Intervention, interference, mediation, intrusion","Non-intervention, withdrawal, disregard, neutrality","The action of interposing and interfering with federal authority or civil rights.","[Unit 4: Lesson 2]: With its governor having his lips dripping with the words of 'interposition' and 'nullification'.
[Unit 4: Transformative Speeches: Three Speeches]: With its governor having his lips dripping with the words of 'interposition' and 'nullification'.","Unit 4: Lesson 2 (Transformative Speeches)"
"Languish","নিস্তেজ হওয়া / কষ্টে ধুঁকা","Decay, deteriorate, wither, suffer, pine","Flourish, thrive, prosper, bloom","Grow weak or feeble; suffer from being forced to remain in an unpleasant place or situation.","[Unit 4: Lesson 2]: The Negro is still languishing in the corners of American society and finds himself an exile in his own land.
[Unit 4: Transformative Speeches: Three Speeches]: The Negro is still languishing in the corners of American society and finds himself an exile in his own land.","Unit 4: Lesson 2 (Transformative Speeches)"
"Oppression","নিপীড়ন / অত্যাচার / ভারাক্রান্ত অবস্থা","Persecution, tyranny, subjugation, cruelty, harassment","Freedom, liberation, justice, cheerfulness","Prolonged cruel or unjust treatment or exercise of authority.","[Unit 4: Lesson 2]: A state sweltering with the heat of oppression will be transformed into an oasis of freedom and justice.
[Unit 4: Transformative Speeches: Three Speeches]: A state sweltering with the heat of oppression will be transformed into an oasis of freedom and justice.
[Unit 4: Lesson 3]: A state sweltering with the heat of oppression will be transformed into an oasis of freedom and justice.","Unit 4: Lesson 2 (Transformative Speeches)"
"Resistance","প্রতিরোধ / বাধা দান","Opposition, defiance, counteraction, struggle","Surrender, submission, compliance, yielding","The refusal to accept or comply with something; the attempt to prevent something by action or argument.","[Unit 4: Lesson 2]: This campaign was based on the principles of passive resistance.
[Unit 4: Transformative Speeches: Three Speeches]: This campaign was based on the principles of passive resistance.
[Unit 4: Lesson 3]: This campaign was based on the principles of passive resistance.","Unit 4: Lesson 2 (Transformative Speeches)"
"Self-evident","স্বতঃসিদ্ধ / স্বতঃপ্রমাণ","Obvious, apparent, manifest, indisputable, clear","Unclear, questionable, obscure, doubtful","Not needing to be demonstrated or explained; obvious.","[Unit 4: Lesson 2]: We hold these truths to be self-evident; that all men are created equal.
[Unit 4: Transformative Speeches: Three Speeches]: We hold these truths to be self-evident; that all men are created equal.","Unit 4: Lesson 2 (Transformative Speeches)"
"Unforgettable","অবিস্মরণীয় / সহজে ভোলা যায় না এমন","Memorable, haunting, indelible, epoch-making","Forgettable, unremarkable, ordinary, transient","Impossible to forget; very memorable because of significance.","[Unit 4: Lesson 2]: The historic 7th March speech delivered by Bangabandhu is an unforgettable moment in the history of human freedom.
[Unit 4: Transformative Speeches: Three Speeches]: The historic 7th March speech delivered by Bangabandhu is an unforgettable moment in the history of human freedom.","Unit 4: Lesson 2 (Transformative Speeches)"
"Withdraw","প্রত্যাহার করা / বাতিল করা / ফিরিয়ে নেওয়া","Revoke, retract, cancel, recall, rescind","Impose, maintain, deposit, establish","Discontinue, cancel, or remove an order, rule, or military martial law.","[Unit 4: Lesson 2]: Although you have called the Assembly into session, you'll have to withdraw Martial Law.
[Unit 4: Transformative Speeches: Three Speeches]: Although you have called the Assembly into session, you'll have to withdraw Martial Law.","Unit 4: Lesson 2 (Transformative Speeches)"
"Acclaimed","নন্দিত / সর্বজনস্বীকৃত / প্রশংসিত","Celebrated, lauded, acclaimed, distinguished, praised","Disdained, neglected, condemned, ignored","Publicly praised and celebrated with high honor.","[Unit 2: Lesson 3]: Art is generally understood as an expression of human imagination and creative skills in a range of activities including painting, drawing, sculpture and architecture.
[Unit 2: Art and Craft: Art]: He became internationally acclaimed as a great painter of classic dimensions.","Unit 2: Lesson 3 (Art)"
"Wailed","বিলাপ করেছিল / কেঁদে উঠেছিল / হাহাকার করেছিল","Mourned, lamented, wept, cried out, sobbed","Rejoiced, celebrated, cheered","Made a prolonged high-pitched cry of pain, grief, or anger.","One day, arriving in Amara, Where gods held court, when she danced like a desolate wagtail, Bengal's rivers, fields, flowers, wailed like strings of bells on her feet.","Unit 3: Lesson 1 (Myths of Bengal)"
"Strike","ধর্মঘট / কর্মবিরতি","Walkout, protest, boycott, work stoppage","Compliance, return to work, submission","A refusal to work organized by a body of employees as a form of protest.","Instead of going to school, she made a large sign that read 'Skolstrejk för Klimatet' (SCHOOL STRIKE FOR CLIMATE), and calmly sat down outside the Swedish parliament.","Unit 12: Environment and Nature: The Greta Effect"
"Negligible","নগণ্য / তুচ্ছ / উপেক্ষণীয়","Insignificant, trivial, minor, slight, petty","Significant, substantial, important, remarkable","So small or unimportant as to be not worth considering.","replied the King, ""the din isn't negligible.""","Unit 1: Lesson 1 (The Parrot's Tale)"
"Enormous","প্রকাণ্ড / বিশালাকার / দানবাকৃতি","Huge, massive, gigantic, colossal, immense","Small, tiny, minute, miniature","Very large in size, quantity, or extent.","Lifestyle B.","Unit 10: Lesson 2 (Etiquette Netquette)"
"Liberty","স্বাধীনতা / স্বাধিকার","Freedom, autonomy, independence, emancipation","Captivity, bondage, imprisonment, slavery","The state of being free within society from oppressive restrictions.","Lifestyle B.","Unit 10: Lesson 2 (Etiquette Netquette)"
"Claim","দাবি করা / ঘোষণা দেওয়া / অভিমত প্রকাশ করা","Assert, Declare, State, Maintain, Profess","Deny, Disclaim, Renounce, Disavow","To state or assert that something is true or belongs to oneself.","We cannot claim ourselves civilized when we lack them.","Unit 10: Lesson 1 (Manners Around the World)"
"Critical","জটিল / সংকটপূর্ণ / গুরুত্বপূর্ণ","Troublesome, crucial, vital, decisive, pivotal","Uncritical, trivial, minor, insignificant","Having decisive importance in the success, failure, or development of something.","[Unit 9: Lesson 1]: This phase represents one Of the critical transitions in one's life span and is characterised by fast paced growth and change which are second only to those at infancy.
[Unit 11: Lesson 2]: Read the story below for a clear and critical understanding of what it is really about and then answer the questions that follow: An old man with steel rim spectacles and very dusty clothes sat by the side of the road.","Unit 9: Lesson 1 (Storms and Stresses of Adolescence)"
"Global","বিশ্বব্যাপী / সামগ্রিক","Worldwide, cosmopolitan, universal, international","Local, regional, provincial, isolated","Relating to or encompassing the whole world; worldwide.","Unit Nine: Adolescence Lesson 1 Storms and Stresses of Adolescence A.","Unit 9: Lesson 1 (Storms and Stresses of Adolescence)"
"Universal","সার্বজনীন / সর্বব্যাপী","Worldwide, general, all-inclusive, omnipresent","Particular, individual, local, specific","Applicable to, existing in, or characteristic of all people, places, or conditions.","[Unit 9: Lesson 1]: The biological determinants of adolescence are fairly universal: however.
[Unit 5: Lesson 3]: The following text has extracts from the Universal Declaration of Human Rights and is about health and education: Article 25: (1) Everyone has the right to a standard of living adequate for the health and well-being of oneself and of one's family, including food, clothing, housing and medical care and necessary social services, and the right to security in the event of unemployment, sickness, disability, widowhood, old age or other lack of livelihood in circumstances beyond his control.","Unit 9: Lesson 1 (Storms and Stresses of Adolescence)"
"Crucial","অত্যন্ত গুরুত্বপূর্ণ / নির্ণায়ক","Vital, critical, essential, pivotal, decisive","Trivial, minor, insignificant, optional","Decisive or critical, especially in the success or failure of something.","Edtech companies play a crucial role in advancing the use of AI in the classroom and ensuring that it is used ethically and responsibly.","Unit 1: Lesson 2 (Education and Technology)"
"Habitat","প্রাকৃতিক আবাসস্থল / প্রাণীর বেঁচে থাকার প্রাকৃতিক ক্ষেত্র","Natural home, territory, biotope, ecosystem, native environment","Captivity, artificial cage, unnatural enclosure","The natural home or environment of an animal, plant, or other organism.","8) The Asian small-clawed otter lives in riverine habitats, freshwater wetlands and mangrove swamps.","Unit 12: Lesson 3 (Endangered Species)"
"Overconsumption","অতিরিক্ত ভোগ / সম্পদের লাগামহীন অপব্যয়","Excessive consumption, squandering, depletion, resource gorging","Conservation, moderation, frugal stewardship","The action of consuming something in excessive amounts.","It recognizes that currently the negative impacts of ecological devastation, particularly the environmental harm and hazards created by overconsumption of resources in the global North and by elites worldwide, fall disproportionately on the world's poor, the vast majority of whom are people of color, especially women and children.","Unit 12: Lesson 4 (Environmental Justice)"
"Slavery","দাসপ্রথা / দাসত্ব","Bondage, enslavement, captivity, servitude","Freedom, liberation, emancipation","The state of being a slave; the practice of owning slaves.","[Unit 5: Human Rights: Are We Aware of These Rights-II?]: Read the declarations and core protections: - Article 4: No one shall be held in slavery or servitude; slavery and the slave trade shall be prohibited in all their forms.
[Unit 5: Lesson 2]: Read the declarations and core protections: - Article 4: No one shall be held in slavery or servitude; slavery and the slave trade shall be prohibited in all their forms.","Unit 5: Human Rights: Are We Aware of These Rights-II?"
"Prodigious","অতিবৃহৎ / বিপুল / অপূর্ব","Colossal, immense, enormous, mammoth, gigantic","Tiny, small, little, trivial, miniscule","Remarkably or impressively great in extent, size, or degree.","[Unit 4: Lesson 2]: So let freedom ring from the prodigious hilltops of New Hampshire.
[Unit 4: Transformative Speeches: Three Speeches]: So let freedom ring from the prodigious hilltops of New Hampshire.
[Unit 4: Lesson 3]: So let freedom ring from the prodigious hilltops of New Hampshire.","Unit 4: Lesson 2 (Transformative Speeches)"
"Evident","স্পষ্ট / স্পষ্টত দৃশ্যমান","Obvious, apparent, conspicuous, noticeable, distinct","Obscure, unclear, hidden, vague, indistinct","Plain or obvious to the eye or mind; readily visible.","[Unit 4: Lesson 3]: Nadera Begum was a shining example of the multigenerational feminism that was evident among the women.
[Unit 4: Great Women: Pioneers of Education & Science]: Nadera Begum was a shining example of the multigenerational feminism that was evident among the women.","Unit 4: Lesson 3 (Great Women)"
"Influential","প্রভাবশালী / ক্ষমতাবান","Powerful, dominant, leading, prominent, prestigious","Ineffectual, unimportant, powerless, obscure","Having great influence on someone or something.","[Unit 4: Lesson 3]: Time Magazine identified her as one of 100 most influential people in the world in 2005.
[Unit 4: Great Women: Pioneers of Education & Science]: Time Magazine identified her as one of 100 most influential people in the world in 2005.","Unit 4: Lesson 3 (Great Women)"
"Prestigious","মর্যাদাপূর্ণ / অতি সম্মানিত","Admired, esteemed, celebrated, distinguished, reputable","Insignificant, disreputable, obscure, dishonorable","Inspiring respect and admiration; having high status.","[Unit 4: Lesson 3]: Among the prestigious awards she received are the PEN Lay Writing Award, the Pope Gold Medal, and Ekushey Padak.
[Unit 4: Great Women: Pioneers of Education & Science]: Among the prestigious awards she received are the PEN Lay Writing Award, the Pope Gold Medal, and Ekushey Padak.","Unit 4: Lesson 3 (Great Women)"
"Progressive","প্রগতিশীল / সংস্কারবাদী","Forward-looking, dynamic, modern, reformist, advanced","Conservative, regressive, reactionary, backward","Happening or developing gradually or in stages; advocating for social reform.","[Unit 4: Lesson 3]: Leela Nag established the identity of the Department of English from the very beginning as a platform for progressive and liberal ideas.
[Unit 4: Great Women: Pioneers of Education & Science]: Leela Nag established the identity of the Department of English from the very beginning as a platform for progressive and liberal ideas.","Unit 4: Lesson 3 (Great Women)"
"Significance","তাৎপর্য / গুরুত্ব","Importance, impact, consequence, gravity, weight","Meaninglessness, insignificance, triviality","The quality of being worthy of attention; importance.","[Unit 4: Lesson 3]: Their marriage marked the start of a partnership that was soon to achieve results of world significance.
[Unit 4: Great Women: Pioneers of Education & Science]: Their marriage marked the start of a partnership that was soon to achieve results of world significance.","Unit 4: Lesson 3 (Great Women)"
"Stark","কঠোর / অনমনীয় / স্পষ্ট ও চরম বাস্তবসম্মত","Unambiguous, stiff, blatant, glaring, grim, harsh","Gentle, mild, vague, ambiguous","Severe, grim, or bare in appearance or outline; harshly plain.","[Unit 4: Lesson 3]: Amin exposes the brutality of the 1971 Liberation War through stark images in her poems.
[Unit 4: Great Women: Pioneers of Education & Science]: Amin exposes the brutality of the 1971 Liberation War through stark images in her poems.","Unit 4: Lesson 3 (Great Women)"
"Sustainable","টেকসই / টেকসই ব্যবস্থাপনাযুক্ত","Maintainable, supportable, viable, enduring, ecological","Unsustainable, exhaustible, depleting","Able to be maintained at a certain rate or level without exhausting natural resources.","[Unit 4: Lesson 3]: The overall aim has been to create public awareness of the need to protect the environment through tree planting and sustainable management.
[Unit 4: Great Women: Pioneers of Education & Science]: The overall aim has been to create public awareness of the need to protect the environment through tree planting and sustainable management.","Unit 4: Lesson 3 (Great Women)"
"Worldwide","বিশ্বব্যাপী / সারা বিশ্বজুড়ে","Universal, global, international, planetary","Local, regional, limited, parochial","Extending or reaching throughout the world.","[Unit 4: Lesson 3]: Her legacy continues in many projects worldwide, such as in 'Plant for the Planet: The Billion Tree Campaign'.
[Unit 4: Great Women: Pioneers of Education & Science]: Her legacy continues in many projects worldwide, such as in 'Plant for the Planet: The Billion Tree Campaign'.
[Unit 12: Lesson 4]: It recognizes that currently the negative impacts of ecological devastation, particularly the environmental harm and hazards created by overconsumption of resources in the global North and by elites worldwide, fall disproportionately on the world's poor, the vast majority of whom are people of color, especially women and children.","Unit 4: Lesson 3 (Great Women)"
"Evoke","জাগিয়ে তোলা / স্মরণ করানো / অনুভূতি সৃষ্টি করা","Kindle, elicit, awaken, invoke, stimulate","Suppress, stifle, quench, extinguish","To bring or recall a feeling, memory, or image to the conscious mind.","The aim of art is to evoke feelings and emotions that are considered aesthetic—that is, concerned with beauty—but art also can be a form of social commentary...","Unit 2: Lesson 3 (Art)"
"Racial","জাতিগত / বর্ণভিত্তিক ও জাতিবৈষম্যমূলক","Ethnic, racialist, ancestral, lineage-based","Universal, non-racial, colorblind","Relating to the major groupings into which humankind is divided on the basis of physical traits.","[Unit 11: Lesson 1]: Angelou's experience of racial discrimination in her childhood and her involvement in civil rights movement in the 1960s made her a committed campaigner for human rights, social justice and peace.
[Unit 5: Lesson 3]: It shall promote understanding, tolerance and friendship among all nations, racial or religious groups, and shall further the activities of the United Nations for the maintenance of peace.","Unit 11: Lesson 1 (Situations of Conflict)"
"Ethnic","জাতিগত / নৃগোষ্ঠীগত","Indigenous, racial, cultural, traditional, tribal","Alien, foreign, cosmopolitan","Relating to a population subgroup with a common national or cultural tradition.","[Unit 5: Lesson 1]: Warm up activity: Pick up the day's newspaper/s and find out stories about violation of human rights (rights of children, women, the disadvantaged, ethnic minorities etc.
[Unit 5: Human Rights: Declarations of Human Rights]: Find out stories about violation of human rights regarding rights of children, women, the disadvantaged, and ethnic minorities.","Unit 5: Lesson 1 (Are We Aware of These Rights-I?)"
"Risk","ঝুঁকি / বিপদের সম্ভাবনা","Hazard, danger, peril, jeopardy","Safety, security, protection","A situation involving exposure to danger, injury, or loss.","Unit Nine: Adolescence Lesson 1 Storms and Stresses of Adolescence A.","Unit 9: Lesson 1 (Storms and Stresses of Adolescence)"
"Threat","হুমকি / ভীতি / বিপদের লক্ষণ","Danger, menace, hazard, risk, warning","Protection, safety, blessing, reassurance","A person or thing likely to cause damage, job loss, or danger.","Let us explore the pros and cons of AI as a tool in the classroom, address the concern that AI could be a threat to teachers' and instructors' jobs and discuss the role of edtech companies in advancing this AI use case.","Unit 1: Lesson 2 (Education and Technology)"
"Excerpt","উদ্ধৃতাংশ / অংশবিশেষ","Extract, passage, selection, snippet","Entire text, complete volume, whole","A short extract from a text, film, piece of music, or speech.","[Unit 1: Education and Life: Children in School]: a) b) c) What is the excerpt about?
[Unit 5: Lesson 4]: In this lesson, we will read an excerpt from the speech of Lord Ashley which he delivered in 1842.","Unit 1: Education and Life: Children in School"
"Harassment","হয়রানি / মানসিক নিপীড়ন","Intimidation, persecution, victimization, bullying","Protection, comfort, encouragement, support","Aggressive pressure or intimidation.","This is an excerpt from the desk review titled 'Sexual Harassment in Public Spaces in Bangladesh' which was issued by Share-Net Bangladesh secretariat.","Unit 9: Adolescence: Say 'No' to Bullying"
"Thrust","জোরপূর্বক ঢোকানো / ঠেলা দেওয়া / ধাক্কা দেওয়া","Shove, push, force, drive, plunge","Withdraw, extract, pull back, retract","To push someone or something suddenly or violently in a specified direction.","Only reams of texts were being torn and the pieces of paper thrust into the bird's mouth with the point of a quill.","Unit 1: Lesson 1 (The Parrot's Tale)"
"Security","নিরাপত্তা / সুরক্ষা","Safety, protection, safeguard, shield","Danger, vulnerability, insecurity, peril","The state of being free from danger or threat.","AI-powered educational tools may collect and store sensitive personal data, which raises concerns about privacy and security.","Unit 1: Education and Life: Education and Technology"
"Extract","উদ্ধৃতি / প্রামাণ্য পাঠ্য থেকে নেওয়া অংশ","Quotation, excerpt, citation, passage, selection","Whole, entirety, totality","A short passage taken from a book, speech, piece of music, or document.","[Unit 5: Lesson 3]: The following text has extracts from the Universal Declaration of Human Rights and is about health and education: Article 25: (1) Everyone has the right to a standard of living adequate for the health and well-being of oneself and of one's family, including food, clothing, housing and medical care and necessary social services, and the right to security in the event of unemployment, sickness, disability, widowhood, old age or other lack of livelihood in circumstances beyond his control.
[Unit 5: Human Rights: Health and Education]: The following text has extracts from the Universal Declaration of Human Rights and is about health and education.","Unit 5: Lesson 3 (Rights to Health and Education)"
"Suffering","দুর্ভোগ / যন্ত্রণা","Hardship, anguish, torment, distress","Comfort, ease, delight, pleasure","The state of undergoing pain, distress, or hardship.","[Unit 3: Myths and Literature: Icarus]: Vocabulary definitions and critical inquiry on human suffering and existential indifference in Pieter Brueghel's painting and William Carlos Williams' poetry.
[Unit 5: Lesson 5]: Death soon ended what little we could have while she lived, and with it her hardships and suffering.","Unit 3: Myths and Literature: Icarus"
"Range","পরিসর / ব্যাপ্তি","Extent, scope, variety, spectrum, reach","Limitation, narrowness","The area of variation between upper and lower limits on a particular scale.","health services and their workplaces to learn a wide range of skills that can help them to cope with the pressures they face and make a successful transition from childhood to adulthood.","Unit 9: Lesson 1 (Storms and Stresses of Adolescence)"
"Distressing","মর্মান্তিক / উদ্বেগজনক / কষ্টদায়ক","Heartbreaking, agonizing, upsetting, painful, harrowing","Comforting, soothing, reassuring, pleasant","Causing anxiety, sorrow, or deep mental pain.","Education and Life 27 D.","Unit 1: Lesson 4 (Civic Engagement)"
"Fearsome","ভীতিপ্রদ / ভয়ংকর / ত্রাস সৃষ্টিকারী","Formidable, dreadful, terrifying, menacing, frightening","Harmless, inviting, soothing, comforting","Frightening, especially in appearance to an extreme degree.","On the island of Crete, the fearsome Minotaur, a creature that was half-man and half-bull, terrorized the inhabitants.","Unit 3: Lesson 2 (Icarus)"
"Harrowing","চরম দুর্দশাপূর্ণ, মর্মভেদী","Calamitous, distressing","Pleasant, quiet","Acutely distressing or painful; agonizing.","Coleridge's poem, a ballad, narrates the harrowing sea-voyage of an old mariner who at one point of his journey didn't have any water to drink because of a curse.","Unit 12: Lesson 1 (Water Everywhere)"
"Deprivation","বিকাশ বাধা / বঞ্চনা","Privation, absence","","The damaging lack of material benefits and basic necessities considered to be basic necessities.","I can't not see the deprivation in every house, the fear and the sickness.","Unit 11: Lesson 3 (Stories From Gaza)"
"Jangling","কর্কশ / শ্রুতিকটু / খটখট শব্দময়","Harsh, grating, discordant, clashing, strident","Harmonious, melodious, soothing, musical","Making or causing to make a harsh, unpleasantly discordant ringing metallic sound.","[Unit 4: Lesson 2]: With this faith we will be able to transform the jangling discords of our nation into a beautiful symphony of brotherhood.
[Unit 4: Transformative Speeches: Three Speeches]: With this faith we will be able to transform the jangling discords of our nation into a beautiful symphony of brotherhood.","Unit 4: Lesson 2 (Transformative Speeches)"
"Prosperity","সমৃদ্ধি / প্রাচুর্য / আর্থিক স্বচ্ছলতা","Wealth, success, affluence, well-being, fortune","Poverty, hardship, failure, adversity","The state of flourishing, thriving, good fortune and successful social status.","[Unit 4: Lesson 2]: The Negro lives on a lonely island of poverty in the midst of a vast ocean of material prosperity.
[Unit 4: Transformative Speeches: Three Speeches]: The Negro lives on a lonely island of poverty in the midst of a vast ocean of material prosperity.","Unit 4: Lesson 2 (Transformative Speeches)"
"Sore","যন্ত্রণাদায়ক / কষ্টকর / ব্যথাতুর","Aching, painful, tender, agonizing, agonizingly difficult","Comfortable, painless, soothing, easy","Causing great physical pain, anguish, or suffering.","[Unit 5: Lesson 4]: ] Isabella Read, Age: 12 years: ""I am wrought with sister and brother; it is very sore work; cannot say how many rakes or journeys I make from pit's bottom to wall face and back, it may be about 30 or 25 on average; the distance varies from 100 to 250 fathom (1 fathom = 1.
[Unit 5: Human Rights: Coal Miners]: I am wrought with sister and brother; it is very sore work.","Unit 5: Lesson 4 (Coal Miners)"
"Extent","ব্যাপ্তি / মাত্রা / পরিধি","Scope, range, degree, scale, magnitude","Narrowness, limitation","The area covered by something or the degree to which something extends.","[Unit 5: Lesson 5]: Never having enjoyed, to any considerable extent, her soothing presence, her tender and watchful care, I received the tidings of her death with much the same emotions I should have probably felt at the death of a stranger.
[Unit 5: Human Rights: Frederick Douglass]: Never having enjoyed, to any considerable extent, her soothing presence, her tender and watchful care.","Unit 5: Lesson 5 (Frederick Douglass)"
"Watchful","সতর্ক / সদা জাগ্রত","Vigilant, observant, alert, attentive, heedful","Careless, unaware, negligent, inattentive","Watching or observing someone or something closely; alert and vigilant.","[Unit 5: Lesson 5]: Never having enjoyed, to any considerable extent, her soothing presence, her tender and watchful care, I received the tidings of her death with much the same emotions I should have probably felt at the death of a stranger.
[Unit 5: Human Rights: Frederick Douglass]: Never having enjoyed, to any considerable extent, her soothing presence, her tender and watchful care.","Unit 5: Lesson 5 (Frederick Douglass)"
"Devotion","ভক্তি / নিষ্ঠা / আত্মনিবেদন / অনুরাগ","Dedication, loyalty, piety, faithfulness, commitment","Disloyalty, apathy, indifference, rebellion","Love, loyalty, or enthusiasm for a person, belief, or religious path.","[Unit 2: Lesson 2]: Folk music consists of songs and music of a community that are not influenced by any sophisticated musical rules or any standard musical styles.
[Unit 2: Art and Craft: Folk Music]: So Lalon returned to Siraj Sain and took up a life of devotion and asceticism under his guidance.","Unit 2: Lesson 2 (Folk Music)"
"Empowerment","ক্ষমতায়ন / স্বনির্ভরতা ও মর্যাদার শক্তি","Elevation, enfranchisement, independence, strengthening","Subjugation, disempowerment, disenfranchisement","The process of becoming stronger and more confident, especially in controlling one's life and claiming one's rights.","[Unit 9: Lesson 4]: Like many other South Asian countries, in Bangladesh, the gravity of sexual harassment in public spaces has been diluted and almost 'normalised' through calling it 'eve-teasing'.
[Unit 9: Adolescence: Adolescence and Some]: Comprehensive analysis, evaluation of Khona's proverbs in rural agriculture, and their enduring relevance in understanding climate dynamics and peasant empowerment.
[Unit 4: Lesson 3]: Comprehensive analysis, evaluation of Khona's proverbs in rural agriculture, and their enduring relevance in understanding climate dynamics and peasant empowerment.","Unit 9: Lesson 4 (Story of Shilpi)"
"Inspire","অনুপ্রাণিত করা / উদ্দীপনা জাগানো","Motivate, stimulate, encourage, animate","Discourage, dishearten, deter, repress","Fill someone with the urge or ability to do or feel something, especially to do something creative.","His watercolors, scroll paintings and drawings inspire our artists even today.","Unit 2: Art and Craft: Art"
"Percussion","ঘাতবাদ্য / বাদ্যযন্ত্রের আঘাতধ্বনি","Drumming, beat, percussion instrument","Silence, hush, quietness, stillness","Musical instruments played by striking with the hand or a beater.","At once the musicians at the gate struck up on their many wind and percussion instruments.","Unit 1: Lesson 1 (The Parrot's Tale)"
"Blow","বাজানো / ভেঁপু বাজানো","Honk, sound, blast, blare, toot","Mute, silence, quiet","To sound a horn, whistle, or instrument loudly.","Lifestyle B.","Unit 10: Lesson 2 (Etiquette Netquette)"
"Honk","মোটরগাড়ির ভেঁপু বাজানো","Hoot, blow, blare, toot","Silence, quietness, mute","To emit or cause a car horn to emit a loud sound.","Lifestyle B.","Unit 10: Lesson 2 (Etiquette Netquette)"
"Trouble","কষ্ট দেওয়া / বিরক্ত করা / উদ্বিগ্ন করা","Bother, Disturb, Annoy, Afflict, Distress","Comfort, Soothe, Calm, Assist, Reassure","To cause distress, discomfort, pain, or inconvenience to someone.","Lifestyle B.","Unit 10: Lesson 2 (Etiquette Netquette)"
"Disgusted","নিদারুণ বিরক্ত / বিতৃষ্ণ / অসন্তুষ্ট","Repelled, Revolted, Sickened, Appalled, Offended","Delighted, Pleased, Gratified, Charmed","Feeling or showing strong disapproval, revulsion, or intense annoyance.","Unit Ten: Lifestyle Lesson 1 Manners Around the World A.","Unit 10: Lesson 1 (Manners Around the World)"
"Refuse","প্রত্যাখ্যান করা / অসম্মত হওয়া / নাকচ করা","Decline, Reject, Turn down, Spurn, Deny","Accept, Agree, Receive, Consent","To indicate or show that one is not willing to do or accept something.","Politely refusing a gift before accepting it is the norm in Chinese culture, so don't be discouraged when initially someone refuses your gift.","Unit 10: Lesson 1 (Manners Around the World)"
"Communication","যোগাযোগ / ভাববিনিময়","Interaction, contact, dialogue, interchange","Isolation, disconnect, silence","The imparting or exchanging of information by speaking, writing, or using digital media.","Unit Nine: Adolescence Lesson 1 Storms and Stresses of Adolescence A.","Unit 9: Lesson 1 (Storms and Stresses of Adolescence)"
"Alternative","বিকল্প","Substitute, optional, alternate, substitute","Compulsory, mandatory, sole, fixed","Available as another possibility or choice.","Edtech companies should work to make AI technology accessible to a broader range of schools and teachers and explore alternative funding options, such as grants or partnerships, to help offset the costs.","Unit 1: Lesson 2 (Education and Technology)"
"Absent-minded","অন্যমনস্ক / আনমনা / ভাবুক স্বভাবের","Inattentive, distracted, preoccupied, oblivious, daydreaming","Attentive, alert, focused, mindful, observant","Having or showing a habitually forgetful or inattentive disposition.","Education and Life 15 The two ""gateposts"" were clearly trees with roots.","Unit 1: Lesson 3 (Children in School)"
"Mellowed","কোমল বা পরিপক্ব হওয়া / স্নিগ্ধ রূপ ধারণ করা","Softened, ripened, subdued, harmonized","Harsh, aggravated, worsened, toughened","Made pleasantly smooth, soft, or tender in quality.","She walks in beauty, like the night Of cloudless climes and starry skies; And all that's best of dark and bright Meet in her aspect and her eyes; Thus mellowed to that tender light Which heaven to gaudy day denies.","Unit 2: Lesson 1 (What is Beauty?)"
"Commentary","ভাষ্য / পর্যালোচনা / সামাজিক সমালোচনা","Critique, evaluation, analysis, interpretation, review","Silence, disregard, omission","An expression of opinions or an explanation about an event or situation.","The aim of art is to evoke feelings and emotions that are considered aesthetic—that is, concerned with beauty—but art also can be a form of social commentary...","Unit 2: Lesson 3 (Art)"
"Prosperous","সমৃদ্ধ / বর্ধিষ্ণু / সম্পদশালী","Thriving, affluent, flourishing, opulent, wealthy","Impoverished, destitute, declining, bankrupt","Successful in material terms; flourishing financially.","While art is considered intuitive and visionary, craft is seen to be a practical application of certain skills for producing objects of everyday use that are often beautiful to look at, such as pottery, metal and wood work, cane and bamboo items, jewelry, musical instruments like ektara, dhol or flute and textile items...","Unit 2: Lesson 4 (Craft)"
"Onrush","প্রবল স্রোত / পাহাড়ি ঢল / আকস্মিক প্লাবন","Surge, flood, deluge, influx, onslaught, torrent","Retreat, ebb, receding, stagnation","A sudden forceful rush or flow forward, as of floodwaters.","All the rivers and water bodies there had overflowed their banks because of the onrush of flood water from the hills beyond our border.","Unit 1: Lesson 4 (Civic Engagement)"
"Hush","নিস্তব্ধতা / গভীর নীরবতা / স্তব্ধতা","Silence, stillness, quietude, tranquility, calm","Noise, clamor, uproar, din","A period of profound silence, quiet, or stillness.","I look around me and discover a leafy dome—Jaam, Kanthal, Bat, Hijol and Aswatha trees all in a hush, Shadowing clumps of cactus and zedoary bushes.","Unit 3: Lesson 1 (Myths of Bengal)"
"Desolate","বিমর্ষ / সঙ্গীহীন / নিঃসঙ্গ / নিরাশ","Forlorn, solitary, lonely, grieving, bleak","Joyful, companionable, cheerful, flourishing","Feeling or showing misery, unhappiness, or loneliness.","One day, arriving in Amara, Where gods held court, when she danced like a desolate wagtail, Bengal's rivers, fields, flowers, wailed like strings of bells on her feet.","Unit 3: Lesson 1 (Myths of Bengal)"
"Ascended","উপরে উঠল / আরোহণ করল / ঊর্ধ্বগমন করল","Soared, climbed, rose, elevated, mounted","Descended, plummeted, dropped, fallen","Went up or climbed; rose move up through the air.","As he ascended, the sun's heat melted the wax binding his wings.","Unit 3: Lesson 2 (Icarus)"
"Legends","কিংবদন্তি / ঐতিহ্যবাহী ঐতিহাসিক লোকগাথা","Myths, folk tales, folklore, sagas, epics","Verified facts, scientific data","Traditional stories sometimes regarded as historical but unauthenticated.","According to some myths and legends, Gazi Pir was a Muslim saint who is said to have spread Islam in the parts of Bengal close to the Sunderbans.","Unit 3: Lesson 3 (The Legend of Gazi)"
"Hinder","বাধা দেওয়া / বিঘ্ন সৃষ্টি করা / আটকে রাখা","Obstruct, impede, hamper, thwart, prevent","Encourage, facilitate, assist, foster","Create difficulties for someone or something, resulting in delay or obstruction.","For what this separation is done, I do not know, unless it be to hinder the development of the child's affection toward its mother, and to blunt and destroy the natural affection of the mother for the child.","Unit 5: Lesson 5 (Frederick Douglass)"
"Vivid","সুস্পষ্ট / উজ্জ্বল / প্রাণবন্ত ও সতেজ","Clear, graphic, striking, brilliant, detailed","Vague, dull, indistinct, blurry","Producing powerful feelings or strong, clear images in the mind.","Unit Six: Dreams Lesson 1 What is a Dream?","Unit 6: Lesson 1 (What is a Dream?)"
"Barren","অনুর্বর / বন্ধ্যা / শস্যহীন শুষ্ক প্রান্তর","Infertile, sterile, desolate, arid, unproductive","Fertile, productive, fruitful, flourishing","Too poor to produce much or any vegetation; bleak and lifeless.","Dreams Lesson 2 Dreams in Literature Introduction: 109 William Wordsworth (1770-1850).","Unit 6: Lesson 2 (Dreams in Literature)"
"Subdue","বশীভূত বা জয় করা / দমন করা","Conquer, overcome, tame, defeat, master","Yield to, submit, succumb, surrender","Overcome, quieten, or bring under control.","Apart from stamina and practice of long distance swimming, one must have the grit, determination and courage to subdue the Channel.","Unit 7: Lesson 1 (Brojen Das)"
"Endangered","বিলুপ্তির ঝুঁকিতে থাকা / মারাত্মকভাবে বিপন্ন","Threatened, imperiled, vulnerable, at-risk, dying out","Abundant, thriving, flourishing, safe","Seriously at risk of extinction.","Look at these photographs of some animals in Bangladesh which are either critically endangered or endangered.","Unit 12: Lesson 3 (Endangered Species)"
"Snuff","বিলুপ্ত করা / নির্বাপিত করা","Extinguish, quench, stifle, put out","Ignite, kindle, spark, illuminate","Extinguish a flame or end something abruptly.","He took a pinch of snuff and declared, ""This isn't a matter of just a few texts."" One of the royal nephews sent for scribes.","Unit 1: Education and Life: The Parrot's Tale"
"Conquered","বিজয়ী হওয়া / জয় করা","Vanquished, mastered, overcome, subdued","Surrendered, submitted, yielded, failed","Successfully overcome or mastered.","One of the historical landmarks of Sonargaon is the ancient city of Panam (also known as Painam) or Panam Nagar, which was developed to the south of the old city to provide residential quarters to the governors after the Moghuls conquered Sonargaon in 1611.","Unit 2: Art and Craft: Craft"
"Duties","দায়িত্ব ও কর্তব্য","Obligations, responsibilities, tasks, charges","Privileges, rights, exemptions","Moral or legal obligations; responsibilities.","Now, he can look back on his childhood and appreciate the way his father was carrying out his duties and responsibilities.","Unit 8: Relationships: Warmth in Relationships"
"Moan","বিলাপ","Cry, lamentation","Laugh","A long, low sound expressing physical or mental pain or grief.","[Unit 11: Peace and Conflict: Situations of Conflict]: The race of man is suffering and I can hear the moan.
[Unit 11: Lesson 1]: Now if you listen closely I'll tell you what I know Storm clouds are gathering The wind is gonna blow The race of man is suffering And I can hear the moan.","Unit 11: Lesson 1 (Situations of Conflict)"
"Unquiet","অশান্ত / অস্থির","Restless, turbulent, agitated, troubled","Peaceful, serene, tranquil, quiet","Unable to be still; agitated or anxious.","[Unit 5: Human Rights: Frederick Douglass]: restless spirit - an unquiet nature yearning for truth and liberation viii.
[Unit 11: Lesson 2]: There is no need to be unquiet about the cat.","Unit 5: Human Rights: Frederick Douglass"
"Assignment","নির্ধারিত দায়িত্ব বা কাজ","Task, mission, project, duty","Idleness, discharge, vacancy","A task or piece of work assigned to someone as part of a job or course of study.","It can grade assignments and quizzes, which can free up teachers' time for other tasks, such as lesson planning and providing more one-on-one attention to students.","Unit 1: Education and Life: Education and Technology"
"Survive","বেঁচে থাকা, টিকে থাকা","Live, endure","Die","Continue to live or exist, especially in spite of danger or hardship.","[Unit 12: Environment and Nature: Water, Water Everywhere...]: We know we cannot survive without clean drinking water.
[Unit 4: Lesson 3]: We know we cannot survive without clean drinking water.
[Unit 12: Lesson 1]: We know we cannot survive without it.","Unit 12: Lesson 1 (Water Everywhere)"
"Bounty","পুরস্কার / অনুদান / বদান্যতা","Reward, prize, grant, bonus","Penalty, fine, punishment","A reward, prize, or monetary grant given by authority for an effort or service.","[Unit 1: Lesson 1]: Those who haven't got a share of the royal bounty are resorting to slander.""
[Unit 12: Lesson 1]: The city paid back the bounty of the river by sucking life out of it!","Unit 1: Lesson 1 (The Parrot's Tale)"
"Deliberate","গভীরভাবে চিন্তা করা / বিবেচনা করা","Contemplate, ponder, reflect, meditate","Disregard, overlook, ignore","To engage in long and careful consideration or discussion.","The learned men of the court deliberated long.","Unit 1: Lesson 1 (The Parrot's Tale)"
"Downfall","অধঃপতন / পতন / সর্বনাশ","Ruin, collapse, degradation, descent","Rise, ascent, triumph, elevation","A loss of power, prosperity, health, or status; ruin.","Once upon a time there lived a bird.","Unit 1: Lesson 1 (The Parrot's Tale)"
"Humorous","হাস্যরসাত্মক / হাস্যরসপূর্ণ / রসাত্মক","Amusing, comical, funny, witty, hilarious","Serious, grave, somber, solemn","Causing lighthearted laughter and amusement; comical.","Once upon a time there lived a bird.","Unit 1: Lesson 1 (The Parrot's Tale)"
"Innate","সহজাত / স্বভাবজাত / জন্মগত","Inborn, inherent, natural, instinctive","Acquired, learned, extrinsic, artificial","Inborn; natural; present from birth rather than acquired.","Still, out of innate bad habit it would look out at the morning light and flutter its wings in a reprehensible manner.","Unit 1: Lesson 1 (The Parrot's Tale)"
"Startled","চমকিত / আঁতকে ওঠা / শঙ্কিত","Shocked, alarmed, surprised, astonished","Calm, undisturbed, composed, assured","Feeling sudden shock or alarm caused by an unexpected occurrence.","The King was startled.","Unit 1: Lesson 1 (The Parrot's Tale)"
"Screech","কর্কশ চিৎকার করা / তীক্ষ্ণ চিৎকার দেওয়া","Shriek, squawk, scream, squeal","Whisper, murmur, hush","To make a loud, harsh, piercing cry or sound.","""Does it screech if it isn't fed?""","Unit 1: Lesson 1 (The Parrot's Tale)"
"Etiquette","শিষ্টাচার / সামাজিক আদব-কায়দা / আচরণবিধি","Protocol, manners, decorum, propriety, politeness","Impoliteness, rudeness, indecency, discourtesy","The customary code of polite behavior in society or among members of a particular profession or group.","Make a presentation on Bangladeshi etiquette of dining, exchanging gifts, and greetings.","Unit 10: Lesson 1 (Manners Around the World)"
"Discouraged","নিরুৎসাহিত / হতোদ্যম / মনোবল হারানো","Disheartened, Demoralized, Despondent, Depressed","Encouraged, Motivated, Inspired, Hopeful","Having lost confidence or enthusiasm; disheartened.","Politely refusing a gift before accepting it is the norm in Chinese culture, so don't be discouraged when initially someone refuses your gift.","Unit 10: Lesson 1 (Manners Around the World)"
"Casual","অনানুষ্ঠানিক / সাদামাটা / সাধারণ পোশাক বা আচরণ","Informal, Relaxed, Nonchalant, Easygoing, Everyday","Formal, Ceremonious, Strict, Stiff","Relaxed and unconcerned; not formal.","Unit Ten: Lifestyle Lesson 1 Manners Around the World A.","Unit 10: Lesson 1 (Manners Around the World)"
"Hostess","গৃহকর্ত্রী / মেজবান নারী / নিমন্ত্রণকর্ত্রী","Welcomer, Entertainer, Lady host, Host","Guest, Visitor, Invitee","A woman who receives or entertains guests socially or commercially.","And sometimes it's good to take a cue from the host or hostess.","Unit 10: Lesson 1 (Manners Around the World)"
"Gradually","ধীরে ধীরে / পর্যায়ক্রমে / ক্রমান্বয়ে","Slowly, Steadily, Step by step, Progressively, Incrementally","Suddenly, Abruptly, Rapidly, Instantly","In a gradual way; slowly; by degrees.","Greet the most senior first and gradually others.","Unit 10: Lesson 1 (Manners Around the World)"
"Leisurely","ধীরস্থির / আয়েশি / শান্ত ও নিরুদ্বেগ","Unhurried, Relaxed, Easygoing, Casual, Slow-paced","Hurried, Rushed, Hasty, Fast-paced","Acting or done at leisure; unhurried or relaxed.","Unit Ten: Lifestyle Lesson 1 Manners Around the World A.","Unit 10: Lesson 1 (Manners Around the World)"
"Customary","প্রথাগত / ঐতিহ্যবাহী / প্রচলিত রীতিনীতি অনুযায়ী","Traditional, Usual, Conventional, Habitual, Routine","Unusual, Unconventional, Rare, Strange","According to the customs or usual practices associated with a particular society.","Unit Ten: Lifestyle Lesson 1 Manners Around the World A.","Unit 10: Lesson 1 (Manners Around the World)"
"Informal","ঘরোয়া / অনানুষ্ঠানিক / সাদামাটা পরিবেশ","Casual, Relaxed, Unofficial, Familiar, Easy","Formal, Official, Ceremonial, Rigid","Having a relaxed, friendly, or unofficial style, manner, or nature.","Unit Ten: Lifestyle Lesson 1 Manners Around the World A.","Unit 10: Lesson 1 (Manners Around the World)"
"Gratitude","কৃতজ্ঞতা / ধন্যবাদবোধ / উপকারের স্বীকৃতি","Thankfulness, Appreciation, Gratefulness, Recognition","Ingratitude, Unthankfulness, Indifference","The quality of being thankful; readiness to show appreciation and return kindness.","Gift Gifts are given frequently to show love, gratitude and respect.","Unit 10: Lesson 1 (Manners Around the World)"
"Mutual","পারস্পরিক / উভয়ের মধ্যে বিদ্যমান","Reciprocal, Shared, Joint, Common, Bilateral","One-sided, Unilateral, Individual, Single","Held in common by two or more parties; shared.","Shaking hands (between men) is an important gesture of mutual respect.","Unit 10: Lesson 1 (Manners Around the World)"
"Receipt","প্রাপ্তি / কোনো কিছু পাওয়ার মুহূর্ত","Receiving, Reception, Acceptance, Acquisition","Dispatch, Sending, Delivery, Issuance","The action of receiving something or the fact of its being received.","Unit Ten: Lifestyle Lesson 1 Manners Around the World A.","Unit 10: Lesson 1 (Manners Around the World)"
"Count","বিবেচনা করা / হিসেবে ধরা","Include, consider, regard, reckon","Exclude, disregard, ignore, overlook","To take into account; consider or include.","Lifestyle B.","Unit 10: Lesson 2 (Etiquette Netquette)"
"Extravagant","অতিরিক্ত / অপব্যয়ী / বাড়াবাড়ি","Wasteful, excessive, immoderate, lavish","Reasonable, moderate, frugal, economical","Lacking restraint in spending money or using resources; excessive.","Lifestyle B.","Unit 10: Lesson 2 (Etiquette Netquette)"
"Gratefulness","কৃতজ্ঞতা / ধন্যবাদ জ্ঞাপন","Thankfulness, appreciation, gratitude, acknowledgement","Ingratitude, unthankfulness, thanklessness","The feeling or quality of being grateful; appreciation.","Lifestyle B.","Unit 10: Lesson 2 (Etiquette Netquette)"
"Mission","বিশেষকার্য / সুনির্দিষ্ট লক্ষ্য","Aim, purpose, goal, assignment, objective","Aimlessness, purposelessness","An important assignment given to a person or group.","hc mission ru that polite benefits from hig em,rté.","Unit 10: Lesson 2 (Etiquette Netquette)"
"Satisfaction","পরিতৃপ্তি / সন্তুষ্টি","Contentment, pleasure, fulfillment, gratification","Discontent, dissatisfaction, displeasure, disappointment","Fulfillment of one's wishes, expectations, or needs.","Lifestyle B.","Unit 10: Lesson 2 (Etiquette Netquette)"
"Terribly","অত্যন্ত / ভীষণভাবে / প্রচণ্ডভাবে","Extremely, Exceedingly, Immensely, Very, Awfully","Slightly, Barely, Mildly, Moderately","Very much; extremely; to an intense degree.","Lifestyle B.","Unit 10: Lesson 2 (Etiquette Netquette)"
"Toil","কঠোর পরিশ্রম / অক্লান্ত খাটুনি","Labour, Hard work, Exertion, Drudgery, Struggle","Idleness, Leisure, Laziness, Rest, Relaxation","Extremely hard, exhausting, and continuous physical or mental effort.","Lifestyle B.","Unit 10: Lesson 2 (Etiquette Netquette)"
"Bother","বিরক্ত করা / কষ্ট দেওয়া / ব্যতিব্যস্ত করা","Trouble, Disturb, Annoy, Irritate, Pester","Comfort, Please, Soothe, Reassure","To take the trouble to do something or cause annoyance to someone.","Again, maybe the hiring manager doesn't care if you have bad table manners, but they may worry that your potential clients Will be bothered that you eat like an absent-minded caveman.","Unit 10: Lesson 1 (Manners Around the World)"
"Chew","চিবানো / চর্বণ করা","Masticate, Munch, Crunch, Grind","Swallow whole, Gulp, Swallow","To bite and grind food in the mouth with the teeth.","Excusing yourself from the table Being part Of Lhe group Eating food you don 't like Requesting help Staning the meal Body-language Chewing and talking Today we're going to talk about some simple guidelines that will help keep your table manners on-point throughout an entire meal.","Unit 10: Lesson 1 (Manners Around the World)"
"Civilized","সভ্য / মার্জিত / সুসংস্কৃত","Refined, Cultured, Enlightened, Polite, Courteous","Barbaric, Savage, Uncivilized, Primitive","Having an advanced culture, politeness, and refined social manners.","We cannot claim ourselves civilized when we lack them.","Unit 10: Lesson 1 (Manners Around the World)"
"Concerned","উদ্বিগ্ন / চিন্তিত / যত্নবান","Anxious, Worried, Caring, Attentive, Apprehensive","Unconcerned, Indifferent, Carefree, Apathetic","Feeling anxiety or showing thoughtful care about something.","Unit Ten: Lifestyle Lesson 1 Manners Around the World A.","Unit 10: Lesson 1 (Manners Around the World)"
"Conscientious","বিবেকবান / নিষ্ঠাবান / অত্যন্ত সতর্ক","Meticulous, Scrupulous, Diligent, Careful, Dedicated","Careless, Irresponsible, Negligent, Slack","Wishing to do what is right and taking immense care in one's actions.","Unit Ten: Lifestyle Lesson 1 Manners Around the World A.","Unit 10: Lesson 1 (Manners Around the World)"
"Considerate","সুবিবেচক / অন্যের প্রতি যত্নবান / সহানুভূতিশীল","Thoughtful, Mindful, Attentive, Kind, Caring","Inconsiderate, Thoughtless, Selfish, Unkind","Careful not to cause inconvenience or hurt to others.","Unit Ten: Lifestyle Lesson 1 Manners Around the World A.","Unit 10: Lesson 1 (Manners Around the World)"
"Insistent","নাছোড়বান্দা / অবিচল / দৃঢ়প্রতিজ্ঞ","Persistent, Adamant, Firm, Tenacious, Unyielding","Yielding, Flexible, Compliant, Undemanding","Insisting or demanding something firmly; not allowing refusal.","Unit Ten: Lifestyle Lesson 1 Manners Around the World A.","Unit 10: Lesson 1 (Manners Around the World)"
"Posture","দেহভঙ্গি / অঙ্গভঙ্গি / শারীরিক অবস্থান","Stance, Bearing, Pose, Position, Carriage","Slouching, Deformity","The position in which someone holds their body when standing or sitting.","Body language When you're sitting down, your posture should be upright and attentive.","Unit 10: Lesson 1 (Manners Around the World)"
"Potential","সম্ভাব্য / সুপ্ত / ভবিষ্যৎ সম্ভাবনাপূর্ণ","Possible, Prospective, Latent, Probable, Likely","Impossible, Improbable, Actual, Unlikely","Having or showing the capacity to develop into something in the future.","Again, maybe the hiring manager doesn't care if you have bad table manners, but they may worry that your potential clients Will be bothered that you eat like an absent-minded caveman.","Unit 10: Lesson 1 (Manners Around the World)"
"Puff up","ফুলে ওঠা / ফেঁপে ওঠা / স্ফীত হওয়া","Inflate, Swell, Expand, Bloat","Deflate, Shrink, Compress, Flatten","To swell or become larger and fuller.","Unit Ten: Lifestyle Lesson 1 Manners Around the World A.","Unit 10: Lesson 1 (Manners Around the World)"
"Refinement","মার্জিত রূপ / সুরুচি / শিষ্টাচার / পরিশুদ্ধতা","Sophistication, Elegance, Politeness, Cultivation, Polish","Vulgarity, Coarseness, Rudeness, Crudeness","The improvement or clarification of something with elegant taste and manner.","Unit Ten: Lifestyle Lesson 1 Manners Around the World A.","Unit 10: Lesson 1 (Manners Around the World)"
"Adult","প্রাপ্তবয়স্ক","Grown-up, mature person","Juvenile, child, minor, infant","A person who is fully grown or developed, legally aged 18 and over in our society.","Children must pass through several Stages in their lives IO become adults.","Unit 9: Lesson 1 (Storms and Stresses of Adolescence)"
"Arise","উদ্ভূত হওয়া / সৃষ্টি হওয়া","Emerge, occur, originate, crop up","Disappear, vanish, cease, end","To originate, emerge, or come into being as a noticeable issue or event.","Parents, members of tbe community, service providers, and social institutions have the responsibility to both promote adolescent development and adjustment and to intervene when problems arise.","Unit 9: Lesson 1 (Storms and Stresses of Adolescence)"
"Community","সম্প্রদায় / সমাজ","Society, fellowship, locality, public","Isolation, solitude, individual","A group of people living in the same place or having particular characteristics in common.","Parents, members of tbe community, service providers, and social institutions have the responsibility to both promote adolescent development and adjustment and to intervene when problems arise.","Unit 9: Lesson 1 (Storms and Stresses of Adolescence)"
"Considerable","উল্লেখযোগ্য / প্রচুর","Substantial, significant, sizable, noteworthy","Inconsiderable, trivial, insignificant","Notably large in size, amount, extent, or importance.","[Unit 9: Lesson 1]: Unit Nine: Adolescence Lesson 1 Storms and Stresses of Adolescence A.
[Unit 5: Lesson 5]: Frequently, before the child has reached its twelfth month, its mother is taken from it, and hired out on some farm a considerable distance off, and the child is placed under the care of an old woman, too old for field labor.","Unit 9: Lesson 1 (Storms and Stresses of Adolescence)"
"Determinant","নির্ধারক / নির্ণায়ক উপাদান","Factor, cause, driver, deciding element","Result, consequence, outcome","A factor or element that decisively determines the nature or outcome of something.","The biological determinants of adolescence are fairly universal: however.","Unit 9: Lesson 1 (Storms and Stresses of Adolescence)"
"Economic","অর্থনৈতিক","Financial, monetary, fiscal, commercial","Non-financial, social","Relating to the production, distribution, and consumption of goods, income, and resources.","But, for the most pari, most individuals have to go through these stages irrespective Of their economic or social status.","Unit 9: Lesson 1 (Storms and Stresses of Adolescence)"
"Infancy","শিশুকাল / শৈশব","Babyhood, nonage, early childhood, inception","Adulthood, maturity, senescence","The earliest period of childhood development, from birth to age two.","For most people, there are four or five such stages of growth where they learn certain things: infancy (birth to age 2), early childhood (3 to S years), later childhood (9 to 12 years) and adolescence (13 to 18 years).","Unit 9: Lesson 1 (Storms and Stresses of Adolescence)"
"Key","মূখ্য / প্রধান","Major, chief, crucial, primary, pivotal","Minor, secondary, trivial","Of crucial importance; serving as the fundamental or chief factor.","Unit Nine: Adolescence Lesson 1 Storms and Stresses of Adolescence A.","Unit 9: Lesson 1 (Storms and Stresses of Adolescence)"
"Lifespan","জীবনকাল / পরমায়ু","Lifetime, life expectancy, duration of life","Brevity, instant","The length of time for which a person, animal, or organism lives or functions.","Unit Nine: Adolescence Lesson 1 Storms and Stresses of Adolescence A.","Unit 9: Lesson 1 (Storms and Stresses of Adolescence)"
"Negative","নেতিবাচক / ক্ষতিকর","Unenthusiastic, adverse, detrimental, unfavorable","Positive, beneficial, constructive","Consisting in or characterized by the absence rather than the presence of distinguishing features; adverse or harmful.","Unit Nine: Adolescence Lesson 1 Storms and Stresses of Adolescence A.","Unit 9: Lesson 1 (Storms and Stresses of Adolescence)"
"Occur","ঘটা / সংঘটিত হওয়া","Take place, happen, transpire, arise","Stop, cease, vanish","To happen, come to pass, or take place naturally.","World Health Organisation (NAIO) identifies adolescence as the period in human growth and development that occurs after childhood and before adulthood.","Unit 9: Lesson 1 (Storms and Stresses of Adolescence)"
"Positive","ইতিবাচক / গঠনমূলক","Affirmative, constructive, beneficial, optimistic","Negative, adverse, pessimistic","Constructive, optimistic, or confident; having a good or beneficial effect.","Unit Nine: Adolescence Lesson 1 Storms and Stresses of Adolescence A.","Unit 9: Lesson 1 (Storms and Stresses of Adolescence)"
"Reproduction","বংশবৃদ্ধি বা প্রজনন-সংক্রান্ত","Regenerative, procreation, propagation, breeding","Extinction, sterilization","The biological process by which new individual organisms are produced by their parents.","Unit Nine: Adolescence Lesson 1 Storms and Stresses of Adolescence A.","Unit 9: Lesson 1 (Storms and Stresses of Adolescence)"
"Several","কয়েকটি / একাধিক","Some, multiple, various, diverse","None, zero, solitary","More than two but not many of something.","Children must pass through several Stages in their lives IO become adults.","Unit 9: Lesson 1 (Storms and Stresses of Adolescence)"
"Ethically","নৈতিকভাবে / ন্যায়সঙ্গতভাবে","Morally, righteously, fairly, legitimately","Unethically, immorally, dishonestly","In a way that avoids activities that harm people or violate moral principles.","Edtech companies play a crucial role in advancing the use of AI in the classroom and ensuring that it is used ethically and responsibly.","Unit 1: Lesson 2 (Education and Technology)"
"Secured","সুরক্ষিত / নিরাপদ","Protected, guarded, safe, safeguarded, fortified","Unsecured, exposed, vulnerable, unprotected","Protected against danger, unauthorized access, or loss.","Edtech companies must ensure that the sensitive personal data collected and stored by AI-powered educational tools are properly secured and that privacy is maintained.","Unit 1: Lesson 2 (Education and Technology)"
"Creativity","সৃজনশীলতা / উদ্ভাবনী ক্ষমতা","Inventiveness, imagination, originality, ingenuity","Unimaginativeness, imitation, conformity","The use of imagination or original ideas to create something artistic or novel.","Improved capabilities: Current AI-powered educational tools have limitations, such as a lack of creativity and originality and a limited understanding of context.","Unit 1: Lesson 2 (Education and Technology)"
"Originality","মৌলিকত্ব / অভিনবত্ব","Novelty, uniqueness, freshness, authenticity","Conventionality, reproduction, plagiarism","The quality of being new, unique, and not derived from something else.","Improved capabilities: Current AI-powered educational tools have limitations, such as a lack of creativity and originality and a limited understanding of context.","Unit 1: Lesson 2 (Education and Technology)"
"Intellectual","মেধাসম্পর্কিত / বুদ্ধিভিত্তিক","Mental, cognitive, cerebral, scholarly","Physical, bodily, non-intellectual","Relating to the intellect, mental reasoning, and creative scholarship.","They must also ensure that they develop and use AI tools in accordance with the laws and regulations governing data privacy, security and intellectual property.","Unit 1: Lesson 2 (Education and Technology)"
"Abruptly","হঠাৎ করে / আকস্মিকভাবে","Suddenly, unexpectedly, precipitously, sharply","Gradually, slowly, steadily, progressively","Suddenly and unexpectedly; without warning.","Education and Life 15 The two ""gateposts"" were clearly trees with roots.","Unit 1: Lesson 3 (Children in School)"
"Burrowed","নিচ দিয়ে ঢুকল / সুড়ঙ্গ কেটে ঢোকার মতো প্রবেশ করল","Tunneled, crawled, snaked, squeezed, wiggled","Climbed over, leaped, ascended","Made a hole or passage through or beneath an obstacle.","Education and Life 15 The two ""gateposts"" were clearly trees with roots.","Unit 1: Lesson 3 (Children in School)"
"Grateful","কৃতজ্ঞ / ধন্যবাদশীল","Thankful, appreciative, obliged, indebted","Ungrateful, thankless, unappreciative","Feeling or showing an appreciation of kindness; thankful.","If she had been able to, she would have been astonished, and even more grateful to the headmaster.","Unit 1: Lesson 3 (Children in School)"
"Solid","একটানা / নিরবচ্ছিন্ন / পূর্ণাঙ্গ","Continuous, unbroken, uninterrupted, whole, substantial","Interrupted, sporadic, broken, intermittent","Entire and uninterrupted; continuous in time without a break.","So the headmaster must have listened 10 Totto-chan for four solid hours!","Unit 1: Lesson 3 (Children in School)"
"Appreciate","মূল্যায়ন করা / প্রশংসা করা / যথার্থ অনুধাবন করা","Value, cherish, admire, esteem, acknowledge","Disregard, neglect, overlook, undervalue","To recognize the full worth, significance, or aesthetic quality of something.","Beauty is easy to appreciate but difficult to define.","Unit 2: Lesson 1 (What is Beauty?)"
"Idealizes","আদর্শায়িত করা / শ্রেষ্ঠ রূপে কল্পনা করা","Glorifies, romanticizes, exalts, elevates, deifies","Depreciates, criticizes, discredits","To regard or represent as perfect or better than in reality.","While Lord Byron (1788-1824) finds perfect beauty in a woman he idealizes, Emily Dickinson (1830-1886) asserts that beauty is inseparable from truth.","Unit 2: Lesson 1 (What is Beauty?)"
"Tender","স্নিগ্ধ / কোমল / মোলায়েম","Gentle, delicate, soft, mild, affectionate","Rough, harsh, severe, callous","Showing gentleness, kindness, and delicate softness.","[Unit 2: Lesson 1]: She walks in beauty, like the night Of cloudless climes and starry skies; And all that's best of dark and bright Meet in her aspect and her eyes; Thus mellowed to that tender light Which heaven to gaudy day denies.
[Unit 5: Lesson 5]: Never having enjoyed, to any considerable extent, her soothing presence, her tender and watchful care, I received the tidings of her death with much the same emotions I should have probably felt at the death of a stranger.","Unit 2: Lesson 1 (What is Beauty?)"
"Grace","লাবণ্য / সৌন্দর্য / শোভা / মাধুর্য","Elegance, charm, poise, loveliness, refinement","Clumsiness, awkwardness, ugliness","Smoothness, elegance, and beauty of movement, form, or expression.","One shade the more, one ray the less, Had half impaired the nameless grace Which waves in every raven tress, Or softly lightens o'er her face; Where thoughts serenely sweet express, How pure, how dear their dwelling-place.","Unit 2: Lesson 1 (What is Beauty?)"
"Serenely","শান্তভাবে / প্রশান্ত চিত্তে / নির্লিপ্তভাবে","Peacefully, placidly, calmly, tranquilly, quietly","Agitatedly, violently, tumultuously","In a calm, peaceful, and untroubled manner.","One shade the more, one ray the less, Had half impaired the nameless grace Which waves in every raven tress, Or softly lightens o'er her face; Where thoughts serenely sweet express, How pure, how dear their dwelling-place.","Unit 2: Lesson 1 (What is Beauty?)"
"Scarce","কদাচিৎ / কষ্টেসৃষ্টে / প্রায় না এমন","Hardly, barely, scarcely, seldom","Easily, fully, amply, abundantly","Only just; almost not; with difficulty.","I died for beauty, but was scarce Adjusted in the tomb, When one who died for truth was lain In an adjoining room.","Unit 2: Lesson 1 (What is Beauty?)"
"Kinsmen","জ্ঞাতি / আত্মীয় / স্বগোত্রীয় ব্যক্তি","Relatives, kinfolk, relations, blood relatives","Strangers, foreigners, outsiders","A man who is one of a person's blood relations.","And so, as kinsmen met a-night, We talked between the rooms, Until the moss had reached our lips, And covered up our names.","Unit 2: Lesson 1 (What is Beauty?)"
"Sophisticated","অভিজাত / জটিল ও অত্যন্ত মার্জিত","Refined, complex, polished, cultured, advanced","Simple, rustic, naive, unsophisticated","Appealing to cultured taste; developed to a high degree of complexity.","Folk music consists of songs and music of a community that are not influenced by any sophisticated musical rules or any standard musical styles.","Unit 2: Lesson 2 (Folk Music)"
"Spontaneous","স্বতঃস্ফূর্ত / স্বাভাবিক / ভেতর থেকে আসা","Unprompted, natural, uninhibited, impulsive, instinctive","Calculated, forced, planned, premeditated","Performed or occurring as a result of a sudden inner impulse without premeditation.","Folk music consists of songs and music of a community that are not influenced by any sophisticated musical rules or any standard musical styles.","Unit 2: Lesson 2 (Folk Music)"
"Dialect","উপভাষা / আঞ্চলিক ভাষা","Vernacular, regionalism, patois, local tongue","Standard language, formal language","A particular form of a language peculiar to a specific region or social group.","Folk music consists of songs and music of a community that are not influenced by any sophisticated musical rules or any standard musical styles.","Unit 2: Lesson 2 (Folk Music)"
"Pilgrimage","তীর্থযাত্রা / পবিত্র স্থান ভ্রমণ","Holy journey, religious expedition, trek, crusade","Exile, wandering, aimless journey","A journey to a place associated with someone or something well respected or holy.","Folk music consists of songs and music of a community that are not influenced by any sophisticated musical rules or any standard musical styles.","Unit 2: Lesson 2 (Folk Music)"
"Enduring","স্থায়ী / দীর্ঘস্থায়ী / কালজয়ী","Lasting, durable, abiding, timeless, permanent","Fleeting, short-lived, transient, ephemeral","Continuing or long-lasting through changing circumstances.","Art is generally understood as an expression of human imagination and creative skills in a range of activities including painting, drawing, sculpture and architecture.","Unit 2: Lesson 3 (Art)"
"Laudatory","প্রশংসাসূচক / স্তুতিপূর্ণ","Complimentary, eulogistic, praising, commending","Critical, derogatory, disparaging, uncomplimentary","Expressing praise and commendation in speech or writing.","Art is generally understood as an expression of human imagination and creative skills in a range of activities including painting, drawing, sculpture and architecture.","Unit 2: Lesson 3 (Art)"
"Proclaimed","ঘোষণা করেছিলেন / জোরালোভাবে ব্যক্ত করেছিলেন","Declared, announced, stated, affirmed, asserted","Concealed, denied, retracted, withheld","Announced officially or publicly with strong conviction.","When describing the works of the first modern Bangladeshi sculptor Novera Ahmed, Shilpacharja Zainul Abedin proclaimed: ""What Novera is doing now will take us a long time to understand — she is that kind of artist.""","Unit 2: Lesson 3 (Art)"
"Intricate","জটিল ও সূক্ষ্ম নকশাদার / পেঁচানো","Elaborate, complex, detailed, convoluted, sophisticated","Simple, basic, plain, unelaborate","Very complicated or detailed in design and arrangement.","Art is generally understood as an expression of human imagination and creative skills in a range of activities including painting, drawing, sculpture and architecture.","Unit 2: Lesson 3 (Art)"
"Engagement","সম্পৃক্ততা / সক্রিয় অংশগ্রহণ / প্রতিশ্রুতি","Involvement, participation, commitment, immersion, dedication","Detachment, apathy, disengagement, withdrawal","The state of being actively involved and committed to something.","When you have finished reading, write on thc blank space on the top of each story what the story is about— civic engagement, volunteerism, or service learning.","Unit 1: Lesson 4 (Civic Engagement)"
"Motivation","অনুপ্রেরণা / উদ্দীপনা / প্রেরণা","Incentive, inspiration, drive, encouragement, impetus","Discouragement, apathy, indifference, hesitation","A reason or reasons for acting or behaving in a particular way.","Education and Life 27 D.","Unit 1: Lesson 4 (Civic Engagement)"
"Dome","গম্বুজ / প্রাকৃতিক বা নান্দনিক ছাউনি","Canopy, vault, arch, cupola, roof","Depression, hollow, base","A rounded vault or canopy forming a roof or ceiling.","I look around me and discover a leafy dome—Jaam, Kanthal, Bat, Hijol and Aswatha trees all in a hush, Shadowing clumps of cactus and zedoary bushes.","Unit 3: Lesson 1 (Myths of Bengal)"
"Honeycombed","মৌচাক সদৃশ / বহু প্রকোষ্ঠবিশিষ্ট / নকশাদার","Cellular, reticulated, porous, patterned, chambered","Solid, plain, uniform","Patterned with or penetrated by many small compartments like a honeycomb.","When long, long ago, Chand came in his honeycombed boat To a blue Hijal, Bat and Tamal shade near the Champa, he too sighted Bengal's incomparable beauty.","Unit 3: Lesson 1 (Myths of Bengal)"
"Raft","ভেলা / চালি / ভাসমান কাষ্ঠখণ্ড","Float, catamaran, pontoon, barge","Anchor, submarine","A flat buoyant structure of timber or other materials used for transport on water.","One day, alas, in the Ganguri, On a raft, as the waning moon sank on the river's sandbanks, Behula too saw countless aswaths and bats besides golden ricefields And heard the thrush's soft song.","Unit 3: Lesson 1 (Myths of Bengal)"
"Stranded","আটকে পড়া / অসহায় / সঙ্গীহীন অবস্থায় পতিত","Marooned, abandoned, helpless, isolated, trapped","Rescued, liberated, guided","Left without the means to move from somewhere; marooned.","After fleeing, they found themselves stranded on the island with no means of escape by sea.","Unit 3: Lesson 2 (Icarus)"
"Overwhelmed","অভিভূত / দিশেহারা / আবেগে আচ্ছন্ন","Overpowered, consumed, overcome, inundated, breathless","Calm, controlled, indifferent, composed","Overcome by superior force or deeply affected by intense emotion.","Initially, Icarus heeded his father's advice, but soon, overwhelmed by the excitement of the flight, he soared higher and higher, forgetting the warning.","Unit 3: Lesson 2 (Icarus)"
"Plummeted","দ্রুত নিচে খসে পড়ল / খাড়াভাবে পতন হলো","Plunged, dropped sharply, fell steeply, hurtled","Soared, ascended, skyrocketed","Fell or dropped straight down at high speed.","Helplessly, Icarus plummeted into the sea and drowned, leaving Daedalus to fly on alone, devastated by his son's tragic fate.","Unit 3: Lesson 2 (Icarus)"
"Myriad","অসংখ্য / অগুনতি / বহুবিধ","Countless, innumerable, infinite, multitudinous, endless","Few, limited, scarce, countable","A countless or extremely great number of people or things.","She realized the interdependence that links people and climate in myriad ways.","Unit 3: Lesson 4 (Khona)"
"Folklore","লোকগাথা / ঐতিহ্যবাহী লোকসংস্কৃতি / মৌখিক ধারা","Oral traditions, folk myths, lore, heritage, customs","Written chronicles, formal history","The traditional beliefs, customs, and stories of a community passed by word of mouth.","The mythical story of Khona is deeply rooted in Bangla folklore.","Unit 3: Lesson 4 (Khona)"
"Rhyming","অন্ত্যমিলযুক্ত / ছন্দোবদ্ধ / পদ মিলানো","Metered, rhythmic, poetic, harmonious, balanced","Prosaic, discordant, unrhymed","Having correspondence in the terminal sounds of words or to lines of verse.","Her wisdom was shared through memorable, rhyming verses known as ""Khona's Words"" or ""Khonar Bochon.""","Unit 3: Lesson 4 (Khona)"
"Correspondence","চিঠিপত্র আদান-প্রদান / বার্তা বিনিময় / যোগাযোগ","Communication, letters, messages, mail, dispatches","Isolation, non-communication","Communication by exchanging letters or messages.","Read the following texts which are some of the articles of the Universal Declaration of Human Rights: Article 12: No one shall be subjected to arbitrary interference with his privacy, family, home or correspondence, nor to attacks upon his honour and reputation.","Unit 5: Lesson 1 (Are We Aware of These Rights-I?)"
"Endowed","প্রদত্ত / সহজাত গুণে ভূষিত বা সমৃদ্ধ","Gifted, blessed, bestowed, supplied, enriched","Deprived, bereft, dispossessed","Provided or supplied with a quality, ability, or asset by nature.","They are endowed with reason and conscience and should act towards one another in the spirit of brotherhood.","Unit 5: Lesson 2 (Are We Aware of These Rights-II?)"
"Conscience","বিবেক / ন্যায় ও অন্যায়ের অন্তর্নিহিত বোধ","Moral sense, scruples, inner voice, integrity, ethics","Callousness, immorality, shamelessness","An inner feeling or voice viewed as acting as a guide to the rightness or wrongness of one's behavior.","[Unit 5: Lesson 2]: They are endowed with reason and conscience and should act towards one another in the spirit of brotherhood.
[Unit 5: Lesson 1]: Article 18: Everyone has the right to freedom of thought, conscience and religion; this right includes freedom to change his religion or belief, and freedom, either alone or in community with others and in public or private, to manifest his religion or belief in teaching, practice, worship and observance.","Unit 5: Lesson 2 (Are We Aware of These Rights-II?)"
"Entitled","স্বত্বাধিকারী / আইনগত অধিকারপ্রাপ্ত","Eligible, authorized, qualified, sanctioned, permitted","Disqualified, forbidden, excluded","Believing oneself to be inherently deserving of privileges or rights.","[Unit 5: Lesson 2]: Article 2: Everyone is entitled to all the rights and freedoms set forth in this Declaration, without distinction of any kind, such as race, colour, sex, language, religion, political or other opinion, national or social origin, property, birth or other status.
[Unit 4: Lesson 3]: Article 2: Everyone is entitled to all the rights and freedoms set forth in this Declaration, without distinction of any kind, such as race, colour, sex, language, religion, political or other opinion, national or social origin, property, birth or other status.","Unit 5: Lesson 2 (Are We Aware of These Rights-II?)"
"Exploitations","শোষণ / অসহায়তার অনুচিত সুযোগ গ্রহণ","Abuses, victimizations, manipulations, unfair takings","Fair treatment, protections, empowerment","The action of treating someone unfairly in order to benefit from their work.","Through the interviews, inhuman working conditions, severe exploitations, and a worrying number of child labourers were revealed.","Unit 5: Lesson 4 (Coal Miners)"
"Authentic","প্রামাণিক / খাঁটি / নির্ভরযোগ্য ও পরীক্ষিত","Genuine, verified, reliable, legitimate, real","Fake, forged, spurious, fabricated","Of undisputed origin; genuine and verified.","I have no accurate knowledge of my age, never having seen any authentic record containing it.","Unit 5: Lesson 5 (Frederick Douglass)"
"Impertinent","ধৃষ্টতাপূর্ণ / বেয়াদব / শিষ্টাচারবহির্ভূত","Insolent, impudent, disrespectful, brazen, ill-mannered","Respectful, polite, deferential, courteous","Not showing proper respect; rude or insolent.","He deemed all such inquiries on the part of a slave improper and impertinent, and evidence of a restless spirit.","Unit 5: Lesson 5 (Frederick Douglass)"
"Infant","দুগ্ধপোষ্য শিশু / নবজাতক","Baby, newborn, toddler, nursling","Adult, grown-up","A very young child or baby.","My mother and I were separated when I was but an infant—before I knew her as my mother.","Unit 5: Lesson 5 (Frederick Douglass)"
"Affection","স্নেহ / মমতা / গভীর ভালোবাসা","Tenderness, fondness, maternal love, devotion, warmth","Hatred, enmity, coldness, indifference","A gentle feeling of fondness or liking.","For what this separation is done, I do not know, unless it be to hinder the development of the child's affection toward its mother, and to blunt and destroy the natural affection of the mother for the child.","Unit 5: Lesson 5 (Frederick Douglass)"
"Vague","অস্পষ্ট / অনির্দিষ্ট / ধোঁয়াটে স্মৃতি","Unclear, hazy, indistinct, shadowy, ambiguous","Vivid, precise, distinct, definite","Of uncertain, indefinite, or unclear character or meaning.","Unit Six: Dreams Lesson 1 What is a Dream?","Unit 6: Lesson 1 (What is a Dream?)"
"Daydream","দিবাস্বপ্ন / জাগ্রত অবস্থার মধুর কল্পনা","Reverie, fantasy, vision, musing, trance","Harsh reality, concrete fact","A series of pleasant thoughts that distract one's attention from the present.","Dreams Lesson 2 Dreams in Literature Introduction: 109 William Wordsworth (1770-1850).","Unit 6: Lesson 2 (Dreams in Literature)"
"Reverie","দিবাস্বপ্ন / তন্ময় ধ্যানমগ্নতা / আত্মমগ্ন অবস্থা","Daydream, musing, trance, contemplative dream","Alert wakefulness, vigilance","A state of being pleasantly lost in one's thoughts; a daydream.","Dreams Lesson 2 Dreams in Literature Introduction: 109 William Wordsworth (1770-1850).","Unit 6: Lesson 2 (Dreams in Literature)"
"Ebbing","ক্ষয়িষ্ণু / ভাটার মতো হ্রাস পাওয়া বা কমে যাওয়া","Dwindling, waning, receding, decaying, diminishing","Surging, rising, swelling, increasing","Gradually lessening or reducing.","And if even little waves develop, it saps the ebbing energy of the swimmer all the more.","Unit 7: Lesson 1 (Brojen Das)"
"Calamitous","বিপর্যয়কর / মারাত্মক দুর্দশাপূর্ণ ও ক্ষতিকর","Disastrous, catastrophic, tragic, ruinous, fatal","Fortunate, blessed, favorable, prosperous","Involving or resulting in great damage or disaster.","Nishat learned from her mother how to keep mental strength in calamitous moments of life.","Unit 7: Lesson 2 (Scaling a Mountain Peak)"
"Inevitable","অনিবার্য / যা কোনোভাবেই ঠেকানো যায় না","Unavoidable, inescapable, certain, destined, sure","Avoidable, uncertain, preventable","Certain to happen; unavoidable.","[Unit 7: Lesson 2]: Christopher Reeve, the actor who played the role of Superman in the film said in a speech he gave at the Democratic National Convention in 1996 — ""So many of our dreams at first seem impossible, then they seem improbable, and then, when we summon the will, they soon become inevitable.""
[Unit 5: Lesson 5]: This is the inevitable result: I never saw my mother, to know her as such, more than four or five times in my life; and each of these times was very short in duration, and at night.","Unit 7: Lesson 2 (Scaling a Mountain Peak)"
"Cherished","সযত্নে লালিত / অন্তরে সশ্রদ্ধ স্নেহে ধারণকৃত","Treasured, prized, valued, loved, fostered","Scorned, neglected, disdained","Protect and care for someone or something lovingly.","Though she had a long cherished dream to be a mountaineer, it was not until 2003 that she could climb the 967 feet high Keokradong.","Unit 7: Lesson 2 (Scaling a Mountain Peak)"
"Modest","নম্র / সাধারণ / বাহুল্যবর্জিত ও নিরহঙ্কার","Humble, simple, unpretentious, unassuming, plain","Arrogant, extravagant, haughty","Unassuming in the estimation of one's abilities; relatively moderate.","She comes of a modest background; her father is a businessman and her mother is a housewife.","Unit 7: Lesson 2 (Scaling a Mountain Peak)"
"Clinched","চূড়ান্তভাবে জয় বা নিশ্চিত করল / ছিনিয়ে নিল","Secured, won, settled, finalized, sealed, bagged","Lost, forfeited, surrendered","Confirmed or settled something conclusively; won an athletic competition.","Kalsindur girls also clinched the Girls' Football Championship in Inter-College (HSC) Games Sports Competition in 2019-20.","Unit 7: Lesson 3 (The Unbeaten Girls)"
"Familial","পারিবারিক / রক্তসম্পর্ক ও বংশীয়","Domestic, genealogical, ancestral, maternal, kin-based","Non-familial, unrelated, foreign","Relating to or occurring in a family or its members.","Some are familial and intimate, formed by blood and by marriage; some are social like the ones we have with friends and some are made in schools where we form close bonds with classmates and teachers.","Unit 8: Lesson 1 (Family)"
"Chronic","দীর্ঘস্থায়ী / স্থায়ী মনস্তাত্ত্বিক ক্ষোভ বা টানাপোড়েন","Persistent, constant, lingering, habitual, inveterate","Temporary, acute, ephemeral","Persisting for a long time or constantly recurring.","[Unit 8: Lesson 2]: When the rooms were warm, he’d call, and slowly I would rise and dress, fearing the chronic angers of that house, Speaking indifferently to him, who had driven out the cold and polished my good shoes as well.
[Unit 12: Lesson 1]: Jahangirnagar was renamed Dhaka which grew into a heavily populated city with a chronic shortage of space.","Unit 8: Lesson 2 (Warmth)"
"Offices","স্নেহের সেবামূলক কর্তব্য ও দায়িত্ব","Services, duties, obligations, acts of devotion","Neglect, dereliction, abandons","Services, duties, or acts done for other people.","What did I know, what did I know of love’s austere and lonely offices?","Unit 8: Lesson 2 (Warmth)"
"Splendid","চমৎকার / অসাধারণ সুন্দর ও প্রশংসনীয়","Magnificent, marvelous, superb, impressive, admirable","Terrible, poor, wretched, meager","Magnificent; very impressive, excellent, or grand.","""This is a splendid pile.""","Unit 8: Lesson 3 (A Mother in Mannville)"
"Transient","ক্ষণস্থায়ী / দ্রুত অপসীয়মান ও অনিত্য","Ephemeral, fleeting, temporary, transitory, brief","Permanent, eternal, everlasting, perpetual","Lasting only for a short time; impermanent.","Relationships 143 With the piercing sound of a vehicle screeching to a hall, Yingzi's life flies in the air gently.","Unit 8: Lesson 4 (Love)"
"Transformation","আমূল রূপান্তর / গুণগত পরিবর্তন","Metamorphosis, evolution, conversion, transmogrification","Stagnation, constancy, stagnation","A marked change in form, nature, or appearance.","Relationships 143 With the piercing sound of a vehicle screeching to a hall, Yingzi's life flies in the air gently.","Unit 8: Lesson 4 (Love)"
"Solitary","একাকী / নির্জন ও নিঃসঙ্গ অবস্থান","Lone, single, isolated, lonely, secluded","Accompanied, social, crowded","Done or existing alone; isolated.","Relationships 143 With the piercing sound of a vehicle screeching to a hall, Yingzi's life flies in the air gently.","Unit 8: Lesson 4 (Love)"
"Provider","সেবাদানকারী / চিকিৎসাসেবা পরিবেশক","Supplier, practitioner, caregiver, dispenser","Recipient, consumer, beneficiary","A person or thing that provides something; healthcare practitioner.","Adolescence Lesson 2 151 Adolescence and Some (Related) Problems in Bangladesh A.","Unit 9: Lesson 2 (Problems in Bangladesh)"
"Attitudes","মনোভাব / মানসিক দৃষ্টিভঙ্গি ও প্রবৃত্তি","Mindsets, outlooks, viewpoints, perceptions, stances","Realities, actions","A settled way of thinking or feeling about someone or something.","Adolescence Lesson 2 151 Adolescence and Some (Related) Problems in Bangladesh A.","Unit 9: Lesson 2 (Problems in Bangladesh)"
"Subordination","অধীনতা / পরাধীনতা / দ্বিতীয় শ্রেণীর অবস্থান","Servitude, subjugation, inferiority, compliance, subjection","Autonomy, equality, dominance, sovereignty","The act of placing in a lower rank or position; the state of being subordinate.","Adolescence 157 When Shilpi heard about those risks.","Unit 9: Lesson 3 (Child Marriage)"
"Marginalisation","প্রান্তিকীকরণ / সুযোগবঞ্চিত অবস্থায় নির্বাসন","Exclusion, alienation, sidelining, ostracism, neglect","Inclusion, mainstreaming, integration, empowerment","Treatment of a person, group, or concept as insignificant or peripheral.","Adolescence 157 When Shilpi heard about those risks.","Unit 9: Lesson 3 (Child Marriage)"
"Affluent","ধনাঢ্য / বিত্তশালী / সচ্ছল ও সম্পদশালী","Wealthy, prosperous, rich, well-off, moneyed","Impoverished, destitute, poor, needy","Having a great deal of money; wealthy.","[Unit 9: Lesson 3]: Adolescence 157 When Shilpi heard about those risks.
[Unit 4: Lesson 3]: Adolescents from affluent households enjoy superior nutritional and educational resources.","Unit 9: Lesson 3 (Child Marriage)"
"Declined","হ্রাস পেয়েছে / উল্লেখযোগ্য হারে কমে গেছে","Decreased, dropped, plummeted, dwindled, lessened","Increased, soared, escalated, climbed","Diminished in size, amount, or strength; decreased.","Like many other South Asian countries, in Bangladesh, the gravity of sexual harassment in public spaces has been diluted and almost 'normalised' through calling it 'eve-teasing'.","Unit 9: Lesson 4 (Story of Shilpi)"
"Contentment","পরম আত্মতৃপ্তি / প্রশান্ত মানসিক সন্তুষ্টি","Serenity, satisfaction, fulfillment, inner peace, happiness","Discontent, restlessness, misery","A state of happiness and satisfaction.","Lifestyle The Archer's Secret 187 The winner of the 1988 Olympic gold medal for archery was a seventeen- year-old woman from South Korea.","Unit 10: Lesson 4 (Fitness)"
"Consumerism","ভোক্তাবাদ / অতিভোগবাদী সামাজিক সংস্কৃতি","Commercialism, materialistic culture, consumption culture","Frugality, thrift, asceticism","The protection or promotion of the interests of consumers; preoccupation with buying consumer goods.","Lifestyle 191 C.","Unit 10: Lesson 5 (Consumerism)"
"Compulsive","অনিবার্য বাধ্যবাধকতাগ্রস্ত / নিয়ন্ত্রণহীন মানসিক তাড়না","Uncontrollable, obsessive, irresistible, pathological","Deliberate, restrained, controlled","Resulting from or relating to an irresistible urge, especially one that is irrational.","Lifestyle 191 C.","Unit 10: Lesson 5 (Consumerism)"
"Flattering","তোষামোদপূর্ণ / চাটুকারিতামূলক প্রশংসা","Complimentary, adulatory, praiseful, obsequious","Critical, insulting, disparaging","Full of praise and compliments, often excessively or insincerely.","Lifestyle 191 C.","Unit 10: Lesson 5 (Consumerism)"
"Financial","আর্থিক / রাজস্ব ও অর্থব্যবস্থা সংক্রান্ত","Monetary, fiscal, pecuniary, economic, commercial","Non-financial","Relating to finance or financial matters.","Lifestyle 191 C.","Unit 10: Lesson 5 (Consumerism)"
"Vernacular","আঞ্চলিক কথ্য ভাষা / স্বদেশী সাধারণ মানুষের ভাষা","Dialect, native tongue, patois, idiom, indigenous language","Standard literary language, formal tongue","The language or dialect spoken by the ordinary people in a particular country or region.","She wrote her poems in a language that is known as the Black vernacular, a language the black people in America use in their everyday life.","Unit 11: Lesson 1 (Situations of Conflict)"
"Anxious","উদ্বিগ্ন / শঙ্কিত ও আশঙ্কাকুল","Apprehensive, fearful, restless, perturbed, agitated","Calm, composed, unconcerned, serene","Experiencing worry, unease, or nervousness, typically about an imminent event.","Warm up activity: Think and note down the kind of problems a war can create for human beings and other living things.","Unit 11: Lesson 2 (The Old Man at the Bridge)"
"Ceasefire","যুদ্ধবিরতি / সামরিক সংঘাত সাময়িক স্থগিতকরণ","Truce, armistice, suspension of arms, moratorium on fighting","Bombardment, offensive, combat","A temporary suspension of fighting, typically one during which peace talks take place.","Read three selected monologues from Ashtar Theatre's production ""Gaza Monologues"" and answer the questions that follow.","Unit 11: Lesson 3 (Stories From Gaza)"
"Despair","চরম হতাশা / নিরাশা ও গভীর বিষাদ","Hopelessness, despondency, gloom, anguish, dejection","Hope, optimism, cheerfulness","The complete loss or absence of hope.","[Unit 11: Lesson 3]: Read three selected monologues from Ashtar Theatre's production ""Gaza Monologues"" and answer the questions that follow.
[Unit 4: Lesson 2]: Listen to the speech by Greta Thunberg delivered at the UN Climate Action Summit in New York, in 2019, and work in pairs to discuss the reasons for her despair and anger in the speech.
[Unit 11: Lesson 1]: Cruelties of conflict affect people in different ways.","Unit 11: Lesson 3 (Stories From Gaza)"
"Tributary","উপনদী","Feeder","","A river or stream flowing into a larger river or lake.","Once it was a tributary of the mighty Ganges and flowed into the Bay of Bengal through the river Dhaleshwari.","Unit 12: Lesson 1 (Water Everywhere)"
"Perpetual","চিরস্থায়ী","Constant, permanent","Temporary","Never ending or changing; occurring repeatedly.","Its water is polluted and a perpetual stench fills the air around it.","Unit 12: Lesson 1 (Water Everywhere)"
"Disproportionately","অনুপাতহীনভাবে","Excessively, unreasonably, extremely, overly","Proportionately, evenly","To an extent that is too large or too small in comparison with something else.","Rather, they are clearly interconnected; they are caused by human beings; and they disproportionately negatively impact poor people and women.","Unit 12: Lesson 4 (Environmental Justice)"
"Scholar","পণ্ডিত / বিদ্যান ব্যক্তি","Academic, intellectual, savant, polymath","Ignoramus, illiterate, amateur","A learned person, especially one in a particular branch of study.","The royal scholars received handsome fees and happily went home.","Unit 1: Education and Life: The Parrot's Tale"
"Handsome","উদার / সন্তোষজনক / চমৎকার","Generous, substantial, sizable, bountiful","Meager, stingy, tiny, insufficient","Substantial or generous in amount, reward, or value.","The royal scholars received handsome fees and happily went home.","Unit 1: Education and Life: The Parrot's Tale"
"Visionary","দূরদর্শী / কল্পনাপ্রবণ","Imaginative, creative, insightful, prophetic","Unimaginative, short-sighted, mundane","Thinking about or planning the future with imagination or wisdom.","While art is considered intuitive and visionary, craft is seen to be a practical application of certain skills for producing objects of everyday use that are often beautiful to look at, such as pottery, metal and wood work, cane and bamboo items, jewelry, musical instruments like ektara, dhol or flute and textile items.","Unit 2: Art and Craft: Craft"
"Animate","প্রাণবন্ত করা / সঞ্জীবিত করা","Enliven, vitalize, invigorate, inspire","Deaden, dampen, depress, stifle","Bring to life; give vigor or zest to.","Indeed, the intimate nature of the kantha and the tactile feeling it generates animate the work and make it very inviting.","Unit 2: Art and Craft: Craft"
"Inviting","আকর্ষণীয় / মনোরম","Alluring, welcoming, attractive, appealing","Repellent, hostile, uninviting, harsh","Offering the promise of an attractive or enjoyable experience.","Indeed, the intimate nature of the kantha and the tactile feeling it generates animate the work and make it very inviting.","Unit 2: Art and Craft: Craft"
"Genuine","প্রকৃত / খাঁটি / নিরপেক্ষ","Authentic, legitimate, real, bona fide","Fake, bogus, fraudulent, sham","Truly what something is said to be; authentic.","(3) The will of the people shall be the basis of the authority of government; this will shall be expressed in periodic and genuine elections which shall be by universal and equal suffrage and shall be held by secret vote or by equivalent free voting procedures.","Unit 5: Human Rights: Are We Aware of These Rights-I?"
"Violation","লঙ্ঘন / অবমাননা","Breach, infringement, contravention, transgression","Compliance, observance, respect, obedience","The action of violating someone or something.","[Unit 5: Human Rights: Are We Aware of These Rights-I?]: Warm up activity: Pick up the day's newspaper/s and find out stories about violation of human rights (rights of children, women, the disadvantaged, ethnic minorities etc.) and match them with the human right charters of the previous lesson.
[Unit 5: Lesson 2]: violation of privacy c.","Unit 5: Human Rights: Are We Aware of These Rights-I?"
"Detention","আটক রাখা / বন্দী রাখা","Imprisonment, confinement, custody, incarceration","Release, discharge, liberty, acquittal","The action of detaining someone or the state of being detained in official custody.","[Unit 5: Human Rights: Are We Aware of These Rights-II?]: Article 9: No one shall be subjected to arbitrary arrest, detention or exile.
[Unit 4: Lesson 3]: Article 9: No one shall be subjected to arbitrary arrest, detention or exile.
[Unit 5: Lesson 2]: - Article 9: No one shall be subjected to arbitrary arrest, detention or exile.","Unit 5: Human Rights: Are We Aware of These Rights-II?"
"Intentions","উদ্দেশ্য / অভিপ্রায়","Aims, objectives, purposes, aspirations","Apathy, random action, accident","Things intended; an aim or plan.","What do you know about the intentions of the UN regarding the declaration?","Unit 5: Human Rights: Rights to Health and Education"
"Plight","চরম সংকটময় অবস্থা / দুর্দশা","Predicament, dire straits, trouble, difficulty","Good fortune, blessing, advantage","A dangerous, difficult, or otherwise unfortunate situation.","They were touched by the plight of the flood affected people in Sunamgonj.","Unit 1: Education and Life: Civic Engagement"
"Colonial","ঔপনিবেশিক","Imperial, settlement, subjugated, dominion","Autonomous, sovereign, indigenous, liberated","Relating to or characteristic of a colony or colonies.","Extended Essay: Write an essay in 500-800 words on the following topic: ""Modern day slavery is rooted in the legacies of colonial exploitation.","Unit 5: Human Rights: Frederick Douglass"
"Undersized","স্বাভাবিকের চেয়ে ছোট / কৃশকায়","Small, stunted, miniature, dwarf","Oversized, gigantic, colossal, huge","Smaller than the usual or standard size.","The boy was probably twelve years old, but undersized.","Unit 8: Relationships: A Mother in Mannville"
"Astonishing","বিস্ময়কর / চমকপ্রদ","Surprising, astounding, miraculous, staggering","Unremarkable, mundane, predictable, ordinary","Extremely surprising or impressive; amazing.","The nephew commented, ""Your Majesty can see how things are going on."" ""Astonishing!"" replied the King, ""the din isn't negligible."" ""Not only the noise,"" said the nephew.","Unit 1: Education and Life: The Parrot's Tale"
"Belated","বিলম্বিত / দেরিতে আগত","Late, overdue, delayed, tardy","Early, punctual, timely, prompt","Coming or happening later than should have been the case.","My return was belated and fog filled the mountain passes so treacherously that....","Unit 8: Relationships: A Mother in Mannville"
"Refugee","উদ্বাস্তু / গৃহহীন শরণার্থি","Displaced person, exile, asylum seeker, evacuee","Native, citizen, resident, permanent inhabitant","A person who has been forced to leave their home to escape war or violence.","[Unit 5: Human Rights: Are We Aware of These Rights-I?]: Vocabulary Matching Charter: - asylum: protection granted by a nation to someone who has left his or her native country as a political refugee - arbitrarily: determined by chance, whim or impulse and not by reason or principle - persecution: hostility and ill-treatment, especially because of race or political or religious beliefs - dissolution: the closing down or dismissal of an assembly, body etc.
[Unit 5: Lesson 1]: Vocabulary Matching Charter: - asylum: protection granted by a nation to someone who has left his or her native country as a political refugee - arbitrarily: determined by chance, whim or impulse and not by reason or principle - persecution: hostility and ill-treatment, especially because of race or political or religious beliefs - dissolution: the closing down or dismissal of an assembly, body etc.
[Unit 11: Lesson 3]: I go around the whole world and in the end I land on my bed in our house, in the middle of the refugee camp.
[Unit 12: Lesson 5]: More than three times the number of refugees that Partition created in India.","Unit 5: Human Rights: Are We Aware of These Rights-I?"
"Bombing","বোমাবর্ষণ / বিমান আক্রমণ","Bombardment, shelling, air raid, blitz","Ceasefire, peace accord, truce","An attack or attacks made by bombs.","In seconds, a Palestinian rocket launcher erected in the area and in less than one second the Israeli planes started bombing it.","Unit 11: Peace and Conflict: Stories From Gaza"
"Outspoken","স্পষ্টভাষী","Free-spoken","","Frank in stating one’s opinions, especially if they are critical or controversial.","[Unit 11: Peace and Conflict: Stories From Gaza]: I became very outspoken and brave even in front of Dad, and I could face anyone.
[Unit 11: Lesson 3]: I became very outspoken and brave even in front of Dad, and I could face anyone.","Unit 11: Lesson 3 (Stories From Gaza)"
"Banned","নিষিদ্ধ","Outlawed, illegal","","Officially or legally prohibited; forbidden.","[Unit 11: Peace and Conflict: Peace in Literature]: Yes, and how many times must the cannonballs fly before they're forever banned?
[Unit 11: Lesson 4]: Yes, and how many times must the cannonballs fly Before they're forever banned?","Unit 11: Lesson 4 (Peace in Literature)"
"Millennium","সহস্রাব্দ, সহস্র বৎসর","Millenary","","A period of a thousand years.","[Unit 12: Environment and Nature: Water, Water Everywhere...]: Meeting on the eve of the new millennium identified the drinking water problem.
[Unit 12: Lesson 1]: The United Nations in a meeting on the eve of the new millennium identified the drinking water problem as one of the challenges for the future.","Unit 12: Lesson 1 (Water Everywhere)"
"Parliament","সংসদ / আইনসভা","Legislature, congress, assembly, council","Monarchy, autocracy, junta","The highest legislature, consisting of the sovereign, the House of Lords, and the House of Commons.","Instead of going to school, she made a large sign that read 'Skolstrejk för Klimatet' (SCHOOL STRIKE FOR CLIMATE), and calmly sat down outside the Swedish parliament.","Unit 12: Environment and Nature: The Greta Effect"
"Inextricable","অবিচ্ছেদ্য","Inseparable, tangled","Separable, disconnected","Impossible to disentangle or separate.","[Unit 12: Environment and Nature: What is Environmental Justice?]: It not only brings them together but also shows their inextricable connectedness.
[Unit 12: Lesson 4]: It not only brings them together for positive change but also shows their inextricable connectedness.","Unit 12: Lesson 4 (Environmental Justice)"
"Advocacy","পক্ষ সমর্থন","Support, backing","Opposition","Public support for or recommendation of a particular cause or policy.","[Unit 12: Environment and Nature: What is Environmental Justice?]: Environmental Justice bridges the gap between environmentalism and human rights advocacy.
[Unit 12: Lesson 4]: Environmental Justice bridges the gap between the two movements: environmentalism and human rights advocacy.","Unit 12: Lesson 4 (Environmental Justice)"
"Emotional","মানসিক / আবেগীয়","Sentimental, psychological, affective, empathetic","Unemotional, cold, indifferent, impassive","Relating to a person's emotions, feelings, and psychological well-being.","There is also the lack of human interaction and emotional support that students receive when using AI-powered educational tools.","Unit 1: Lesson 2 (Education and Technology)"
"Secular","ধর্মনিরপেক্ষ / ইহজাগতিক / অসাম্প্রদায়িক","Non-religious, worldly, lay, temporal","Religious, sacred, spiritual, theological","Denoting attitudes, activities, or songs that have no religious or spiritual basis.","Bangladesh has a heritage of rich folk music which includes both religious and secular songs.","Unit 2: Lesson 2 (Folk Music)"
"Tolerance","সহনশীলতা / পরমতসহিষ্ণুতা","Acceptance, forbearance, broadmindedness, patience","Intolerance, bigotry, prejudice, fanaticism","The ability or willingness to tolerate differing opinions or religious beliefs.","[Unit 2: Lesson 2]: He preached religious tolerance and rejected social differences based on class, caste and creed.
[Unit 5: Lesson 3]: It shall promote understanding, tolerance and friendship among all nations, racial or religious groups, and shall further the activities of the United Nations for the maintenance of peace.","Unit 2: Lesson 2 (Folk Music)"
"Discrimination","বৈষম্য / পক্ষপাতিত্ব / অবিচার","Bias, prejudice, inequity, bigotry, unfairness","Equality, fairness, impartiality, justice","The unjust or prejudicial treatment of different categories of people.","[Unit 1: Lesson 4]: Education and Life 27 D.
[Unit 4: Lesson 2]: Article 7: All are equal before the law and are entitled without any discrimination to equal protection of the law.
[Unit 5: Lesson 2]: - Article 7: All are equal before the law and are entitled without any discrimination to equal protection of the law.
[Unit 11: Lesson 1]: Angelou's experience of racial discrimination in her childhood and her involvement in civil rights movement in the 1960s made her a committed campaigner for human rights, social justice and peace.","Unit 1: Lesson 4 (Civic Engagement)"
"Interference","নাক গলানো / অযাচিত হস্তক্ষেপ / বিঘ্ন সৃষ্টি","Intrusion, intervention, meddling, interruption, encroachment","Non-intervention, detachment, non-interference","The act of interfering in something; meddling or intervention.","Read the following texts which are some of the articles of the Universal Declaration of Human Rights: Article 12: No one shall be subjected to arbitrary interference with his privacy, family, home or correspondence, nor to attacks upon his honour and reputation.","Unit 5: Lesson 1 (Are We Aware of These Rights-I?)"
"Psychoanalytic","মনোসমীক্ষণমূলক / মনস্তাত্ত্বিক বিশ্লেষণধর্মী","Psychological, psychoanalytical, psychiatric","Physiological, purely physical","Relating to psychoanalysis, the psychological theory and therapy developed by Freud.","Unit Six: Dreams Lesson 1 What is a Dream?","Unit 6: Lesson 1 (What is a Dream?)"
"Concentration","মনোযোগ / একাগ্রতা","Focus, attentiveness, engagement, absorption","Distraction, inattention, absent-mindedness","The action or power of focusing one's full attention.","He started meditating concentration.","Unit 10: Lifestyle: Fitness"
"Prejudice","কুসংস্কার / পক্ষপাতদুষ্ট বৈষম্য","Bias, bigotry, preconception, intolerance","Fairness, tolerance, impartiality, open-mindedness","Preconceived opinion that is not based on reason or actual experience.","any material which is fake and obscene or has the effect of corrupting persons who are likely to read, see or hear thc material or causes to prejudice the image of a person or may hurt religious belief or instigate against any person, then the person publishing the material Will be guilty of an offence under the Act.","Unit 9: Adolescence: Say 'No' to Bullying"
"Contextual","প্রাসঙ্গিক / পরিপ্রেক্ষিতমূলক","Relevant, related, circumstantial, pertinent","Irrelevant, unrelated, out-of-context","Depending on, related to, or clarifying the surrounding circumstances.","Once upon a time there lived a bird.","Unit 1: Lesson 1 (The Parrot's Tale)"
"Pace","গতি / চলার গতি / বেগ","Speed, tempo, rate, velocity, swiftness","Sluggishness, slowness, standstill","Speed in walking, running, or movement; rate of progress.","The King wished to see for himself at what an awesome pace the bird's schooling was going on.","Unit 1: Lesson 1 (The Parrot's Tale)"
"Extend","প্রসারিত করা / বাড়িয়ে দেওয়া / বিস্তার করা","Stretch out, Reach out, Offer, Proffer, Prolong","Withdraw, Retract, Shorten, Pull back","To hold out something toward someone; offer.","Unit Ten: Lifestyle Lesson 1 Manners Around the World A.","Unit 10: Lesson 1 (Manners Around the World)"
"Intervene","হস্তক্ষেপ করা / মধ্যস্থতা করা","Interfere, mediate, intercede, step in","Ignore, overlook, disregard, withdraw","To step into a situation to prevent undesirable outcomes or resolve conflict.","Parents, members of tbe community, service providers, and social institutions have the responsibility to both promote adolescent development and adjustment and to intervene when problems arise.","Unit 9: Lesson 1 (Storms and Stresses of Adolescence)"
"Transmit","সঞ্চারিত করা / ছড়ানো","Spread, convey, transfer, pass on","Hide, withhold, suppress, stop","To pass or cause something to spread from one person or place to another.","Unit Nine: Adolescence Lesson 1 Storms and Stresses of Adolescence A.","Unit 9: Lesson 1 (Storms and Stresses of Adolescence)"
"Heavily","অতিরিক্ত মাত্রায় / গভীরভাবে","Excessively, deeply, profoundly, severely","Lightly, slightly, marginally, scarcely","To a great degree; intensely or excessively.","While AI can provide personalized learning and instant feedback, it cannot replace the human and emotional support that students need to succeed, and relying too heavily on AI-powered educational tools may impact students negatively.","Unit 1: Lesson 2 (Education and Technology)"
"Impact","প্রভাব ফেলা / প্রতিক্রিয়া সৃষ্টি করা","Influence, affect, alter, impress, shape","Leave unaffected, ignore, overlook","To have a strong effect on someone or something.","[Unit 1: Lesson 2]: While AI can provide personalized learning and instant feedback, it cannot replace the human and emotional support that students need to succeed, and relying too heavily on AI-powered educational tools may impact students negatively.
[Unit 11: Lesson 5]: Children navigate through the rubble of destroyed buildings in a war-torn area, highlighting the harsh reality of conflict and its devastating impact on innocent civilians, Rafah on Jan.","Unit 1: Lesson 2 (Education and Technology)"
"Askew","বাঁকাভাবে / তির্যকভাবে / একপাশে হেলে","Crooked, slanted, tilted, awry, obliquely","Straight, aligned, symmetrical, upright","Not in a straight or level position; crookedly or to one side.","When she got closer, she had to put her head to one side to read the name of the school because the wind had blown the sign askew.","Unit 1: Lesson 3 (Children in School)"
"Splendor","মহিমা / জাঁকজমক / অপরূপ শোভা","Magnificence, grandeur, brilliance, glory, opulence","Drabness, squalor, modesty, ugliness","Magnificent and splendid appearance; grandeur.","While art is considered intuitive and visionary, craft is seen to be a practical application of certain skills for producing objects of everyday use that are often beautiful to look at, such as pottery, metal and wood work, cane and bamboo items, jewelry, musical instruments like ektara, dhol or flute and textile items...","Unit 2: Lesson 4 (Craft)"
"Defiance","স্পর্ধা / অবাধ্যতা / অনমনীয় প্রতিরোধ","Rebellion, resistance, non-compliance, challenge, courage","Submission, obedience, compliance, surrender","Open resistance; bold disobedience against an authoritarian rule.","The rulers, not pleased with her defiance, punished her cruelly by cutting out her tongue.","Unit 3: Lesson 4 (Khona)"
"Blunt","ভোঁতা করা / অনুভূতি নিস্তেজ করা / ভোঁতা হওয়া","Dull, deaden, numb, dampen, weaken","Sharpen, intensify, heighten, sensitize","Make less sharp, intense, or sensitive.","For what this separation is done, I do not know, unless it be to hinder the development of the child's affection toward its mother, and to blunt and destroy the natural affection of the mother for the child.","Unit 5: Lesson 5 (Frederick Douglass)"
"Consensus","সর্বসম্মত অভিমত / সামগ্রিক ঐক্যমত","Agreement, unanimity, accord, harmony, general consent","Disagreement, conflict, discord, dissension","A general agreement among members of a group or community.","Unit Six: Dreams Lesson 1 What is a Dream?","Unit 6: Lesson 1 (What is a Dream?)"
"Adjustment","অভিযোজন / পরিবর্তনের সাথে খাপ খাওয়ানো","Adaptation, accommodation, orientation, acclimation","Maladjustment, resistance, disharmony","A small alteration or movement made to achieve a desired fit, appearance, or result; psychological coping.","Adolescence Lesson 2 151 Adolescence and Some (Related) Problems in Bangladesh A.","Unit 9: Lesson 2 (Problems in Bangladesh)"
"Pertaining","সম্পর্কিত / প্রাসঙ্গিক বিষয় সংক্রান্ত","Relating, concerning, regarding, appertaining, bearing on","Unrelated, irrelevant, disconnected","Be appropriate, related, or applicable to something.","Like many other South Asian countries, in Bangladesh, the gravity of sexual harassment in public spaces has been diluted and almost 'normalised' through calling it 'eve-teasing'.","Unit 9: Lesson 4 (Story of Shilpi)"
"Manifest","প্রকাশ করা / সুস্পষ্ট করা","Demonstrate, reveal, exhibit, display","Hide, conceal, obscure, mask","Display or show a quality or feeling by one's acts or appearance.","[Unit 5: Human Rights: Are We Aware of These Rights-I?]: Article 18: Everyone has the right to freedom of thought, conscience and religion; this right includes freedom to change his religion or belief, and freedom, either alone or in community with others and in public or private, to manifest his religion or belief in teaching, practice, worship and observance.
[Unit 5: Lesson 1]: Article 18: Everyone has the right to freedom of thought, conscience and religion; this right includes freedom to change his religion or belief, and freedom, either alone or in community with others and in public or private, to manifest his religion or belief in teaching, practice, worship and observance.","Unit 5: Human Rights: Are We Aware of These Rights-I?"
"Representatives","প্রতিনিধিগণ","Delegates, spokespersons, deputies, envoys","Principals, opponents, usurpers","Persons chosen or appointed to act or speak for another or others.","Article 21: (1) Everyone has the right to take part in the government of his country, directly or through freely chosen representatives.","Unit 5: Human Rights: Are We Aware of These Rights-I?"
"Impose","চাপিয়ে দেওয়া / বলপ্রয়োগ করা","Enforce, inflict, levy, foist","Withdraw, repeal, lift, exempt","Force something unwelcome or unfamiliar to be accepted or put in place.","[Unit 5: Human Rights: Are We Aware of These Rights-II?]: Will you impose your own beliefs on them?
[Unit 5: Lesson 2]: Will you impose your own beliefs on them?","Unit 5: Human Rights: Are We Aware of These Rights-II?"
"Declaration","ঘোষণা / সনদ","Proclamation, announcement, decree, statement","Suppression, revocation, secrecy","A formal or explicit statement or announcement.","[Unit 5: Human Rights: Are We Aware of These Rights-I?]: Read the following texts which are some of the articles of the Universal Declaration of Human Rights: Article 12: No one shall be subjected to arbitrary interference with his privacy, family, home or correspondence, nor to attacks upon his honour and reputation.
[Unit 4: Lesson 2]: Read the following texts which are some of the articles of the Universal Declaration of Human Rights: Article 12: No one shall be subjected to arbitrary interference with his privacy, family, home or correspondence, nor to attacks upon his honour and reputation.
[Unit 5: Lesson 2]: Universal Declaration of Human Rights: Article 1: All human beings are born free and equal in dignity and rights.
[Unit 5: Lesson 3]: The following text has extracts from the Universal Declaration of Human Rights and is about health and education: Article 25: (1) Everyone has the right to a standard of living adequate for the health and well-being of oneself and of one's family, including food, clothing, housing and medical care and necessary social services, and the right to security in the event of unemployment, sickness, disability, widowhood, old age or other lack of livelihood in circumstances beyond his control.","Unit 5: Human Rights: Are We Aware of These Rights-I?"
"Empowered","ক্ষমতায়িত করা / সামর্থ্য দেওয়া","Authorized, enabled, liberated, strengthened","Disempowered, crippled, suppressed","Given the authority or power to do something.","How will the knowledge of this declaration help you as an empowered citizen?","Unit 5: Human Rights: Rights to Health and Education"
"Thoughtfulness","বিবেচনাশীলতা / পরার্থপরতা","Consideration, attentiveness, kindness, empathy","Selfishness, thoughtlessness, heedlessness","The state of being considerate of the needs of other people.","I found that when I tried to return his thoughtfulness with such things as candy and apples, he was wordless.","Unit 8: Relationships: A Mother in Mannville"
"Vermilion","টকটকে লাল বা সিঁদুরে বর্ণ","Scarlet, bright red, crimson, ruby","Pale, colorless, drab, dull","A brilliant red or scarlet pigment.","Other days they ran with a common ecstasy through the laurel and he brought me back vermilion maple leaves, and chestnut boughs dripping with imperial yellow.","Unit 8: Relationships: A Mother in Mannville"
"Offensive","আক্রমণ অভিযান","Assault, onslaught, push, incursion","Defense, retreat, surrender, resistance","An actively aggressive military campaign or attack.","Nguyen Ngoc Loan, chief of the National Police, fires his pistol into the head of suspected Viet Cong officer Nguyen Van Lem (also known as Bay Lop) on a Saigon street, early in the Tet Offensive of the Vietnam War.","Unit 11: Peace and Conflict: Opinions through Images"
"Equity","ন্যায়পরায়ণতা / সমান অধিকার","Fairness, justice, impartiality, even-handedness","Injustice, unfairness, inequity, bias","The quality of being fair and impartial.","It yokes concern for the environment, including all life on the planet, to commitment to social justice: human equity in terms of race, gender, religion, nationality, and class.","Unit 12: Environment and Nature: What is Environmental Justice?"
"Assimilation","আত্তীকরণ","Absorption, integration","Separation, dissimilation","The process of taking in and fully understanding information or absorbing nutrients.","[Unit 12: Environment and Nature: Limits of the Scientific Method]: The assimilation of nutrients by plants requires a balanced ecosystem.
[Unit 12: Lesson 5]: But do not ask if your theory of assimilation is going to be relevant to the yield.","Unit 12: Lesson 5 (Limits of the Scientific Method)"
"Abject","নিকৃষ্ট / চরম শোচনীয় / হীন","Miserable, despicable, heinous, wretched, degrading","Noble, proud, exalted, dignified","Experienced to the maximum degree of misery or degradation; utterly hopeless.","[Unit 4: Lesson 2]: Anything else would have been abject surrender.
[Unit 4: Transformative Speeches: Three Speeches]: Anything else would have been abject surrender.","Unit 4: Lesson 2 (Transformative Speeches)"
"Adhered","মেনে চলা / অবিচল থাকা / লেগে থাকা","Followed, observed, complied, attached, stuck","Disobeyed, violated, abandoned, strayed","Believed in and followed the practices of; stayed firm to a rule or principle.","[Unit 4: Lesson 2]: For thirty-seven years - that is until 1949 - it adhered strictly to a constitutional struggle.
[Unit 4: Transformative Speeches: Three Speeches]: For thirty-seven years - that is until 1949 - it adhered strictly to a constitutional struggle.","Unit 4: Lesson 2 (Transformative Speeches)"
"Allegation","অভিযোগ / দাবি","Accusation, charge, claim, assertion, indictment","Exoneration, vindication, defense, acquittal","A claim or assertion that someone has done something illegal or wrong, typically made without proof.","[Unit 4: Lesson 2]: This allegation has been repeated in the present case, but as I will show, the ANC is not, and never has been, a communist organization.
[Unit 4: Transformative Speeches: Three Speeches]: This allegation has been repeated in the present case, but as I will show, the ANC is not, and never has been, a communist organization.","Unit 4: Lesson 2 (Transformative Speeches)"
"Consideration","বিবেচনা / গভীর চিন্তা","Thought, reflection, deliberation, contemplation, scrutiny","Disregard, neglect, omission, oversight","Careful thought, typically over a period of time, before making a crucial decision.","[Unit 4: Lesson 2]: My colleagues and I, after careful consideration, decided that we would not obey this decree.
[Unit 4: Transformative Speeches: Three Speeches]: My colleagues and I, after careful consideration, decided that we would not obey this decree.","Unit 4: Lesson 2 (Transformative Speeches)"
"Constitution","শাসনতন্ত্র / সংবিধান","Fundamental law, charter, establishment, statute","Lawlessness, anarchy, disorganization","A body of fundamental principles or established precedents according to which a state is governed.","[Unit 4: Lesson 2]: We were to sit in the National Assembly, draw a constitution for ourselves there, and build our country.
[Unit 4: Transformative Speeches: Three Speeches]: We were to sit in the National Assembly, draw a constitution for ourselves there, and build our country.","Unit 4: Lesson 2 (Transformative Speeches)"
"Constitutional","সাংবিধানিক / আইনসম্মত","Legal, lawful, chartered, sanctioned, legitimate","Unconstitutional, illegal, unlawful, prohibited","Relating to or in accordance with an established constitution or legal framework.","[Unit 4: Lesson 2]: For thirty-seven years it adhered strictly to a constitutional struggle.
[Unit 4: Transformative Speeches: Three Speeches]: For thirty-seven years it adhered strictly to a constitutional struggle.","Unit 4: Lesson 2 (Transformative Speeches)"
"Crippled","পঙ্গু / খোঁড়া / মারাত্মকভাবে ক্ষতিগ্রস্ত","Disabled, paralyzed, incapacitated, impaired, debilitated","Healthy, vigorous, robust, strong","Severely damaged, impaired, or deprived of the ability to function properly.","[Unit 4: Lesson 2]: The life of the Negro is still sadly crippled by the manacles of segregation and the chains of discrimination.
[Unit 4: Transformative Speeches: Three Speeches]: The life of the Negro is still sadly crippled by the manacles of segregation and the chains of discrimination.","Unit 4: Lesson 2 (Transformative Speeches)"
"Dissolve","ভেঙে দেওয়া / অবসান করা / বিলুপ্ত হওয়া","Disband, disperse, terminate, dismiss, evanesce","Assemble, unite, establish, maintain","Officially close down, disband, or bring an end to a parliament, assembly, or partnership.","[Unit 4: Lesson 2]: The ANC refused to dissolve, but instead went underground.
[Unit 4: Transformative Speeches: Three Speeches]: The ANC refused to dissolve, but instead went underground.","Unit 4: Lesson 2 (Transformative Speeches)"
"Extreme","চরম / তীব্র / চূড়ান্ত","Ultimate, utmost, drastic, severe, acute","Moderate, mild, temperate, reasonable","Reaching a high or the highest degree; very severe or intense.","[Unit 4: Lesson 2]: We all accept the need for some form of socialism to enable our people to catch up with advanced countries and overcome their legacy of extreme poverty.
[Unit 4: Transformative Speeches: Three Speeches]: We all accept the need for some form of socialism to enable our people to catch up with advanced countries and overcome their legacy of extreme poverty.","Unit 4: Lesson 2 (Transformative Speeches)"
"Fatherland","পিতৃভূমি / স্বদেশ","Homeland, motherland, native land, country","Foreign land, exile, alien territory","A person's native country, especially when referred to with patriotic feelings.","[Unit 4: Lesson 2]: Amongst the tales they related to me were those of wars fought by our ancestors in defence of the fatherland.
[Unit 4: Transformative Speeches: Three Speeches]: Amongst the tales they related to me were those of wars fought by our ancestors in defence of the fatherland.","Unit 4: Lesson 2 (Transformative Speeches)"
"Hamlet","ক্ষুদ্র পল্লী / ছোট গ্রাম","Small village, settlement, township, parish","Metropolis, megacity, urban center","A small settlement, generally smaller than a village, without its own church or local administration.","[Unit 4: Lesson 2]: When we let freedom ring from every village and every hamlet, from every state and every city.
[Unit 4: Transformative Speeches: Three Speeches]: When we let freedom ring from every village and every hamlet, from every state and every city.","Unit 4: Lesson 2 (Transformative Speeches)"
"Inflicted","আরোপিত / চাপানো / কষ্টকর আঘাত হিসেবে প্রাপ্ত","Imposed, administered, dealt, perpetrated","Withheld, spared, relieved, pardoned","Caused something unpleasant or painful to be suffered by someone.","[Unit 4: Lesson 2]: Bengal's history of those years is full of stories of torture inflicted on our people.
[Unit 4: Transformative Speeches: Three Speeches]: Bengal's history of those years is full of stories of torture inflicted on our people.","Unit 4: Lesson 2 (Transformative Speeches)"
"Influence","প্রভাব / প্রতিপত্তি","Power, sway, dominance, impact, prestige","Powerlessness, weakness, insignificance","The capacity to have an effect on the character, development, or behaviour of someone or something.","[Unit 4: Lesson 2]: The suggestion that the struggle in South Africa is under the influence of foreigners or communists is wholly incorrect.
[Unit 4: Transformative Speeches: Three Speeches]: The suggestion that the struggle in South Africa is under the influence of foreigners or communists is wholly incorrect.
[Unit 4: Lesson 3]: The suggestion that the struggle in South Africa is under the influence of foreigners or communists is wholly incorrect.","Unit 4: Lesson 2 (Transformative Speeches)"
"Influenced","প্রভাবিত","Affected, inspired, swayed, motivated, touched","Uninfluenced, unaffected, detached, indifferent","Guided or affected by a particular philosophy, person, or ideology.","[Unit 4: Lesson 2]: It is true, as I have already stated, that I have been influenced by Marxist thought.
[Unit 4: Transformative Speeches: Three Speeches]: It is true, as I have already stated, that I have been influenced by Marxist thought.","Unit 4: Lesson 2 (Transformative Speeches)"
"Mighty","বিশাল / পরাক্রমশালী / মহাশক্তিশালী","Powerful, potent, colossal, majestic, sturdy","Weak, frail, tiny, puny, feeble","Possessing great and impressive power, strength, or size.","[Unit 4: Lesson 2]: Let freedom ring from the mighty mountains of New York.
[Unit 4: Transformative Speeches: Three Speeches]: Let freedom ring from the mighty mountains of New York.
[Unit 12: Lesson 1]: Once it was a tributary of the mighty Ganges and flowed into the Bay of Bengal through the river Dhaleshwari.","Unit 4: Lesson 2 (Transformative Speeches)"
"Motivated","অনুপ্রাণিত / চালিত","Inspired, driven, spurred, stimulated, prompted","Unmotivated, discouraged, disincentivized, deterred","Stimulated into action by strong desire, principle, or enthusiasm.","[Unit 4: Lesson 2]: This is what has motivated me in all that I have done in relation to the charges made against me in this case.
[Unit 4: Transformative Speeches: Three Speeches]: This is what has motivated me in all that I have done in relation to the charges made against me in this case.","Unit 4: Lesson 2 (Transformative Speeches)"
"Non-violence","অহিংসা / অহিংস আন্দোলন","Pacifism, peaceful resistance, ahimsa, passivism","Violence, aggression, bloodshed, warfare","The use of peaceful means, not force or weapons, to bring about political or social change.","[Unit 4: Lesson 2]: The sentences were suspended mainly because the Judge found that discipline and non-violence had been stressed throughout.
[Unit 4: Transformative Speeches: Three Speeches]: The sentences were suspended mainly because the Judge found that discipline and non-violence had been stressed throughout.","Unit 4: Lesson 2 (Transformative Speeches)"
"Non-violent","অহিংস / শান্তিপূর্ণ","Peaceful, bloodless, pacifist, passive, calm","Violent, aggressive, bloody, destructive","Using peaceful methods instead of force or violence.","[Unit 4: Lesson 2]: Fifty years of non-violent struggle had brought the African people nothing but more repressive legislation.
[Unit 4: Transformative Speeches: Three Speeches]: Fifty years of non-violent struggle had brought the African people nothing but more repressive legislation.","Unit 4: Lesson 2 (Transformative Speeches)"
"Proclamation","ঘোষণা / রাষ্ট্রীয় প্রজ্ঞাপন","Declaration, pronouncement, decree, manifesto, edict","Retraction, revocation, concealment, silence","A public or official announcement, especially one dealing with a matter of great importance.","[Unit 4: Lesson 2]: In 1960 there was the shooting at Sharpeville, which resulted in the proclamation of a state of emergency.
[Unit 4: Transformative Speeches: Three Speeches]: In 1960 there was the shooting at Sharpeville, which resulted in the proclamation of a state of emergency.","Unit 4: Lesson 2 (Transformative Speeches)"
"Reveal","প্রকাশ করা / উন্মোচন করা","Disclose, unveil, manifest, uncover, exhibit","Conceal, hide, obscure, cover","Make previously unknown or secret information known to others.","[Unit 4: Lesson 2]: And the glory of the Lord shall be revealed, and all flesh shall see it together.
[Unit 4: Transformative Speeches: Three Speeches]: And the glory of the Lord shall be revealed, and all flesh shall see it together.","Unit 4: Lesson 2 (Transformative Speeches)"
"Suppress","দমন করা / চেপে রাখা","Restrain, subdue, quell, crush, inhibit","Liberate, encourage, release, incite","Forcibly put an end to or prevent the development, action, or expression of people.","[Unit 4: Lesson 2]: You can't suppress seventy million people forever. Since we have learned to sacrifice ourselves no one can suppress us anymore.
[Unit 4: Transformative Speeches: Three Speeches]: You can't suppress seventy million people forever. Since we have learned to sacrifice ourselves no one can suppress us anymore.","Unit 4: Lesson 2 (Transformative Speeches)"
"Symphony","ঐকতানসংগীত / সুরের অপূর্ব মেলবন্ধন","Harmonious composition, musical harmony, concord, unison","Discord, cacophony, clamour, dissonance","An elaborate musical composition or an agreeable, harmonious blending of sounds and spirits.","[Unit 4: Lesson 2]: With this faith we will be able to transform the jangling discords of our nation into a beautiful symphony of brotherhood.
[Unit 4: Transformative Speeches: Three Speeches]: With this faith we will be able to transform the jangling discords of our nation into a beautiful symphony of brotherhood.","Unit 4: Lesson 2 (Transformative Speeches)"
"Degradation","পরিবেশ দূষণ বা অবক্ষয়","Deterioration, degeneration, decline, breakdown","Improvement, restoration, conservation, renewal","The condition or process of degrading or being degraded.","[Unit 12: Environment and Nature: The Greta Effect]: Did you ever feel angry like Greta seeing environmental degradation in your locality?
[Unit 4: Lesson 3]: Did you ever feel angry like Greta seeing environmental degradation in your locality?","Unit 12: Environment and Nature: The Greta Effect"
"Perseverance","অধ্যবসায় / অবিচল নিষ্ঠা ও একনিষ্ঠ সাধনা","Persistence, dedication, tenacity, steadfastness, resolve","Laziness, quitting, surrender, irresolution","Persistence in doing something despite difficulty or delay in achieving success.","[Unit 7: Lesson 2]: Factors like chance, dedication and creating opportunities are important for anyone's success, but a sportsperson should also have discipline and perseverance to succeed.
[Unit 7: Youthful Achievers: Scaling a Mountain Peak]: Factors like chance, dedication and creating opportunities are important for anyone's success, but a sportsperson should also have discipline and perseverance to succeed.","Unit 7: Lesson 2 (Scaling a Mountain Peak)"
"Maintenance","রক্ষণাবেক্ষণ / সংস্কার / দেখাশোনা","Upkeep, preservation, conservation, sustenance","Neglect, destruction, abandonment, disregard","The process of preserving a condition or keeping something in good repair.","[Unit 1: Lesson 1]: A large maintenance crew was needed, and more personnel to supervise them.
[Unit 5: Lesson 3]: It shall promote understanding, tolerance and friendship among all nations, racial or religious groups, and shall further the activities of the United Nations for the maintenance of peace.","Unit 1: Lesson 1 (The Parrot's Tale)"
"Satire","ব্যঙ্গরচনা / বিদ্রূপাত্মক সাহিত্য","Parody, lampoon, sarcasm, irony, mockery","Praise, tribute, eulogy, panegyric","The use of humor, irony, or exaggeration to expose human folly and vices.","Once upon a time there lived a bird.","Unit 1: Lesson 1 (The Parrot's Tale)"
"Senior","বয়োজ্যেষ্ঠ / ঊর্ধ্বতন / প্রবীণ ব্যক্তি","Elder, Older, Superior, Higher-ranking","Junior, Subordinate, Youth, Minor","A person who is older or has a higher rank or standing than another.","Greet the most senior first and gradually others.","Unit 10: Lesson 1 (Manners Around the World)"
"Pose","সৃষ্টি করা / উত্থাপন করা","Cause, present, create, produce","Hide, conceal, resolve","To present or constitute a problem, danger, or difficulty.","In addition, even when services do exist, provider attitudes about adolescents often pose a significant barrier to the use of those services.","Unit 9: Lesson 1 (Storms and Stresses of Adolescence)"
"Tremendous","বিশাল / প্রচণ্ড / অসাধারণ","Great, awesome, immense, colossal, huge","Tiny, insignificant, trivial, slight","Extremely great in scale, amount, intensity, or potential.","Unit Nine: Adolescence Lesson 1 Storms and Stresses of Adolescence A.","Unit 9: Lesson 1 (Storms and Stresses of Adolescence)"
"Distinguished","বিশিষ্ট / প্রখ্যাত / অনন্য মর্যাদাপূর্ণ","Eminent, illustrious, celebrated, renowned, honored","Obscure, unknown, undistinguished, common","Successful, authoritative, and commanding great public respect.","Sheikh Mohammed Sultan, widely known as S M Sultan, was a distinguished Bangladeshi painter renowned for his distinctive personal and artistic style.","Unit 2: Lesson 3 (Art)"
"Mourned","শোক প্রকাশ করল / বিলাপ করল / কাতর হলো","Grieved, lamented, sorrowed, deplored, wept for","Celebrated, rejoiced, rejoiced at","Felt or expressed deep sorrow for the death of someone loved.","He eventually reached Sicily, where he mourned Icarus and named the sea where his son fell the Icarian Sea in his memory.","Unit 3: Lesson 2 (Icarus)"
"Apparent","দৃশ্যমান / স্পষ্ট / আপাতদৃষ্ট","Evident, visible, noticeable, obvious, perceptible","Hidden, concealed, obscure, disguised","Clearly visible or understood; seeming rather than actual.","He is usually depicted in paats or scroll paintings riding a fierce-looking Bengal tiger, a snake in his hand, but in no apparent danger.","Unit 3: Lesson 3 (The Legend of Gazi)"
"Grit","দৃঢ় মানসিক মনোবল / অটল সাহসিকতা ও চরিত্রবল","Courage, resolve, determination, pluck, fortitude","Cowardice, spinelessness, timidity","Courage and resolve; strength of character.","Apart from stamina and practice of long distance swimming, one must have the grit, determination and courage to subdue the Channel.","Unit 7: Lesson 1 (Brojen Das)"
"Proverbial","প্রবাদপ্রতিম / বহুল পরিচিত ও দৃষ্টান্তমূলক","Legendary, well-known, famous, celebrated, renowned","Unknown, obscure, nameless","Well known, especially so as to be stereotypical.","I could see the record, like the proverbial carrot, dangling before my swollen eyes....","Unit 7: Lesson 1 (Brojen Das)"
"Miniature","ক্ষুদ্র সংস্করণের / ক্ষুদ্রাকৃতির খেলনা","Small-scale, tiny, diminutive, compact, micro","Giant, colossal, immense, massive","Representing or being on a small or much smaller scale than normal.","While toys for boys include cars, guns or footballs, girls have to be satisfied with dolls (often Barbie dolls) and doll-houses or miniature cooking utensils.","Unit 7: Lesson 3 (The Unbeaten Girls)"
"Instant","তাৎক্ষণিক / আশু","Immediate, instantaneous, prompt, swift","Delayed, sluggish, gradual, postponed","Happening or coming immediately.","As a tool in the classroom, AI can provide students with personalised learning experiences, automate repetitive tasks and provide instant feedback.","Unit 1: Education and Life: Education and Technology"
"Heritage","ঐতিহ্য / উত্তরাধিকার","Inheritance, legacy, tradition, cultural birthright","Novelty, disconnection, alienation","Property or cultural attributes that are inherited from past generations.","Bangladesh has a heritage of rich folk music which includes both religious and secular songs.","Unit 2: Art and Craft: Folk Music"
"Consciousness","চেতনা / সচেতনতা","Awareness, mindfulness, perception, alertness","Unconsciousness, oblivion, ignorance","The state of being aware of and responsive to one's surroundings or rights.","Educational Consciousness: It is said that education makes an individual aware of his/her own rights and the rights of others.","Unit 5: Human Rights: Rights to Health and Education"
"Repose","বিশ্রাম করা","Relax, recline","Move, energize","A state of rest, sleep, or tranquility; be situated in peace.","[Unit 11: Peace and Conflict: Peace in Literature]: Make bread of it: and that repose and peace, which ev'ry where.
[Unit 11: Lesson 4]: Take of this grain, which in my garden grows, And grows for you; Make bread of it: and that repose And peace, which ev'ry where With so much earnestness you do pursue, Is only there.","Unit 11: Lesson 4 (Peace in Literature)"
"Ballad","গাথা কবিতা / গীতিকবিতা","Poem, narrative verse, song, folk lyric","Treatise, monograph, document","A poem or song narrating a story in short stanzas.","[Unit 11: Peace and Conflict: Stories From Gaza]: Springsteen wrote the song for his 1995 album, inspired by Woody Guthrie's ""The Ballad of Tom Joad."" Guthrie's ballad, in turn, was inspired by John Steinbeck's 1939 novel, The Grapes of Wrath.
[Unit 12: Lesson 1]: Coleridge's poem, a ballad, narrates the harrowing sea-voyage of an old mariner who at one point of his journey didn't have any water to drink because of a curse.","Unit 11: Peace and Conflict: Stories From Gaza"
"Advanced","উন্নত / প্রগতিশীল / আধুনিক","Developed, progressive, forward-looking, refined","Basic, primitive, backward, undeveloped","Far along in progress or development; ahead of standard times.","[Unit 4: Lesson 2]: We all accept the need for some form of socialism to enable our people to catch up with the advanced countries of this world.
[Unit 4: Transformative Speeches: Three Speeches]: We all accept the need for some form of socialism to enable our people to catch up with the advanced countries of this world.","Unit 4: Lesson 2 (Transformative Speeches)"
"Anarchy","নৈরাজ্য / বিশৃঙ্খলা / অরাজকতা","Misrule, chaos, lawlessness, disorder, turmoil","Order, discipline, lawfulness, governance, harmony","A state of disorder due to absence or non-recognition of authority or other controlling systems.","[Unit 4: Lesson 2]: They feared that unchecked oppression would inevitably lead to widespread social anarchy.
[Unit 4: Transformative Speeches: Three Speeches]: They feared that unchecked oppression would inevitably lead to widespread social anarchy.","Unit 4: Lesson 2 (Transformative Speeches)"
"Convicted","দোষী সাব্যস্ত / দণ্ডপ্রাপ্ত","Sentenced, condemned, found guilty, imprisoned","Acquitted, cleared, exonerated, released","Having been officially found guilty of a criminal offense by the verdict of a jury or judge.","[Unit 4: Lesson 2]: I am a convicted prisoner serving five years for leaving the country without a permit.
[Unit 4: Transformative Speeches: Three Speeches]: I am a convicted prisoner serving five years for leaving the country without a permit.","Unit 4: Lesson 2 (Transformative Speeches)"
"Import","তাৎপর্য / নিহিতার্থ / গুরুত্ব","Significance, implication, meaning, importance, weight","Insignificance, triviality, meaninglessness","The implicit meaning, significance, or profound importance of something.","[Unit 4: Lesson 2]: You are fully aware of the events that are going on and understand their import.
[Unit 4: Transformative Speeches: Three Speeches]: You are fully aware of the events that are going on and understand their import.","Unit 4: Lesson 2 (Transformative Speeches)"
"Anti-colonial","উপনিবেশকতার বিরোধী / ঔপনিবেশিকতাবিরোধী","Independence-seeking, nationalist, anti-imperialist, liberationist","Colonial, imperialist, subjugating","Opposed to colonial rule or imperialism; seeking national sovereignty and independence.","[Unit 4: Lesson 3]: In 1923, she founded Deepali Sangha which served as a training institute for anti-colonial activists.
[Unit 4: Great Women: Pioneers of Education & Science]: In 1923, she founded Deepali Sangha which served as a training institute for anti-colonial activists.","Unit 4: Lesson 3 (Great Women)"
"Assert","জোর দাবি করা / প্রতিষ্ঠিত করা","Proclaim, insist on, affirm, declare, maintain","Deny, oppose, disclaim, surrender","State a fact or belief confidently and forcefully; promote rights or leadership qualities.","[Unit 4: Lesson 3]: To give women a positive image in the community and to assert their leadership qualities.
[Unit 4: Great Women: Pioneers of Education & Science]: To give women a positive image in the community and to assert their leadership qualities.","Unit 4: Lesson 3 (Great Women)"
"Awareness","সচেতনতা / সংবেদনশীলতা","Consciousness, mindfulness, responsiveness, understanding, recognition","Unconsciousness, ignorance, obliviousness, heedlessness","Knowledge or perception of a situation, fact, or critical environmental need.","[Unit 4: Lesson 3]: The overall aim has been to create public awareness of the need to protect the environment through tree planting and sustainable management.
[Unit 4: Great Women: Pioneers of Education & Science]: The overall aim has been to create public awareness of the need to protect the environment through tree planting and sustainable management.","Unit 4: Lesson 3 (Great Women)"
"Barricade","প্রতিবন্ধক / প্রতিরোধ প্রাচীর","Blockade, barrier, hurdle, obstacle, defense, roadblock","Open path, free passage, access","An improvised barrier that blocks passage and prevents progress during social movements.","[Unit 4: Lesson 3]: In Cheman Ara's article entitled 'The Women who broke the barricades', it is stated that their names shine through.
[Unit 4: Great Women: Pioneers of Education & Science]: In Cheman Ara's article entitled 'The Women who broke the barricades', it is stated that their names shine through.","Unit 4: Lesson 3 (Great Women)"
"Celebrated","সুপ্রসিদ্ধ / নন্দিত","Famous, renowned, eminent, distinguished, notable, admired","Unknown, obscure, infamous, notorious","Widely known and praised for great creative or intellectual accomplishments.","[Unit 4: Lesson 3]: She was simultaneously an educationist, a theatre actor, a journalist, columnist, a poet, and a celebrated writer.
[Unit 4: Great Women: Pioneers of Education & Science]: She was simultaneously an educationist, a theatre actor, a journalist, columnist, a poet, and a celebrated writer.","Unit 4: Lesson 3 (Great Women)"
"Defamation","মানহানি / অপবাদ / কলঙ্ক লেপন","Slander, vilification, calumny, libel, disparagement","Praise, compliment, commendation, honor","The action of damaging the good reputation of someone through false claims.","[Unit 4: Lesson 3]: Standing up for a democratic, multi-ethnic Kenya, she was subjected to defamation, persecution, detention and physical attacks.
[Unit 4: Great Women: Pioneers of Education & Science]: Standing up for a democratic, multi-ethnic Kenya, she was subjected to defamation, persecution, detention and physical attacks.","Unit 4: Lesson 3 (Great Women)"
"Democratic","গণতান্ত্রিক / সমতাভিত্তিক","Self-governing, autonomous, representative, egalitarian","Autocratic, repressive, tyrannical, authoritarian","Relating to or supporting democracy or its principles of equality and liberty.","[Unit 4: Lesson 3]: Standing up for a democratic, multi-ethnic Kenya, she was subjected to defamation, persecution, detention and physical attacks.
[Unit 4: Great Women: Pioneers of Education & Science]: Standing up for a democratic, multi-ethnic Kenya, she was subjected to defamation, persecution, detention and physical attacks.","Unit 4: Lesson 3 (Great Women)"
"Earnest","আন্তরিক / পূর্ণোদ্যমে নিয়োজিত","Heartfelt, warm, sincere, solemn, serious, resolute","Superficial, frivolous, insincere, casual","Resulting from or showing sincere and intense conviction and dedication.","[Unit 4: Lesson 3]: In 1918 the Radium Institute began to operate in earnest, and it was to become a universal centre for nuclear physics and chemistry.
[Unit 4: Great Women: Pioneers of Education & Science]: In 1918 the Radium Institute began to operate in earnest, and it was to become a universal centre for nuclear physics and chemistry.","Unit 4: Lesson 3 (Great Women)"
"Educationist","শিক্ষাবিদ / শিক্ষাব্রতী","Educationalist, educator, academician, scholar, pedagogue","Pupil, student, learner","A specialist in the theory and practice of education.","[Unit 4: Lesson 3]: She was simultaneously an educationist, a theatre actor, a journalist, columnist, a poet, and a celebrated writer.
[Unit 4: Great Women: Pioneers of Education & Science]: She was simultaneously an educationist, a theatre actor, a journalist, columnist, a poet, and a celebrated writer.","Unit 4: Lesson 3 (Great Women)"
"Emancipation","মুক্তি / স্বাধীনতা / শৃংখলমোচন","Liberation, freedom, deliverance, enfranchisement","Enslavement, oppression, subjugation, bondage","The fact or process of being set free from legal, social, or political restrictions.","[Unit 4: Lesson 3]: Apart from her contribution to women's emancipation, Leela consistently voiced her opinions in politics as well.
[Unit 4: Great Women: Pioneers of Education & Science]: Apart from her contribution to women's emancipation, Leela consistently voiced her opinions in politics as well.","Unit 4: Lesson 3 (Great Women)"
"Enshrined","সযত্নে সুরক্ষিত রাখা / মর্যাদার সাথে প্রতিষ্ঠিত","Preserved, cherished, treasured, honored, safeguarded","Desecrated, defiled, forgotten, rejected","Placed a revered or precious object or memory in an appropriate shrine or sanctuary.","[Unit 4: Lesson 3]: In 1995 Marie Curie's ashes were enshrined in the Panthéon in Paris; she was the first woman to receive this honour for her own achievements.
[Unit 4: Great Women: Pioneers of Education & Science]: In 1995 Marie Curie's ashes were enshrined in the Panthéon in Paris; she was the first woman to receive this honour for her own achievements.","Unit 4: Lesson 3 (Great Women)"
"Expose","(সত্য) প্রকাশ করা / উন্মোচন করা","Uncover, reveal, disclose, lay bare, unmask","Cover, hide, conceal, mask","Make something visible by uncovering it; reveal the true, objectionable nature of something.","[Unit 4: Lesson 3]: Amin exposes the brutality of the 1971 Liberation War through stark images in her poems.
[Unit 4: Great Women: Pioneers of Education & Science]: Amin exposes the brutality of the 1971 Liberation War through stark images in her poems.","Unit 4: Lesson 3 (Great Women)"
"Immediate","আশু / অবিলম্বে প্রয়োজন এমন","Imminent, urgent, pressing, instant, prompt","Distant, eventual, delayed, deferred","Occurring or done at once; nearest in time or relationship.","[Unit 4: Lesson 3]: Using the income to meet immediate domestic needs such as education of their children.
[Unit 4: Great Women: Pioneers of Education & Science]: Using the income to meet immediate domestic needs such as education of their children.","Unit 4: Lesson 3 (Great Women)"
"Insecurity","নিরাপত্তাহীনতা / অনিশ্চয়তা","Uncertainty, vulnerability, peril, instability, anxiety","Security, stability, certainty, safety","Uncertainty or anxiety about oneself; lack of confidence or protection.","[Unit 4: Lesson 3]: Assists people to make the link between environmental degradation and many of the problems they face, including poverty and livelihood insecurity.
[Unit 4: Great Women: Pioneers of Education & Science]: Assists people to make the link between environmental degradation and many of the problems they face, including poverty and livelihood insecurity.","Unit 4: Lesson 3 (Great Women)"
"Intensive","প্রগাঢ় / গভীর / কঠোর শ্রমসাধ্য","Concentrated, rigorous, exhaustive, thorough, profound","Sketchy, superficial, easy, casual","Concentrated on a single subject or into a short time; very thorough or vigorous.","[Unit 4: Lesson 3]: The birth of her two daughters did not interrupt Marie's intensive scientific work.
[Unit 4: Great Women: Pioneers of Education & Science]: The birth of her two daughters did not interrupt Marie's intensive scientific work.","Unit 4: Lesson 3 (Great Women)"
"Legacy","ঐতিহ্য / পরম্পরা / উত্তরাধিকার","Heritage, tradition, bequest, succession, footprint","Debt, blank slate, eradication","Something left or handed down by a predecessor; lasting achievements.","[Unit 4: Lesson 3]: Rokeya's legacy is strong among subsequent generations of women in the region.
[Unit 4: Great Women: Pioneers of Education & Science]: Rokeya's legacy is strong among subsequent generations of women in the region.","Unit 4: Lesson 3 (Great Women)"
"Protest","প্রতিবাদ / বিক্ষোভ / গণদাবি","Objection, demonstration, rally, dissent, grievance","Agreement, approval, submission, compliance","A statement or action expressing disapproval of or objection to something.","[Unit 4: Lesson 3]: She was the only woman seen standing near Sheikh Mujibur Rahman during those protests.
[Unit 4: Great Women: Pioneers of Education & Science]: She was the only woman seen standing near Sheikh Mujibur Rahman during those protests.","Unit 4: Lesson 3 (Great Women)"
"Showcased","উন্মোচন করেছিল / ফুটিয়ে তুলেছিল","Displayed, exhibited, presented, demonstrated, featured","Concealed, masked, shrouded, obscured","Exhibited or displayed prominently in an attractive manner.","[Unit 4: Lesson 3]: Razia Khan Amin, who joined as a faculty member of the department in 1962, showcased her activism through her writing and her cultural interests.
[Unit 4: Great Women: Pioneers of Education & Science]: Razia Khan Amin, who joined as a faculty member of the department in 1962, showcased her activism through her writing and her cultural interests.","Unit 4: Lesson 3 (Great Women)"
"Superior","শ্রেয়তর / অপেক্ষাকৃত উৎকৃষ্ট","Better, higher, finer, advanced, surpassing","Inferior, poorer, subordinate","Higher in rank, status, or quality than another.","[Unit 4: Lesson 3]: Pitchblende, a mineral whose activity, superior to that of pure uranium, could be explained only by the presence in the ore of small quantities of an unknown substance.
[Unit 4: Great Women: Pioneers of Education & Science]: Pitchblende, a mineral whose activity, superior to that of pure uranium, could be explained only by the presence in the ore of small quantities of an unknown substance.","Unit 4: Lesson 3 (Great Women)"
"Virtually","কার্যত / প্রায় পুরোপুরি","Nearly, almost, practically, effectively","Completely, entirely, partially","Nearly; almost; for all practical purposes.","[Unit 4: Lesson 3]: Sklodowska worked far into the night in her student-quarters garret and virtually lived on bread and butter and tea.
[Unit 4: Great Women: Pioneers of Education & Science]: Sklodowska worked far into the night in her student-quarters garret and virtually lived on bread and butter and tea.","Unit 4: Lesson 3 (Great Women)"
"Impulse","আকস্মিক তাড়না বা খেয়াল","Urge, whim, instinct, compulsion, caprice","Premeditation, deliberation, planning, restraint","A sudden strong and unreflective urge or desire to act.","[Unit 5: Human Rights: Are We Aware of These Rights-I?]: Vocabulary Matching Charter: - asylum: protection granted by a nation to someone who has left his or her native country as a political refugee - arbitrarily: determined by chance, whim or impulse and not by reason or principle - persecution: hostility and ill-treatment, especially because of race or political or religious beliefs - dissolution: the closing down or dismissal of an assembly, body etc.
[Unit 5: Lesson 1]: Vocabulary Matching Charter: - asylum: protection granted by a nation to someone who has left his or her native country as a political refugee - arbitrarily: determined by chance, whim or impulse and not by reason or principle - persecution: hostility and ill-treatment, especially because of race or political or religious beliefs - dissolution: the closing down or dismissal of an assembly, body etc.","Unit 5: Human Rights: Are We Aware of These Rights-I?"
"Dissolution","অবসান / বিলুপ্তি / অবলুপ্তি","End, extinction, termination, conclusion, disbandment","Beginning, retention, commencement, inauguration","The closing down or dismissal of an assembly, partnership, or official body.","[Unit 5: Lesson 1]: Vocabulary Matching Charter: - asylum: protection granted by a nation to someone who has left his or her native country as a political refugee - arbitrarily: determined by chance, whim or impulse and not by reason or principle - persecution: hostility and ill-treatment, especially because of race or political or religious beliefs - dissolution: the closing down or dismissal of an assembly, body etc.
[Unit 5: Human Rights: Declarations of Human Rights]: Dissolution: the closing down or dismissal of an assembly, body etc.","Unit 5: Lesson 1 (Are We Aware of These Rights-I?)"
"Frontier","সীমান্ত / সীমানা / ভৌগোলিক পরিধি","Borderline, boundary, limit, perimeter, edge","Centre, interior, core","A line or border separating two countries or regions; outer limits of knowledge or media.","[Unit 5: Lesson 1]: Article 19: Everyone has the right to freedom of opinion and expression; this right includes freedom to hold opinions without interference and to seek, receive and impart information and ideas through any media and regardless of frontiers.
[Unit 5: Human Rights: Declarations of Human Rights]: Everyone has the right to seek, receive and impart information and ideas through any media and regardless of frontiers.","Unit 5: Lesson 1 (Are We Aware of These Rights-I?)"
"Imply","ইঙ্গিত করা / সূচিত করা / পরোক্ষভাবে বোঝানো","Indicate, suggest, hint, denote, signify","State explicitly, declare, express directly","Indicate the truth or existence of something by suggestion rather than explicit statement.","[Unit 5: Lesson 1]: Unit Five: Human Rights | Lesson 1: Are We Aware of These Rights-I?
[Unit 5: Human Rights: Declarations of Human Rights]: These universal human rights imply that every human being is born free and equal in dignity and rights.","Unit 5: Lesson 1 (Are We Aware of These Rights-I?)"
"Invoke","প্রার্থনা করা / অধিকার দাবি করা / কার্যকর করার আহ্বান জানানো","Pray, beg, crave, request, petition, appeal to","Waive, revoke, relinquish, dismiss","Cite or appeal to someone or something as an authority for an action or in support of an argument.","[Unit 5: Lesson 1]: Unit Five: Human Rights | Lesson 1: Are We Aware of These Rights-I?
[Unit 5: Human Rights: Declarations of Human Rights]: This right may not be invoked in the case of prosecutions genuinely arising from non-political crimes.","Unit 5: Lesson 1 (Are We Aware of These Rights-I?)"
"Reputation","সুনাম / খ্যাতি / সুখ্যাতি","Renown, fame, name, prestige, stature, standing","Notoriety, disreputableness, infamy, dishonor","The beliefs or opinions that are generally held about someone or something.","[Unit 5: Lesson 1]: Read the following texts which are some of the articles of the Universal Declaration of Human Rights: Article 12: No one shall be subjected to arbitrary interference with his privacy, family, home or correspondence, nor to attacks upon his honour and reputation.
[Unit 5: Human Rights: Declarations of Human Rights]: No one shall be subjected to arbitrary interference with his privacy nor to attacks upon his honour and reputation.","Unit 5: Lesson 1 (Are We Aware of These Rights-I?)"
"Whim","খেয়াল / খামখেয়ালিপনা","Caprice, impulse, fancy, vagary, quirk","Deliberation, reason, consistency, principle","A sudden desire or change of mind, especially one that is unusual or unexplained.","[Unit 5: Lesson 1]: Vocabulary Matching Charter: - asylum: protection granted by a nation to someone who has left his or her native country as a political refugee - arbitrarily: determined by chance, whim or impulse and not by reason or principle - persecution: hostility and ill-treatment, especially because of race or political or religious beliefs - dissolution: the closing down or dismissal of an assembly, body etc.
[Unit 5: Human Rights: Declarations of Human Rights]: Arbitrarily: determined by chance, whim or impulse and not by reason or principle.","Unit 5: Lesson 1 (Are We Aware of These Rights-I?)"
"Invent","উদ্ভাবন করা / সৃষ্টি করা","Create, devise, formulate, originate, design","Destroy, shatter, demolish, ruin","To create or design something that has not existed before.","ho succeeded in inventing machine he desired long time.","Unit 10: Lesson 2 (Etiquette Netquette)"
"Forbid","নিষেধ করা / বারণ করা","Prohibit, prevent, disallow, ban, bar","Allow, permit, approve, authorize","To refuse to allow something; prohibit.","Lifestyle B.","Unit 10: Lesson 2 (Etiquette Netquette)"
"Disposition","স্বভাব / মানসিক মেজাজ / প্রকৃতি","Temperament, nature, personality, character, mood","Attitude shift, disinclination","A person's inherent qualities of mind and character; natural temperament.","Having a naturally sunny disposition and being a bit absent- minded gave her an air of itmocence.","Unit 1: Lesson 3 (Children in School)"
"Creed","ধর্মবিশ্বাস / মতবাদ / মূলনীতি","Faith, dogma, doctrine, belief, persuasion","Disbelief, skepticism, agnosticism","A set of religious beliefs or principles that guide someone's actions.","[Unit 2: Lesson 2]: He preached religious tolerance and rejected social differences based on class, caste and creed.
[Unit 4: Lesson 2]: He preached religious tolerance and rejected social differences based on class, caste and creed.","Unit 2: Lesson 2 (Folk Music)"
"Asylum","রাজনৈতিক বা মানবিক আশ্রয় / নিরাপদ শরণার্থী স্থান","Refuge, sanctuary, haven, shelter, protection","Expulsion, eviction, deportation","The protection granted by a nation to someone who has left their native country as a political refugee.","Article 14: (1) Everyone has the right to seek and to enjoy in other countries asylum from persecution.","Unit 5: Lesson 1 (Are We Aware of These Rights-I?)"
"Colliery","কয়লা খনি ও সংলগ্ন কারখানা চত্বর","Coalmine, pit, quarry, excavation shaft","Open meadow, farmland","A coal mine and the buildings connected with it.","We will read three testimonies collected by Lord Ashley's commission that investigated a serious accident at Huskar Colliery, Yorkshire in 1838.","Unit 5: Lesson 4 (Coal Miners)"
"Impression","অভিভাবনা / প্রভাব বা ধারণা","Perception, notion, imprint, belief","Fact, tangible evidence, reality","An idea, feeling, or opinion about something or someone.","[Unit 5: Human Rights: Coal Miners]: What is your impression about these three children's education?
[Unit 4: Lesson 2]: What is your impression about these three children's education?","Unit 5: Human Rights: Coal Miners"
"Belief","বিশ্বাস / ধর্মানুভূতি / নিজস্ব দৃষ্টিভঙ্গি","Opinion, view, conviction, faith, creed","Disbelief, skepticism, doubt, incredulity","An acceptance that something exists or is true, especially one without proof; religious conviction.","[Unit 5: Lesson 2]: freedom of belief iii.
[Unit 5: Human Rights: Civil Freedoms]: Some of your friends do not agree with you on certain issues; they have their own beliefs.","Unit 5: Lesson 2 (Are We Aware of These Rights-II?)"
"Issue","বিচার্য বিষয় / প্রসঙ্গ / বিতর্কিত আলোচ্য","Matter, subject, topic, problem, question","Non-issue, irrelevance","An important topic or problem for debate or discussion.","[Unit 5: Lesson 2]: Some of your friends do not agree with you on certain issues.
[Unit 5: Human Rights: Civil Freedoms]: Some of your friends do not agree with you on certain issues.","Unit 5: Lesson 2 (Are We Aware of These Rights-II?)"
"Prohibit","আইন দ্বারা নিষেধ করা / নিষিদ্ধ করা","Forbid, ban, bar, disallow, outlaw, interdict","Allow, permit, legalize, authorize","Formally forbid something by law, rule, or other authority.","[Unit 5: Lesson 2]: Read the declarations and core protections: - Article 4: No one shall be held in slavery or servitude; slavery and the slave trade shall be prohibited in all their forms.
[Unit 5: Human Rights: Civil Freedoms]: Slavery and the slave trade shall be prohibited in all their forms.","Unit 5: Lesson 2 (Are We Aware of These Rights-II?)"
"Protection","সুরক্ষা / নিরাপত্তা বিধান","Safety, defence, safeguarding, shield, security","Vulnerability, danger, peril, endangerment","The action of protecting someone or something, or the state of being protected.","[Unit 5: Lesson 2]: protection against abuse ix.
[Unit 5: Human Rights: Civil Freedoms]: All are equal before the law and are entitled without any discrimination to equal protection of the law.","Unit 5: Lesson 2 (Are We Aware of These Rights-II?)"
"Comply","সম্মত হওয়া / নিয়ম মেনে চলা","Agree, follow, obey, observe, conform to, abide by","Disobey, defy, rebel, violate","Act in accordance with a wish or command; meet specified standards.","[Unit 5: Lesson 3]: Unit Five: Human Rights | Lesson 3: Rights to Health and Education A.
[Unit 5: Human Rights: Health and Education]: Every member state is bound to comply with the declarations and charters of human rights.","Unit 5: Lesson 3 (Rights to Health and Education)"
"Entitle","অধিকার প্রদান করা / আইনসম্মত প্রাপ্যতা দেওয়া","Legitimize, qualify, authorize, sanction, empower","Prevent, forbid, disqualify, deny","Give someone a legal right or a just claim to receive or do something.","[Unit 5: Lesson 3]: (2) Motherhood and childhood are entitled to special care and assistance.
[Unit 5: Human Rights: Health and Education]: Motherhood and childhood are entitled to special care and assistance.","Unit 5: Lesson 3 (Rights to Health and Education)"
"Livelihood","জীবিকা / অন্নসংস্থান","Occupation, living, vocation, income, sustenance, employment","Unemployment, insolvency, poverty","A means of securing the necessities of life.","[Unit 5: Lesson 3]: The following text has extracts from the Universal Declaration of Human Rights and is about health and education: Article 25: (1) Everyone has the right to a standard of living adequate for the health and well-being of oneself and of one's family, including food, clothing, housing and medical care and necessary social services, and the right to security in the event of unemployment, sickness, disability, widowhood, old age or other lack of livelihood in circumstances beyond his control.
[Unit 5: Human Rights: Health and Education]: Or other lack of livelihood in circumstances beyond his control.","Unit 5: Lesson 3 (Rights to Health and Education)"
"Personality","ব্যক্তিত্ব / চারিত্রিক বৈশিষ্ট্য","Identity, character, individuality, temperament, nature","Impersonality, uniformity","The combination of characteristics or qualities that form an individual's distinctive character.","[Unit 5: Lesson 3]: (2) Education shall be directed to the full development of the human personality and to the strengthening of respect for human rights and fundamental freedoms.
[Unit 5: Human Rights: Health and Education]: Education shall be directed to the full development of the human personality.","Unit 5: Lesson 3 (Rights to Health and Education)"
"Widowhood","বৈধব্য / স্বামীহারা অবস্থা","Bereavement of husband, loss of spouse","Matrimony, wedlock","The state or period of being a widow.","[Unit 5: Lesson 3]: The following text has extracts from the Universal Declaration of Human Rights and is about health and education: Article 25: (1) Everyone has the right to a standard of living adequate for the health and well-being of oneself and of one's family, including food, clothing, housing and medical care and necessary social services, and the right to security in the event of unemployment, sickness, disability, widowhood, old age or other lack of livelihood in circumstances beyond his control.
[Unit 5: Human Rights: Health and Education]: In the event of unemployment, sickness, disability, widowhood, old age or other lack of livelihood.","Unit 5: Lesson 3 (Rights to Health and Education)"
"Oriented","প্রণোদিত / নির্দিষ্ট লক্ষ্যাভিমুখী","Adjusted, aligned, directed, focused, tailored","Disoriented, undirected, haphazard","Aligned, directed toward or focused on a particular topic or cause.","[Unit 5: Lesson 4]: Unit Five: Human Rights | Lesson 4: Coal Miners A.
[Unit 5: Human Rights: Coal Miners]: 'Sharing the Earth' is a collection of justice-oriented environmental writings.","Unit 5: Lesson 4 (Coal Miners)"
"Rake","কয়লা বহনের এককালীন যাত্রা বা চক্র","Trip, journey, round, haul, shift","Rest, pause, standstill","A journey or haul made by coal carts or miners back and forth along the mine shaft.","[Unit 5: Lesson 4]: ] Isabella Read, Age: 12 years: ""I am wrought with sister and brother; it is very sore work; cannot say how many rakes or journeys I make from pit's bottom to wall face and back, it may be about 30 or 25 on average; the distance varies from 100 to 250 fathom (1 fathom = 1.
[Unit 5: Human Rights: Coal Miners]: Cannot say how many rakes or journeys I make from pit's bottom to wall face and back.","Unit 5: Lesson 4 (Coal Miners)"
"Testimonies","সাক্ষ্য / চাক্ষুষ বিবৃতি ও প্রমাণমালা","Statements, evidence, declarations, affidavits, accounts","Denials, retractions, fables","Formal written or spoken statements, especially given in an investigation or court.","Historical Context & Testimonies: 'Sharing the Earth' is a collection of justice-oriented environmental writings.","Unit 5: Lesson 4 (Coal Miners)"
"Unlettered","নিরক্ষর / অশিক্ষিত / বিদ্যাবুদ্ধিহীন","Illiterate, uneducated, unlearned, ignorant","Literate, educated, learned, scholarly","Not educated; illiterate; unable to read or write.","It was unlettered.","Unit 1: Lesson 1 (The Parrot's Tale)"
"Norm","সামাজিক রীতি / প্রচলিত প্রথা / আদর্শ মাপকাঠি","Standard, convention, custom, rule, tradition","Anomaly, exception, irregularity, deviation","A standard or pattern, especially of social behavior, that is typical or expected of a group.","Politely refusing a gift before accepting it is the norm in Chinese culture, so don't be discouraged when initially someone refuses your gift.","Unit 10: Lesson 1 (Manners Around the World)"
"Racking","তীব্রভাবে চিন্তা করা / মাথা খাটানো / তোলপাড় করা","Straining, agonizing, searching, tormenting, pondering deeply","Relaxing, resting, easing, soothing","Subjecting someone or one's mind to extreme mental effort or strain.","Education and Life 15 The two ""gateposts"" were clearly trees with roots.","Unit 1: Lesson 3 (Children in School)"
"Abreast","তাল মিলিয়ে / সমান গতিতে বা হালনাগাদ থাকা","Up to date, alongside, abreast of, informed of","Behind, lagging, unaware, ignorant","Up to a particular standard or keeping up with recent developments.","While art is considered intuitive and visionary, craft is seen to be a practical application of certain skills for producing objects of everyday use that are often beautiful to look at, such as pottery, metal and wood work, cane and bamboo items, jewelry, musical instruments like ektara, dhol or flute and textile items...","Unit 2: Lesson 4 (Craft)"
"Distinction","পার্থক্য / বৈষম্যমূলক বিভেদ / স্বাতন্ত্র্য","Differentiation, separation, disparity, divergence","Equality, sameness, uniformity","A difference or contrast between similar things or people.","Article 2: Everyone is entitled to all the rights and freedoms set forth in this Declaration, without distinction of any kind, such as race, colour, sex, language, religion, political or other opinion, national or social origin, property, birth or other status.","Unit 5: Lesson 2 (Are We Aware of These Rights-II?)"
"Wedlock","বিবাহবন্ধন / পরিণয় সূত্রে আবদ্ধতা","Matrimony, marriage, wedded state, marital union","Divorce, celibacy, separation","The state of being married; matrimony.","All children, whether born in or out of wedlock, shall enjoy the same social protection.","Unit 5: Lesson 3 (Rights to Health and Education)"
"Outsider","বহিরাগত","Stranger, foreigner, alien, newcomer, non-member","Insider, native, member, local","A person who does not belong to a particular organization or social group.","[Unit 4: Lesson 2]: I acted because of my own proudly felt African background, and not because of what any outsider might have said.
[Unit 4: Transformative Speeches: Three Speeches]: I acted because of my own proudly felt African background, and not because of what any outsider might have said.","Unit 4: Lesson 2 (Transformative Speeches)"
"Partition","বিভাজন / ঐতিহাসিক দেশভাগ","Division, separation, dismemberment, splitting up","Unification, merger, union, integration","The division of a country or state into separate parts or sovereign entities.","[Unit 4: Lesson 3]: When the Subcontinent was embroiled in turmoil during the Partition, Leela Nag set up camps for victims.
[Unit 4: Great Women: Pioneers of Education & Science]: When the Subcontinent was embroiled in turmoil during the Partition, Leela Nag set up camps for victims.
[Unit 12: Lesson 5]: More than three times the number of refugees that Partition created in India.","Unit 4: Lesson 3 (Great Women)"
"Hardship","কষ্ট / চরম দুর্দশা","Difficulties, struggles, adversity, privation, misery","Comforts, luxuries, prosperity, ease","Severe suffering or privation.","[Unit 5: Lesson 5]: hardship - severe suffering or privation D.
[Unit 5: Human Rights: Frederick Douglass]: Death soon ended what little we could have while she lived, and with it her hardships and suffering.","Unit 5: Lesson 5 (Frederick Douglass)"
"Privilege","বিশেষ নাগরিক সুবিধা বা অধিকার","Advantage, benefit, prerogative, entitlement, right","Disadvantage, handicap, deprivation","A special right, advantage, or immunity granted or available only to a particular person or group.","[Unit 5: Lesson 5]: I could not tell why I ought to be deprived of the same privilege.
[Unit 5: Human Rights: Frederick Douglass]: I could not tell why I ought to be deprived of the same privilege.","Unit 5: Lesson 5 (Frederick Douglass)"
"Stranger","অচেনা ব্যক্তি / পরবাসী","Foreigner, outsider, unknown person, alien","Friend, acquaintance, kin","A person whom one does not know or with whom one is not familiar.","[Unit 5: Lesson 5]: Never having enjoyed, to any considerable extent, her soothing presence, her tender and watchful care, I received the tidings of her death with much the same emotions I should have probably felt at the death of a stranger.
[Unit 5: Human Rights: Frederick Douglass]: I received the tidings of her death with much the same emotions I should have probably felt at the death of a stranger.","Unit 5: Lesson 5 (Frederick Douglass)"
"Offend","রাগিয়ে দেওয়া","Resent","","Cause someone to feel hurt, angry, or resentful.","[Unit 10: Lesson 1]: Unit Ten: Lifestyle Lesson 1 Manners Around the World A.
[Unit 11: Lesson 1]: Auden: I sit on one of the dives On Fifty-second Street Uncertain and afraid As the clever hopes expire Of a low dishonest decade: Waves of anger and fear Circulate over the bright And darkened lands of the earth, Obsessing our private lives; The unmentionable odour of death Offends the September night.","Unit 11: Lesson 1 (Situations of Conflict)"
"Perceptions","উপলব্ধি / দৃষ্টিভঙ্গি / ইন্দ্রিয়ানুভূতি","Insights, perspectives, impressions, viewpoints, observations","Blindness, misconceptions, ignorance","The ability to see, hear, or become aware of something through the senses or intellect.","Is it universal, or is it shaped by individual perceptions?","Unit 2: Lesson 1 (What is Beauty?)"
"Hazards","বিপদাপদ / স্বাস্থ্যঝুঁকি ও ক্ষতিকর বিষয়সমূহ","Dangers, perils, risks, threats, jeopardy","Safeties, protections, shelters","Dangers or risks, especially regarding health or well-being.","Adolescence Lesson 2 151 Adolescence and Some (Related) Problems in Bangladesh A.","Unit 9: Lesson 2 (Problems in Bangladesh)"
"Curtails","সংকোচন করে / হ্রাস করে বা স্বাধীনতা কেড়ে নেয়","Restricts, limits, reduces, slashes, cuts short","Expands, increases, lengthens, extends","Reduces in extent or quantity; imposes a restriction on.","Adolescence 157 When Shilpi heard about those risks.","Unit 9: Lesson 3 (Child Marriage)"
"Crave","কামনা করা","Desire, yearn for","Reject","Feel a powerful desire for something.","I humbly crave, Let me once know.","Unit 11: Lesson 4 (Peace in Literature)"
"Philosophers","দার্শনিক","Thinkers, theorists","","Persons engaged or learned in philosophy, especially as academic practitioners.","[Unit 12: Lesson 5]: Let us read an excerpt from Japanese natural farming practitioner and philosopher Masanobu Fukuoka's celebrated book One-Straw Revolution: ""Before researchers become researchers they should become philosophers.
[Unit 12: Lesson 5]: Let us read an excerpt from Japanese natural farming practitioner and philosopher Masanobu Fukuoka's celebrated book One-Straw Revolution: ""Before researchers become researchers they should become philosophers.","Unit 12: Lesson 5 (Limits of the Scientific Method)"
"Privileges","বিশেষ অধিকার / সুযোগ-সুবিধা","Prerogatives, advantages, benefits, entitlements","Deprivations, disadvantages, penalties","Special rights, advantages, or immunities granted to a particular person or group.","privileges - special rights or advantages granted to a particular group v.","Unit 5: Human Rights: Frederick Douglass"
"Beset","ঘিরে ধরা / সংকটাপন্ন করা","Plagued, troubled, surrounded, besieged","Relieved, freed, untroubled, cleared","Trouble or threaten persistently.","About the poet: Robert Hayden was born into a poor family in Detroit in USA in 1913 and had a difficult childhood beset by eyesight problems.","Unit 8: Relationships: Warmth in Relationships"
"Struggling","সংগ্রাম করা / টিকে থাকার যুদ্ধ করা","Striving, battling, laboring, contending","Yielding, surrendering, relaxing, prospering","Striving to achieve or attain something in the face of difficulty or resistance.","Listen to the song and read the final part of the lyrics: Then Tom said: ""Ma, whenever ya seen a cop beating a guy Wherever a hungry new born baby cries Wherever there's a fight against the blood and hatred in the air Look for me ma, I'll be there Wherever somebody's struggling for a place to stand For a decent job or a helping hand Wherever somebody is struggling to be free Look in their eyes ma, you'll see me"" And the highway is alive tonight Nobody's fooling nobody as to where it goes I'm sitting down here in the campfire light With the ghost of Tom Joad.","Unit 11: Peace and Conflict: Stories From Gaza"
"Din","কোলাহল / হট্টগোল / বিকট শব্দ","Uproar, tumult, commotion, racket, clamor","Silence, quietude, peace, serenity","A loud, unpleasant, and prolonged tumult or noise.","replied the King, ""the din isn't negligible.""","Unit 1: Lesson 1 (The Parrot's Tale)"
"Mount","আরোহণ করা / চড়া / ওঠা","Ascend, climb, ride, scale","Dismount, descend, drop, step down","To climb up on or get on top of something, such as a horse or platform.","The King was pleased and walked out of the gate to mount his elephant when one of the fault-finders, who had been lurking behind the bushes, shouted, ""Have you seen the bird, Your Majesty?""","Unit 1: Lesson 1 (The Parrot's Tale)"
"Thunderous","বজ্রনিনাদপূর্ণ / প্রচণ্ড শব্দময় / বজ্রসম গর্জনপূর্ণ","Booming, deafening, roaring, thundering","Quiet, silent, muted, subdued","Making a very loud and deep noise like thunder.","Thunderous hammering began then.","Unit 1: Lesson 1 (The Parrot's Tale)"
"Explode","বিস্ফোরিত হওয়া / ফেটে যাওয়া","Blow up, burst, detonate, shatter, erupt","Implode, stabilize, remain intact","To burst or shatter violently and noisily.","don"" mention it etc , It wubled him a lot when people around smiling to use these expressiotw As a the exploded.","Unit 10: Lesson 2 (Etiquette Netquette)"
"Expression","শব্দ / অভিব্যক্তি / প্রকাশভঙ্গি","Utterance, phrase, remark, statement, idiom","Silence, inexpression, speechlessness","A word or phrase used to express an idea or polite feeling.","Lifestyle B.","Unit 10: Lesson 2 (Etiquette Netquette)"
"Conversation","কথোপকথন / আলাপচারিতা","Dialogue, Discussion, Talk, Chat, Discourse","Silence, Speechlessness, Taciturnity","A talk, especially an informal one, between two or more people.","Unit Ten: Lifestyle Lesson 1 Manners Around the World A.","Unit 10: Lesson 1 (Manners Around the World)"
"Edge","কিনারা / প্রান্ত / ধার","Border, Rim, Margin, Brink, Boundary","Center, Middle, Interior","The outside limit of an object, surface, or area.","Unit Ten: Lifestyle Lesson 1 Manners Around the World A.","Unit 10: Lesson 1 (Manners Around the World)"
"Identify","শনাক্ত করা / চিহ্নিত করা / চিনে নেওয়া","Recognize, Distinguish, Spot, Discern, Determine","Mistake, Confuse, Misidentify, Overlook","To establish or indicate who or what someone or something is.","[Unit 10: Lesson 1]: Unit Ten: Lifestyle Lesson 1 Manners Around the World A.
[Unit 12: Lesson 1]: The United Nations in a meeting on the eve of the new millennium identified the drinking water problem as one of the challenges for the future.","Unit 10: Lesson 1 (Manners Around the World)"
"Maintain","বজায় রাখা / সংরক্ষণ করা / অব্যাহত রাখা","Sustain, Preserve, Keep, Continue, Uphold","Discontinue, Abandon, Neglect, Drop","To cause or enable a condition or state of affairs to continue.","Unit Ten: Lifestyle Lesson 1 Manners Around the World A.","Unit 10: Lesson 1 (Manners Around the World)"
"Alcohol","মদ্য / মাদক পানীয়","Liquor, intoxicant, spirits, brew","Non-alcoholic beverage, soft drink","A colorless volatile flammable liquid which is the intoxicating constituent of wine, beer, and spirits.","Unit Nine: Adolescence Lesson 1 Storms and Stresses of Adolescence A.","Unit 9: Lesson 1 (Storms and Stresses of Adolescence)"
"Cope","মানিয়ে নেওয়া / সামাল দেওয়া","Manage, adjust, handle, tackle, endure","Crumble, collapse, surrender, fail","To deal successfully with something difficult, stressful, or demanding.","health services and their workplaces to learn a wide range of skills that can help them to cope with the pressures they face and make a successful transition from childhood to adulthood.","Unit 9: Lesson 1 (Storms and Stresses of Adolescence)"
"Irrespective","বিবেচনা করা হয় না এমন / নির্বিশেষে","Regardless, notwithstanding, heedless","Considered, mindful, attentive","Not taking something into account; regardless of external conditions.","But, for the most pari, most individuals have to go through these stages irrespective Of their economic or social status.","Unit 9: Lesson 1 (Storms and Stresses of Adolescence)"
"Maturation","পূর্ণতা / পরিপক্বতা","Fulfillment, development, ripening, growth","Decline, immaturity, regression","The biological and psychological process of reaching full development and maturity.","Unit Nine: Adolescence Lesson 1 Storms and Stresses of Adolescence A.","Unit 9: Lesson 1 (Storms and Stresses of Adolescence)"
"Role","ভূমিকা / দায়িত্ব","Part, function, duty, capacity, position","Disregard, neglect","The function assumed or part played by a person or thing in a particular situation.","Unit Nine: Adolescence Lesson 1 Storms and Stresses of Adolescence A.","Unit 9: Lesson 1 (Storms and Stresses of Adolescence)"
"Vulnerable","সুরক্ষিত নয় এমন / অরক্ষিত","Exposed, susceptible, defenseless, at risk","Invulnerable, protected, secure, safe","Susceptible to physical harm, emotional injury, or exploitation.","[Unit 9: Lesson 1]: Unit Nine: Adolescence Lesson 1 Storms and Stresses of Adolescence A.
[Unit 12: Lesson 4]: What is often regarded as a natural disaster is upon closer examination the result of sometimes shortsighted and other times reckless, even pernicious corporate, governmental, or individual environmental practices that target and disadvantage vulnerable groups.","Unit 9: Lesson 1 (Storms and Stresses of Adolescence)"
"Wide","ব্যাপক / বিস্তৃত","Broad, extensive, comprehensive, expansive","Narrow, limited, restricted","Including a great variety of people or things; broad in scope.","health services and their workplaces to learn a wide range of skills that can help them to cope with the pressures they face and make a successful transition from childhood to adulthood.","Unit 9: Lesson 1 (Storms and Stresses of Adolescence)"
"Repetitive","পুনরাবৃত্তিমূলক / একঘেয়ে","Monotonous, recurrent, routine, tedious, reiterative","Varied, diverse, sporadic, irregular","Containing or characterized by repetition, especially when routine or uninteresting.","As a tool in the classroom, AI can provide students with personalised learning experiences, automate repetitive tasks and provide instant feedback.","Unit 1: Lesson 2 (Education and Technology)"
"Accessible","সহজলভ্য / প্রবেশযোগ্য / ব্যবহারোপযোগী","Available, reachable, attainable, approachable","Inaccessible, unreachable, limited, restricted","Able to be easily reached, entered, used, or obtained by diverse users.","[Unit 1: Lesson 2]: Edtech companies should work to make AI technology accessible to a broader range of schools and teachers and explore alternative funding options, such as grants or partnerships, to help offset the costs.
[Unit 5: Lesson 3]: Technical and professional education shall be made generally available and higher education shall be equally accessible to all on the basis of merit.","Unit 1: Lesson 2 (Education and Technology)"
"Broader","ব্যাপক / বিস্তৃত / প্রশস্ত","Wider, extensive, comprehensive, expansive","Narrower, restricted, confined","Covering a large number and wide scope of subjects or individuals.","Edtech companies should work to make AI technology accessible to a broader range of schools and teachers and explore alternative funding options, such as grants or partnerships, to help offset the costs.","Unit 1: Lesson 2 (Education and Technology)"
"Overcome","কাটিয়ে ওঠা / পরাস্ত করা / জয় করা","Conquer, surmount, defeat, master, triumph over","Succumb, surrender, yield, lose","To succeed in dealing with a problem, difficulty, or obstacle.","Edtech companies should aim to improve AI capabilities and overcome these limitations to create more advanced, innovative and effective AI tools for the classroom.","Unit 1: Lesson 2 (Education and Technology)"
"Implications","তাৎপর্য / দূরবর্তী প্রভাব / ফলাফল","Consequences, ramifications, effects, repercussions","Causes, origins, antecedents","The conclusion that can be drawn from something or prospective future effects.","Ethical considerations: Edtech companies should consider the ethical implications of AI technology in education and develop AI tools in a transparent, fair and responsible manner.","Unit 1: Lesson 2 (Education and Technology)"
"Consisted","গঠিত হয়েছিল / অন্তর্ভুক্ত ছিল","Comprised, composed, constituted, formed, included","Excluded, lacked, omitted","Was made up or composed of specific parts or elements.","Education and Life 15 The two ""gateposts"" were clearly trees with roots.","Unit 1: Lesson 3 (Children in School)"
"Glimpse","একপলক দেখা / ক্ষণিক দৃষ্টি","Peek, glance, sighting, peep, quick look","Gaze, stare, scrutiny, observation","A momentary or partial view of someone or something.","Totto-chan was about to ask Mother what ""Tomoe' • meant, when she caught a glimpse of something that made her think she must be dreaming.","Unit 1: Lesson 3 (Children in School)"
"Squatted","উবু হয়ে বসল / হাঁটু ভেঙে বসল","Crouched, hunkered, bent, stooped","Stood upright, straightened, rose","Crouched or sat with the knees bent and the heels close to or touching the buttocks.","She squatted down and peered through the shrubbery to get a better look.","Unit 1: Lesson 3 (Children in School)"
"Abandoned","পরিত্যক্ত / অব্যবহৃত","Deserted, discarded, forsaken, derelict, unused","Inhabited, occupied, utilized, maintained","Having been deserted or left behind by former owners or users.","[Unit 1: Lesson 3]: For its classrooms, the school had made use of six abandoned railroad cars.
[Unit 4: Lesson 3]: in the school grounds!"" For its classrooms, the school had made use of six abandoned railroad cars.","Unit 1: Lesson 3 (Children in School)"
"Rosy-cheeked","গোলাপী গালবিশিষ্ট / স্বাস্থ্যোজ্জ্বল","Blooming, radiant, healthy, flushed, rubicund","Pale, pallid, sickly, anemic, wan","Having healthy pink or reddish cheeks indicating vibrant youth.","But the eyes of the rosy-cheeked little girl gazing at them through the shrubbery sparkled even more.","Unit 1: Lesson 3 (Children in School)"
"Spacious","প্রশস্ত / সুবিশাল / খোলামেলা","Roomy, expansive, commodious, capacious, large","Cramped, narrow, confined, restricted","Having ample space; commodious and roomy.","Education and Life 15 The two ""gateposts"" were clearly trees with roots.","Unit 1: Lesson 3 (Children in School)"
"Faculties","অনুষদ / মানসিক বা সৃষ্টিশীল ক্ষমতা","Capabilities, talents, aptitudes, powers, faculties","Inabilities, weaknesses, incapacities","Inherent mental or physical powers and creative talents.","Poets make use of words to paint images of beauty, while artists create representations of beauty using their creative faculties.","Unit 2: Lesson 1 (What is Beauty?)"
"Climes","জলবায়ু / দেশ বা অঞ্চল","Climates, regions, territories, lands, realms","Void, emptiness","Regions or areas considered with reference to their climate and atmosphere.","She walks in beauty, like the night Of cloudless climes and starry skies; And all that's best of dark and bright Meet in her aspect and her eyes; Thus mellowed to that tender light Which heaven to gaudy day denies.","Unit 2: Lesson 1 (What is Beauty?)"
"Anonymous","বেনামী / অজ্ঞাতনামা / যার নাম প্রকাশ পায় না","Unnamed, unidentified, nameless, uncredited","Named, identified, famous, renowned","Not identified by name; of unknown authorship or identity.","While art is considered intuitive and visionary, craft is seen to be a practical application of certain skills for producing objects of everyday use that are often beautiful to look at, such as pottery, metal and wood work, cane and bamboo items, jewelry, musical instruments like ektara, dhol or flute and textile items...","Unit 2: Lesson 4 (Craft)"
"Petitions","আবেদনপত্র / গণস্বাক্ষরযুক্ত নাগরিক দাবি","Appeals, pleas, supplications, solicitations, representations","Orders, decrees, commands","Formal written requests, typically signed by many people, appealing to authority.","Education and Life 27 D.","Unit 1: Lesson 4 (Civic Engagement)"
"Creeks","ছোট নদী / খাঁড়ি / বনভূমির জলপ্রণালী","Inlets, streams, rivulets, tributaries, bayous","Oceans, mainlands","Narrow, sheltered waterways, especially an inlet for a river.","According to some stories, he also fought crocodiles who threatened the people of the region full of canals and creeks, indeed, a kind of watery jungle bordering the Bay of Bengal.","Unit 3: Lesson 3 (The Legend of Gazi)"
"Renaissance","পুনর্জাগরণ / নবজাগরণ / সাহিত্য ও সংস্কৃতির নবযুগ","Revival, rebirth, renewal, resurgence, regeneration","Decay, decline, collapse, stagnation","A revival of or renewed interest in something, especially culture or art.","Hughes was also a leader of the Harlem Renaissance which attempted to bring changes in the lives of the Black people in the 1920s.","Unit 6: Lesson 2 (Dreams in Literature)"
"Preconditions","পূর্বশর্ত / আবশ্যিক প্রাথমিক শর্তমালা","Prerequisites, requirements, essentials, foundations","Consequences, subsequent outcomes","Conditions that must exist or be established before something can occur.","The famous Greek philosopher Aristotle said, ""Humans are by nature social animals.""","Unit 8: Lesson 1 (Family)"
"Responsibility","দায়িত্ব / সামাজিক দায়বদ্ধতা ও কর্তব্য","Duty, obligation, accountability, liability","Irresponsibility, carelessness, neglect","The state or fact of having a duty to deal with something or of having control over someone.","[Unit 9: Lesson 2]: Adolescence Lesson 2 151 Adolescence and Some (Related) Problems in Bangladesh A.
[Unit 4: Lesson 3]: Now, he can look back on his childhood and appreciate the way his father was carrying out his duties and responsibilities.","Unit 9: Lesson 2 (Problems in Bangladesh)"
"Obstructed","বাধাপ্রাপ্ত / রুদ্ধ ও জটিল প্রসব","Blocked, impeded, hindered, jammed, hampered","Unobstructed, smooth, clear","Prevented or hindered from movement or progress; blocked.","Like many other South Asian countries, in Bangladesh, the gravity of sexual harassment in public spaces has been diluted and almost 'normalised' through calling it 'eve-teasing'.","Unit 9: Lesson 4 (Story of Shilpi)"
"Centering","মনঃসংযোগ / আত্মস্থ হওয়া ও ভারসাম্য রক্ষা","Focusing, grounding, stabilizing, balancing, concentrating","Scattering, distracting","Finding a calm point of mental equilibrium and focus.","Lifestyle The Archer's Secret 187 The winner of the 1988 Olympic gold medal for archery was a seventeen- year-old woman from South Korea.","Unit 10: Lesson 4 (Fitness)"
"Expire","বিলীন হওয়া / শেষ বা অপসারিত হয়ে যাওয়া","Terminate, vanish, run out, perish, cease","Commence, begin, inaugurate, blossom","Come to an end; become invalid or extinguished.","Auden: I sit on one of the dives On Fifty-second Street Uncertain and afraid As the clever hopes expire Of a low dishonest decade: Waves of anger and fear Circulate over the bright And darkened lands of the earth, Obsessing our private lives; The unmentionable odour of death Offends the September night.","Unit 11: Lesson 1 (Situations of Conflict)"
"Monologues","স্বগতোক্তি / একক নাট্য সংলাপ","Soliloquies, dramatic addresses, single discourses, orations","Dialogues, colloquies, conversations","Long speeches by one actor in a play or movie, or as part of a theatrical program.","Read three selected monologues from Ashtar Theatre's production ""Gaza Monologues"" and answer the questions that follow.","Unit 11: Lesson 3 (Stories From Gaza)"
"Dwell","বাস করা","Reside, live, stay","Move","Live in or at a specified place.","Peace by George Herbert (1593-1633): Sweet Peace, where dost thou dwell?","Unit 11: Lesson 4 (Peace in Literature)"
"Shrink","সংকুচিত হওয়া বা করা","Contract, diminish","Widen, expand","Become or make smaller in size or amount.","Water, water, every where, And all the boards did shrink; Water, water, every where, Nor any drop to drink.","Unit 12: Lesson 1 (Water Everywhere)"
"Whittling","কমানো","Reducing, trimming","Increasing, enlarging","Repeatedly reducing something in size, amount, or number in small increments.","[Unit 12: Lesson 5]: I have done this by whittling away unnecessary agricultural practices.
[Unit 12: Lesson 5]: I have done this by whittling away unnecessary agricultural practices.","Unit 12: Lesson 5 (Limits of the Scientific Method)"
"Feedback","মতামত / প্রতিক্রিয়া","Assessment, evaluation, reaction, critique","Silence, neglect, ignore","Information about reactions to a product or a person's performance.","As a tool in the classroom, AI can provide students with personalised learning experiences, automate repetitive tasks and provide instant feedback.","Unit 1: Education and Life: Education and Technology"
"Refugees","উদ্বাস্তু / শরণার্থী","Displaced persons, asylees, exiles, fugitives","Citizens, inhabitants, natives","Persons who have been forced to leave their country in order to escape war, persecution, or natural disaster.","Refugees who have to leave their own countries for political, economic and other reasons have to lose many of the rights above.","Unit 5: Human Rights: Are We Aware of These Rights-I?"
"Dominate","আধিপত্য বিস্তার করা","Prevail, govern, control, overshadow","Subordinate, yield, follow, obey","Have a commanding influence on; exercise control over.","[Unit 5: Human Rights: Are We Aware of These Rights-II?]: Some people dominate others who belong to different gender or race or cultural identity.
[Unit 5: Lesson 2]: Some people dominate others who belong to different gender or race or cultural identity.","Unit 5: Human Rights: Are We Aware of These Rights-II?"
"Torture","নির্যাতন / শারীরিক পীড়ন","Abuse, torment, cruelty, infliction of pain","Relief, comfort, kindness, mercy","The action or practice of inflicting severe pain or suffering on someone.","[Unit 5: Human Rights: Are We Aware of These Rights-II?]: Article 5: No one shall be subjected to torture or to cruel, inhuman or degrading treatment or punishment.
[Unit 4: Lesson 2]: Article 5: No one shall be subjected to torture or to cruel, inhuman or degrading treatment or punishment.","Unit 5: Human Rights: Are We Aware of These Rights-II?"
"Tidings","সংবাদ / বার্তা","News, reports, information, messages","Silence, secret, suppression","News; information.","[Unit 5: Human Rights: Frederick Douglass]: Never having enjoyed, to any considerable extent, her soothing presence, her tender and watchful care, I received the tidings of her death with much the same emotions I should have probably felt at the death of a stranger.
[Unit 5: Lesson 5]: Never having enjoyed, to any considerable extent, her soothing presence, her tender and watchful care, I received the tidings of her death with much the same emotions I should have probably felt at the death of a stranger.","Unit 5: Human Rights: Frederick Douglass"
"Protesting","প্রতিবাদ করা / বিক্ষোভ প্রদর্শন","Objecting, demonstrating, dissenting, opposing","Assenting, accepting, approving, consenting","Expressing an objection to what someone has said or done.","Read the excerpt from the Al Jazeera article titled ""Why Are Bangladesh Tea Garden Workers Protesting?"": ""We hardly get any type of facilities, don't have enough money for our children's education, we barely get 3 kg flour as ration once a week.","Unit 5: Human Rights: Frederick Douglass"
"Savoring","উপভোগ করা / আস্বাদন করা","Relishing, enjoying, appreciating, tasting","Disdaining, hating, ignoring","Taste good food or drink and enjoy it completely; appreciate fully.","The Christmas before that"" — he drew a long breath, savoring the memory — ""she sent me a pair of skates....","Unit 8: Relationships: A Mother in Mannville"
"Rousing","উদ্দীপক / আলোড়ন সৃষ্টিকারী","Stirring, inspiring, exciting, electrifying","Boring, dull, disheartening, uninspiring","Exciting; stirring.","She's given rousing speeches to politicians, to the EU parliament, the UK parliament, to protesters and more.","Unit 12: Environment and Nature: The Greta Effect"
"Reparations","ক্ষতিপূরণ / ক্ষতিসাধন সংশোধন","Restitution, amends, compensation, redress","Damage, injury, penalties, penalties","The making of amends for a wrong one has done, by paying money to or otherwise helping those who have been wronged.",") Environmental Justice protects the right of victims of environmental injustice to receive full compensation and reparations for damages as well as quality health care.","Unit 12: Environment and Nature: What is Environmental Justice?"
"Stimuli","উত্তেজক সংকেত / উদ্দীপক / প্রেরণা","Incentives, impulses, triggers, inputs, prods","Deterrents, suppressants, depressants","Things that evoke a specific functional reaction in an organ or tissue.","Unit Six: Dreams Lesson 1 What is a Dream?","Unit 6: Lesson 1 (What is a Dream?)"
"Trekking","দুর্গম পর্বতারোহণ যাত্রা / পদব্রজে গিরি অভিযান","Hiking, mountaineering, tramping, backpacking, rambling","Resting, idling","Go on a long arduous journey, typically on foot across rough terrain.","Nishat joined Bangladesh Mountaineering and Trekking Club (BMTC) in 2006, and completed a basic training course at Himalayan Mountaineering Institute, Darjeeling, India in 2007.","Unit 7: Lesson 2 (Scaling a Mountain Peak)"
"Screeching","তীক্ষ্ণ চিৎকার করা / কর্কশ শব্দ","Shrieking, squealing, howling, crying out","Whispering, murmuring, silence","Making a loud, harsh, piercing cry or sound.","Relationships 143 With the piercing sound of a vehicle screeching to a hall, Yingzi's life flies in the air gently.","Unit 8: Relationships: Love"
"Cherish","সযত্নে লালন করা / পরম স্নেহে স্মরণ করা","Treasure, prize, hold dear, nurture, value","Despise, disdain, neglect, abandon","Protect and care for (someone) lovingly; hold (something) dear.","Now give examples of a sweet dream while sleeping a nightmare a dream that you cherish consciously a day dream H.","Unit 6: Dreams: What is a Dream?"
"Accolades","স্বীকৃতি / ভূয়সী প্রশংসা / অর্জিত পুরস্কার","Honors, laurels, awards, tributes, praises","Criticisms, censures, condemnations","Awards, honors, or privileges granted as a special honor or as an acknowledgment of merit.","[Unit 2: Lesson 3]: Art is generally understood as an expression of human imagination and creative skills in a range of activities including painting, drawing, sculpture and architecture.
[Unit 2: Art and Craft: Art]: Apart from being awarded prestigious awards, accolades, and being featured in top art institutions, Sultan received wide press coverage and laudatory critical reviews in renowned newspapers like the New York Times, Washington Post, The Telegraph, The Times, The Guardian, Le Monde, and many more.","Unit 2: Lesson 3 (Art)"
"Indigenous","দেশীয় / স্থানীয় / আদিবাসী ঐতিহ্যবাহী","Native, aboriginal, endemic, traditional, homegrown","Foreign, alien, imported, exotic","Originating or occurring naturally in a particular place; native.","[Unit 3: Lesson 3]: The story of Gazi Pir has been preserved in folk literature as well as art and has been performed in indigenous theatre.
[Unit 3: Myths and Literature: The Legend of Gazi]: What is meant by indigenous art?","Unit 3: Lesson 3 (The Legend of Gazi)"
"Scroll","জড়ানো চিত্রপট / পুথি / কাপড়ের চিত্রকর্ম","Parchment, roll, painted canvas, manuscript","Bound volume, digital screen","A roll of parchment or paper for writing or painting on.","[Unit 3: Lesson 3]: He is usually depicted in paats or scroll paintings riding a fierce-looking Bengal tiger, a snake in his hand, but in no apparent danger.
[Unit 3: Myths and Literature: The Legend of Gazi]: Have you seen a paat or scroll painting?","Unit 3: Lesson 3 (The Legend of Gazi)"
"Fatigue","চরম ক্লান্তি / শারীরিক ও মানসিক অবসাদ","Exhaustion, weariness, lethargy, tiredness, languor","Energy, vigor, vitality, freshness","Extreme tiredness resulting from mental or physical exertion or illness.","[Unit 5: Lesson 4]: Once I get down, I frequently fall asleep while waiting for coal from heat and fatigue.
[Unit 5: Human Rights: Coal Miners]: Once I get down, I frequently fall asleep while waiting for coal from heat and fatigue.","Unit 5: Lesson 4 (Coal Miners)"
"Malnutrition","অপুষ্টিজনিত দুর্বলতা / পুষ্টির মারাত্মক অভাব","Undernourishment, nutritional deficiency, starvation","Healthy nutrition, balanced diet","Lack of proper nutrition, caused by not having enough to eat.","[Unit 7: Lesson 3]: They also suffered from malnutrition.
[Unit 7: Youthful Achievers: The Unbeaten Girls]: They also suffered from malnutrition.","Unit 7: Lesson 3 (The Unbeaten Girls)"
"Travelogue","ভ্রমণকাহিনী / পর্যটন বিবরণীমূলক সাহিত্য","Travel narrative, travel book, itinerary, traveler's chronicle","Fiction novel, stationary diary","A film, book, or illustrated lecture about the places visited and experiences encountered by a traveler.","[Unit 10: Lesson 3]: Read the following excerpt from Syed Mujtaba Ali's travelogue.
[Unit 10: Lifestyle: Food and Culture]: Read the following excerpt from Syed Mujtaba Ali's travelogue.","Unit 10: Lesson 3 (Food and Culture)"
"Gastronomy","উন্নত রন্ধনশিল্প / রসনাবিদ্যা ও খাদ্যসংস্কৃতি","Culinary art, haute cuisine, gourmet cooking, epicurism","Fasting, starvation","The practice or art of choosing, cooking, and eating good food.","[Unit 10: Lesson 3]: The reach of this gastronomy has spread to East Europe's Greece, Ilungary, Rumania, Yugoslavia, Albania and even Italy.
[Unit 10: Lifestyle: Food and Culture]: The reach of this gastronomy has spread to East Europe's Greece, Ilungary, Rumania, Yugoslavia, Albania and even Italy.","Unit 10: Lesson 3 (Food and Culture)"
"Bridgehead","সেতুমুখ সামরিক ফাঁড়ি / গুরুত্বপূর্ণ রণঘাঁটি","Beachhead, vanguard post, tactical perimeter, bridge redoubt","Hinterland, distant retreat","A strong position secured by an army inside hostile territory to protect bridge crossing.","[Unit 11: Lesson 2]: It was my business to cross the bridge, explore the bridgehead beyond and find out to what point the enemy had advanced.
[Unit 11: Peace and Conflict: ""The Old Man at the Bridge"" by Ernest Hemingway]: It was my business to cross the bridge, explore the bridgehead beyond and find out to what point the enemy had advanced.","Unit 11: Lesson 2 (The Old Man at the Bridge)"
"Humbly","বিনম্রভাবে / নম্র চিত্তে","Meekly, modestly, deferentially, unpretentiously","Proudly, arrogantly, haughtily","In a way that shows a modest or low estimate of one's importance; without arrogance.","[Unit 11: Lesson 4]: I humbly crave, Let me once know.
[Unit 11: Peace and Conflict: Peace in Literature]: I humbly crave, Let me once know.","Unit 11: Lesson 4 (Peace in Literature)"
"Detractor","নিন্দুক / সমালোচক / কুৎসাকারী","Critic, disparager, censurer, fault-finder","Supporter, admirer, advocate, benefactor","A person who disparages someone or something, seeking to diminish their worth.","The world is short of many things but not detractors.","Unit 1: Lesson 1 (The Parrot's Tale)"
"Delighted","আনন্দিত / অত্যন্ত খুশি","Pleased, overjoyed, thrilled, gratified","Dejected, depressed, miserable, sorrowful","Feeling or showing great pleasure and satisfaction.","The goldsmith was delighted to get a bagful of money as reward and went home at once.","Unit 1: Lesson 1 (The Parrot's Tale)"
"Demonstration","প্রদর্শন / চিত্রায়ন / উপস্থাপন","Display, illustration, exhibition, presentation","Concealment, hiding, suppression","An act of showing or explaining something clearly to an audience.","A demonstration followed.","Unit 1: Lesson 1 (The Parrot's Tale)"
"Entrust","অর্পণ করা / দায়িত্ব দেওয়া / ন্যস্ত করা","Assign, delegate, commit, confide","Withhold, retain, keep, hold","To assign the responsibility for doing something to someone.","This time, as the King mounted the elephant he ordered the officer entrusted with twisting the ears of mischief-makers to deal with the fault-finder.","Unit 1: Lesson 1 (The Parrot's Tale)"
"Feeble","দুর্বল / নিস্তেজ / ক্ষীণ","Weak, frail, sickly, debilitated, faint","Strong, robust, vigorous, sturdy","Lacking physical strength, energy, or power; weak.","In fact, on some days it would try to cut the wires of the cage with its feeble beak.","Unit 1: Lesson 1 (The Parrot's Tale)"
"Flutter","ডানা ঝাপটানো / কম্পিত হওয়া","Flap, flicker, quiver, beat","Settle, freeze, stay still","To fly unsteadily or flap wings quickly and lightly.","Still, out of innate bad habit it would look out at the morning light and flutter its wings in a reprehensible manner.","Unit 1: Lesson 1 (The Parrot's Tale)"
"Folly","বোকামি / মূর্খতা / নির্বুদ্ধিতা","Foolishness, stupidity, absurdity, silliness","Wisdom, prudence, sagacity, sanity","Lack of good sense; foolishness or an unwise action.","Once upon a time there lived a bird.","Unit 1: Lesson 1 (The Parrot's Tale)"
"Gilded","সোনার জলে মোড়ানো / সোনালি / স্বর্ণখচিত","Gold-plated, golden, ornate, adorned","Unadorned, plain, bare, rustic","Covered thinly with gold leaf or gold paint; opulent.","A goldsmith set to work on a gilded cage.","Unit 1: Lesson 1 (The Parrot's Tale)"
"Hop","লাফানো / লাফিয়ে চলা / এক পায়ে লাফানো","Jump, leap, bound, skip","Stand still, halt, stay","To move by jumping on one or both feet or legs.","The King asked, ""Does it hop?""","Unit 1: Lesson 1 (The Parrot's Tale)"
"Impudence","ধৃষ্টতা / ঔদ্ধত্য / নির্লজ্জতা","Insolence, impertinence, audacity, disrespect","Politeness, civility, modesty, courtesy","The trait of being rude, insolent, and disrespectfully bold.","""What impudence!""","Unit 1: Lesson 1 (The Parrot's Tale)"
"Ideally","আদর্শভাবে / নিখুঁতভাবে / সর্বোত্তমভাবে","Perfectly, flawlessly, optimally, impeccably","Imperfectly, poorly, defectively","In the best possible way; perfectly.","Once upon a time there lived a bird.","Unit 1: Lesson 1 (The Parrot's Tale)"
"Lurk","ওত পেতে থাকা / লুকিয়ে থাকা / গোপনে থাকা","Skulk, sneak, hide, prowl","Emerge, appear, show","To remain hidden so as to wait in ambush or go unnoticed.","The King was pleased and walked out of the gate to mount his elephant when one of the fault-finders, who had been lurking behind the bushes, shouted, ""Have you seen the bird, Your Majesty?""","Unit 1: Lesson 1 (The Parrot's Tale)"
"Merrily","আনন্দের সাথে / হাসিখুশিভাবে / উল্লাসভরে","Joyfully, cheerfully, happily, gleefully","Sadly, sorrowfully, gloomily, unhappily","In a cheerful and joyous manner.","The scribes loaded their wages onto bullocks and merrily headed home.","Unit 1: Lesson 1 (The Parrot's Tale)"
"Personnel","কর্মীবৃন্দ / কর্মকর্তা-কর্মচারী / কর্মী","Staff, workforce, employees, manpower","Outsiders, customers, patrons, public","People employed in an organization or engaged on an official undertaking.","A large maintenance crew was needed, and more personnel to supervise them.","Unit 1: Lesson 1 (The Parrot's Tale)"
"Polish","উজ্জ্বল করা / চকচকে করা / ঘষে মাজা","Burnish, shine, buff, brighten, rub","Tarnish, dull, blemish, dirty","To make the surface of something smooth and shiny by rubbing.","Anyone who saw the endless dusting, wiping and polishing had to agree that there was ""marked improvement"".","Unit 1: Lesson 1 (The Parrot's Tale)"
"Reprehensible","নিন্দনীয় / তিরস্কারযোগ্য / গর্হিত","Blameworthy, deplorable, disgraceful, shameful","Praiseworthy, commendable, blameless, impeccable","Deserving censure or condemnation; blameworthy.","Still, out of innate bad habit it would look out at the morning light and flutter its wings in a reprehensible manner.","Unit 1: Lesson 1 (The Parrot's Tale)"
"Scripture","ধর্মগ্রন্থ / ধর্মীয় শাস্ত্র","Sacred text, holy book, holy scripture, canon","Secular literature, profane writing, non-religious work","The sacred writings or treatises of a religion or philosophical system.","It sang but couldn't recite a word of scripture.","Unit 1: Lesson 1 (The Parrot's Tale)"
"Summon","তলব করা / ডেকে পাঠানো","Call, convene, cite, assemble","Dismiss, send away, discharge, ignore","To authoritatively or urgently call on someone to be present.","""Your Majesty,"" replied the nephew, ""if you wish to hear the truth, summon the goldsmiths, the scholars, the scribes, the maintenance crew and their supervisors.","Unit 1: Lesson 1 (The Parrot's Tale)"
"Slander","কুৎসা রটানো / মিথ্যা অপবাদ দেওয়া / পরনিন্দা করা","Defame, vilify, malign, disparage, smear","Praise, applaud, commend, laud","To make false and damaging spoken statements about someone.","Those who haven't got a share of the royal bounty are resorting to slander.""","Unit 1: Lesson 1 (The Parrot's Tale)"
"Twig","গাছের ছোট ডাল / কচি ডাল / পল্লব","Sprig, branchlet, shoot, stick","Tree trunk, main stem, bole, root","A slender, woody shoot growing from a branch or stem of a tree.","The conclusion: the bird's nest made of straw and twigs could not hold much knowledge.","Unit 1: Lesson 1 (The Parrot's Tale)"
"Tear","ছিঁড়ে ফেলা / টুকরো করা / ফালাফালা করা","Rip, shred, split, sever","Mend, join, repair, stitch","To pull or rip something apart or into pieces with force.","Once upon a time there lived a bird.","Unit 1: Lesson 1 (The Parrot's Tale)"
"Vice","পাপ / অনাচার / অনৈতিকতা / অসদাচরণ","Sin, immorality, wickedness, wrongdoing","Virtue, goodness, righteousness, morality","Immoral or wicked behavior; a bad habit or moral weakness.","Once upon a time there lived a bird.","Unit 1: Lesson 1 (The Parrot's Tale)"
"Workmanship","কারিগরি দক্ষতা / নির্মাণকৌশল / শিল্পনৈপুণ্য","Craftsmanship, artisanship, artistry, expertise","Incompetence, clumsiness, crude work","The degree of skill with which a product is made or a job done.","It turned out to be of such exquisite workmanship that people from far and near crowded round for a look.","Unit 1: Lesson 1 (The Parrot's Tale)"
"Graceful","মার্জিত / লাবণ্যময় / শোভন / সুরুচিপূর্ণ","Elegant, refined, dignified, tasteful, polite","Clumsy, awkward, ungainly, crude, rude","Characterized by elegance, good taste, refinement, and polite movement.","Be graceful and polite when taking food with chopsticks.","Unit 10: Lesson 1 (Manners Around the World)"
"Aggression","আগ্রাসন / আক্রমণাত্মক মনোভাব / শত্রুভাবাপন্নতা","Hostility, belligerence, combativeness, antagonism","Friendliness, gentleness, peacefulness, passivity","Feelings of anger or antipathy resulting in hostile or violent behavior.","Greetings Shake hands softly as a firm handshake could be considered a sign of aggression.","Unit 10: Lesson 1 (Manners Around the World)"
"Chopsticks","খাবার খাওয়ার কাঠি / চপস্টিক","Eating sticks","Bare hands, fingers, eating by hands","A pair of small, thin sticks used especially in East Asia for eating food.","Be graceful and polite when taking food with chopsticks.","Unit 10: Lesson 1 (Manners Around the World)"
"Symbolise","প্রতীক হিসেবে প্রকাশ করা / তাৎপর্য বহন করা","Represent, Signify, Stand for, Typify, Embody","Misrepresent, Conceal, Obscure","To represent or identify by means of a symbol or emblem.","White flowers are not good as gifts as they symbolise death.","Unit 10: Lesson 1 (Manners Around the World)"
"Preparation","প্রস্তুতি / আয়োজন / প্রস্তুতকরণ","Arrangement, Readiness, Planning, Organization","Unpreparedness, Neglect, Disorganization, Improvisation","The action or process of making ready or being made ready for use or consideration.","Unit Ten: Lifestyle Lesson 1 Manners Around the World A.","Unit 10: Lesson 1 (Manners Around the World)"
"Foreigners","বিদেশি / ভিন্ন দেশ বা সংস্কৃতির নাগরিক","Aliens, Strangers, Outsiders, Immigrants","Natives, Citizens, Locals, Inhabitants","Persons born in or coming from another country.","Unit Ten: Lifestyle Lesson 1 Manners Around the World A.","Unit 10: Lesson 1 (Manners Around the World)"
"Merely","কেবল / শুধুমাত্র / নিতান্তই","Only, Simply, Just, Purely, Solely","Completely, Entirely, Fully, Substantially","Just; only; no more than.","Unit Ten: Lifestyle Lesson 1 Manners Around the World A.","Unit 10: Lesson 1 (Manners Around the World)"
"Gesture","অঙ্গভঙ্গি / মনোভাব প্রকাশের শারীরিক বা আচরণিক ভঙ্গি","Signal, Sign, Action, Motion, Movement","Inaction, Immobility, Speechlessness","A movement of part of the body, especially a hand or the head, to express an idea or meaning.","Shaking hands (between men) is an important gesture of mutual respect.","Unit 10: Lesson 1 (Manners Around the World)"
"Utensils","তৈজসপত্র / খাবার তৈরি ও খাওয়ার সরঞ্জাম বা পাত্র","Cutlery, Implements, Tools, Tableware, Appliances","Bare hands, fingers, unassisted hands","Implements, containers, or other articles, especially for household or dining use.","People use spoons, forks and knives, if necessary, and hardly any utensils.","Unit 10: Lesson 1 (Manners Around the World)"
"Apathy","অনীহা / উদাসীনতা","Indifference, unconcern, disinterest, detachment","Enthusiasm, passion, zeal, eagerness","Lack of interest, enthusiasm, or concern for others.","Lifestyle B.","Unit 10: Lesson 2 (Etiquette Netquette)"
"Caution","সতর্কতা / সাবধানতা","Alertness, carefulness, prudence, vigilance","Carelessness, negligence, recklessness, rashness","Care taken to avoid danger or mistakes.","[Unit 10: Lesson 2]: Lifestyle B.
[Unit 12: Lesson 5]: To err on the side of caution, let's halve the number of people.","Unit 10: Lesson 2 (Etiquette Netquette)"
"Choosy","খুঁতখুঁতে / বাছাবাছিকারী","Picky, selective, fastidious, particular","Indifferent, uncritical, easy-going, undemanding","Having very specific requirements; hard to please.","Lifestyle B.","Unit 10: Lesson 2 (Etiquette Netquette)"
"Courteous","বিনয়ী / ভদ্র / সদাচারী","Polite, well-behaved, respectful, gracious, civil","Impolite, disrespectful, rude, discourteous","Polite, respectful, and considerate in manner.","in he hated the courteous polite people around him and Tbug he hared a few expr—ions Lke piece, tb•nk you.","Unit 10: Lesson 2 (Etiquette Netquette)"
"Creep","গুঁড়ি মেরে চলা / চুপিচুপি যাওয়া","Crawl, slither, sneak, tiptoe, glide","Run, hustle, march, sprint","To move slowly and carefully in order to avoid being heard or noticed.","Lifestyle B.","Unit 10: Lesson 2 (Etiquette Netquette)"
"Eye contact","চোখাচোখি / দৃষ্টিবিনিময়","Direct gaze, visual connection, eye-to-eye gaze","Averted gaze, gaze avoidance, looking away","The state in which two people look directly into each other's eyes.","Lifestyle B.","Unit 10: Lesson 2 (Etiquette Netquette)"
"Free-will agent","স্বাধীনভাবে কাজ করার অধিকারপ্রাপ্ত ব্যক্তি","Autonomous person, independent agent, self-governing individual","Dependent, puppet, slave, subordinate","An individual possessing the freedom and capacity to make their own ethical choices.","Lifestyle B.","Unit 10: Lesson 2 (Etiquette Netquette)"
"Gesture","ইশারা বা ইঙ্গিত / শারীরিক অঙ্গভঙ্গি","Sign, motion, signal, body language, gesticulation","Speech, vocal utterance, words","A movement of part of the body to convey an attitude or polite message.","Lifestyle B.","Unit 10: Lesson 2 (Etiquette Netquette)"
"Grocery","নিত্যপণ্য দ্রব্য / মুদি মালামাল","Commodities, provisions, foodstuff, supplies","Non-food merchandise, luxury durable goods","Items of food and other essential household goods sold in a store.","Lifestyle B.","Unit 10: Lesson 2 (Etiquette Netquette)"
"Investigation","তদন্ত / অনুসন্ধান / নিরীক্ষা","Inquiry, examination, probe, scrutiny, inspection","Neglect, disregard, oversight, ignorance","A formal inquiry or systematic search to discover facts and truth.","Lifestyle B.","Unit 10: Lesson 2 (Etiquette Netquette)"
"Portion","পরিবেশিত খাবারের অংশ / ভাগ","Serving, share, allotment, helping, section","Whole, entirety, totality","A part of a whole; an amount of food served for one person.","Lifestyle B.","Unit 10: Lesson 2 (Etiquette Netquette)"
"Relieve","পরিত্রাণ পাওয়া / লাঘব করা","Alleviate, ease, soothe, unburden, lighten","Aggravate, worsen, intensify, burden","To release from a burdensome duty, pain, or discomfort.","Lifestyle B.","Unit 10: Lesson 2 (Etiquette Netquette)"
"Rewind","উল্টোদিকে চালিয়ে দেওয়া / পেছনের দিকে ঘোরানো","Reverse, undo, roll back, turn back, invert","Fast-forward, advance, proceed, accelerate","To wind back toward the beginning or reverse an operation.","gnd soon they the and The found the crept up to the mgchine rewind it so people get to behaviour.","Unit 10: Lesson 2 (Etiquette Netquette)"
"Room","জায়গা / সুযোগ / কক্ষ","Space, capacity, clearance, expanse","Crowdedness, congestion, lack of space","Space that can be occupied or where something can be done.","Lifestyle B.","Unit 10: Lesson 2 (Etiquette Netquette)"
"Scatter","ছড়িয়ে পড়া / চারদিকে ছিটকে যাওয়া","Disperse, spread, strew, disseminate, dissipate","Gather, collect, assemble, cluster","To throw in various random directions; disperse widely.","[Unit 10: Lesson 2]: Lifestyle B.
[Unit 11: Lesson 4]: But while I looked the clouds immediately Did break and scatter.","Unit 10: Lesson 2 (Etiquette Netquette)"
"Initially","শুরুতে / প্রাথমিকভাবে / প্রারম্ভে","Originally, At first, In the beginning, Primarily, Early on","Finally, Ultimately, Eventually, Lastly, In the end","At first; at the beginning or initial stage of an event.","[Unit 10: Lesson 1]: Politely refusing a gift before accepting it is the norm in Chinese culture, so don't be discouraged when initially someone refuses your gift.
[Unit 4: Lesson 3]: Politely refusing a gift before accepting it is the norm in Chinese culture, so don't be discouraged when initially someone refuses your gift.","Unit 10: Lesson 1 (Manners Around the World)"
"Greet","অভিবাদন জানানো / সম্ভাষণ করা / স্বাগত জানানো","Welcome, Salute, Hail, Address, Acknowledge","Ignore, Overlook, Snub, Avoid, Dismiss","To give a polite word or sign of welcome or recognition upon meeting someone.","Greet the most senior first and gradually others.","Unit 10: Lesson 1 (Manners Around the World)"
"Cheek","গাল / কপোল","Side of face, Jowl","Handshake, forehead, hand greeting","Either side of the face below the eye and above the jaw.","Ilugging and kissing on the cheeks between same sex people in social situations are quite common though it is strictly forbidden between men and women.","Unit 10: Lesson 1 (Manners Around the World)"
"Arbitrary","স্বেচ্ছাচারী / খামখেয়ালি / অযৌক্তিক","Random, Whimsical, Unreasonable, Capricious, Illogical","Rational, Logical, Reasoned, Systematic","Based on random choice or personal whim rather than reason.","[Unit 10: Lesson 1]: Unit Ten: Lifestyle Lesson 1 Manners Around the World A.
[Unit 5: Lesson 2]: - Article 9: No one shall be subjected to arbitrary arrest, detention or exile.","Unit 10: Lesson 1 (Manners Around the World)"
"Caveman","গুহামানব / আদিম মানুষ","Cave-dweller, Barbarian, Troglodyte, Primitive human","Modern human, Civilized person, Gentleman","A prehistoric person or a primitive, uncivilized individual.","Again, maybe the hiring manager doesn't care if you have bad table manners, but they may worry that your potential clients Will be bothered that you eat like an absent-minded caveman.","Unit 10: Lesson 1 (Manners Around the World)"
"Chomp","শব্দ করে চিবানো / মচমচ করে চিবানো","Munch, Crunch, Chew noisily, Bite","Nibble, Sip","To munch or chew loudly and vigorously.","Unit Ten: Lifestyle Lesson 1 Manners Around the World A.","Unit 10: Lesson 1 (Manners Around the World)"
"Cue","ইঙ্গিত / সংকেত / সূত্র","Signal, Hint, Prompt, Clue, Sign","Deterrence, dissuasion, impediment","A signal or reminder for someone to do something.","And sometimes it's good to take a cue from the host or hostess.","Unit 10: Lesson 1 (Manners Around the World)"
"Discreetly","সতর্কভাবে / বিচক্ষণতার সাথে / সাবধানে","Tactfully, Prudently, Cautiously, Carefully","Indiscreetly, Blatantly, Recklessly, Rashly","In a careful and prudent manner, especially in order to avoid causing offense.","Unit Ten: Lifestyle Lesson 1 Manners Around the World A.","Unit 10: Lesson 1 (Manners Around the World)"
"Entire","সম্পূর্ণ / সমগ্র / পুরো","Whole, Complete, Total, Full, Absolute","Partial, Incomplete, Fractional","With no part left out; whole and complete.","Excusing yourself from the table Being part Of Lhe group Eating food you don 't like Requesting help Staning the meal Body-language Chewing and talking Today we're going to talk about some simple guidelines that will help keep your table manners on-point throughout an entire meal.","Unit 10: Lesson 1 (Manners Around the World)"
"Gristle","তরুণাস্থি / নরম হাড়","Cartilage","Tender meat, soft fillet, lean cut","Cartilage, especially when present as a tough substance in cooked meat.","Unit Ten: Lifestyle Lesson 1 Manners Around the World A.","Unit 10: Lesson 1 (Manners Around the World)"
"Grab","ছোঁ মেরে নেওয়া / আঁকড়ে ধরা / কেড়ে নেওয়া","Seize, Grasp, Snatch, Clutch","Release, Let go, Drop, Relinquish","To grasp or seize something suddenly or roughly.","Unit Ten: Lifestyle Lesson 1 Manners Around the World A.","Unit 10: Lesson 1 (Manners Around the World)"
"Gravy","ঝোল / মাংসের রস থেকে তৈরি সুস্বাদু সস","Sauce, Broth, Meat juices, Dressing","Dry roast, brothless food, solid dish","A sauce made from meat juices and seasonings used with roasted dishes.","Unit Ten: Lifestyle Lesson 1 Manners Around the World A.","Unit 10: Lesson 1 (Manners Around the World)"
"Gulp","দ্রুত গিলে ফেলা / ঢকঢক করে গেলা","Swallow, Guzzle, Quaff, Drink hastily","Sip, Nibble, Taste slowly","To swallow food or liquid quickly and in large quantities.","Unit Ten: Lifestyle Lesson 1 Manners Around the World A.","Unit 10: Lesson 1 (Manners Around the World)"
"Hugging","আলিঙ্গন / বুকে জড়িয়ে ধরা","Embracing, Clasping, Enfolding, Cuddling","Releasing, Pushing away, Shunning","Holding someone tightly in one's arms, typically to express affection.","Unit Ten: Lifestyle Lesson 1 Manners Around the World A.","Unit 10: Lesson 1 (Manners Around the World)"
"Host","নিমন্ত্রণকর্তা / মেজবান / গৃহকর্তা","Entertainer, Party-giver, Master of ceremonies","Guest, Visitor, Invitee","A person who receives or entertains other people as guests.","And sometimes it's good to take a cue from the host or hostess.","Unit 10: Lesson 1 (Manners Around the World)"
"Inadvertently","অসাবধানতাবশত / অনিচ্ছাকৃতভাবে / ভুলবশত","Accidentally, Unintentionally, Unwittingly, Involuntarily","Intentionally, Deliberately, Purposefully, Consciously","Without intention; accidentally or by careless oversight.","Make sure you don't take a special seat— like the head of the table, or inadvertently steal the best seat.","Unit 10: Lesson 1 (Manners Around the World)"
"Indicate","নির্দেশ করা / ইঙ্গিত দেওয়া / প্রকাশ করা","Signal, Show, Suggest, Signify, Point out","Conceal, Hide, Obscure, Mislead","To point out, show, or suggest the necessity of an action.","Unit Ten: Lifestyle Lesson 1 Manners Around the World A.","Unit 10: Lesson 1 (Manners Around the World)"
"Indication","ইঙ্গিত / নির্দেশক সংকেত / লক্ষণ","Sign, Signal, Hint, Clue, Symptom","Misdirection, Misguidance, Concealment","A sign or piece of information indicating something.","If it's a very formal dinner, you should also wait until the host or hostess gives the indication to start eating.","Unit 10: Lesson 1 (Manners Around the World)"
"Lack","ঘাটতি / অভাব / অপর্যাপ্ততা","Shortage, Deficiency, Scarcity, Dearth, Absence","Abundance, Plenty, Sufficiency, Surplus","The state of being without or not having enough of something.","We cannot claim ourselves civilized when we lack them.","Unit 10: Lesson 1 (Manners Around the World)"
"Lean","হেলান দেওয়া / কাত হওয়া / ঝুঁকে পড়া","Incline, Bend, Tilt, Slouch, Rest against","Straighten, Stand upright, Sit up","To be in or move into a sloping position; rest against support.","Make you are not slouching or leaning back in your chair.","Unit 10: Lesson 1 (Manners Around the World)"
"Messy","অগোছালো / অপরিষ্কার / নোংরা","Untidy, Disordered, Dirty, Sloppy, Chaotic","Neat, Tidy, Clean, Organized, Orderly","Untidy or dirty; lacking order and neatness.","Unit Ten: Lifestyle Lesson 1 Manners Around the World A.","Unit 10: Lesson 1 (Manners Around the World)"
"Quietly","নীরবে / শান্তভাবে / নিঃশব্দে","Silently, Softly, Calmly, Inaudibly, Peacefully","Loudly, Noisily, Boisterously, Clamorously","In a quiet manner; with little or no sound.","Unit Ten: Lifestyle Lesson 1 Manners Around the World A.","Unit 10: Lesson 1 (Manners Around the World)"
"Scatter","ছড়িয়ে দেওয়া / ছিটানো / ইতস্তত বিক্ষিপ্ত করা","Disperse, Spread, Strew, Sprinkle, Dissipate","Gather, Collect, Assemble, Concentrate","To throw in various random directions; separate and disperse.","Unit Ten: Lifestyle Lesson 1 Manners Around the World A.","Unit 10: Lesson 1 (Manners Around the World)"
"Abstain","বিরত থাকা / পরিহার করা","Refrain, cease, desist, forgo","Continue, indulge, participate","To restrain oneself from partaking in or indulging in something harmful or risky.","Unit Nine: Adolescence Lesson 1 Storms and Stresses of Adolescence A.","Unit 9: Lesson 1 (Storms and Stresses of Adolescence)"
"Acquisition","অর্জন / আয়ত্তকরণ","Attainment, achievement, learning, gain","Loss, forfeit, surrender","The learning, gaining, or developing of a skill, habit, or cognitive quality.","Unit Nine: Adolescence Lesson 1 Storms and Stresses of Adolescence A.","Unit 9: Lesson 1 (Storms and Stresses of Adolescence)"
"Avoidance","পরিহার / বর্জন","Avert, evasion, refraining, shunning","Indulgence, participation, embracing","The act of keeping away from or preventing something harmful from happening.","Unit Nine: Adolescence Lesson 1 Storms and Stresses of Adolescence A.","Unit 9: Lesson 1 (Storms and Stresses of Adolescence)"
"Barrier","বাধা / প্রতিবন্ধক","Obstacle, hindrance, hurdle, impediment","Freedom, gateway, opening, bridge","An obstacle, taboo, or rule that prevents progress, movement, or access.","In addition, even when services do exist, provider attitudes about adolescents often pose a significant barrier to the use of those services.","Unit 9: Lesson 1 (Storms and Stresses of Adolescence)"
"Biological","জৈবিক / জীবসম্পর্কিত","Organic, physiological, biotic","Inorganic, artificial, synthetic","Relating to biology, living organisms, and natural bodily processes.","Biological processes drive many aspects of this growth and development with the onset of puberty marking the passage from childhood to adolescence.","Unit 9: Lesson 1 (Storms and Stresses of Adolescence)"
"Capable","সক্ষম / দক্ষ","Able, competent, qualified, efficient","Incapable, unable, incompetent","Having the ability, skill, or power to do or understand something successfully.","Unit Nine: Adolescence Lesson 1 Storms and Stresses of Adolescence A.","Unit 9: Lesson 1 (Storms and Stresses of Adolescence)"
"Consequence","পরিণাম / ফলাফল","Outcome, result, effect, aftermath","Cause, origin, reason","A result or effect of an action, condition, or behavioral decision.","Unit Nine: Adolescence Lesson 1 Storms and Stresses of Adolescence A.","Unit 9: Lesson 1 (Storms and Stresses of Adolescence)"
"Differently","ভিন্নভাবে / পৃথকভাবে","Separately, distinctively, uniquely","Similarly, identically, uniformly","In a way that is not the same as another; in another manner.","Adolescence 149 adolescents differently than adults.","Unit 9: Lesson 1 (Storms and Stresses of Adolescence)"
"Exert","প্রয়োগ করা / খাটানো","Exercise, apply, wield, bring to bear","Rest, withhold, conceal, disuse","To apply or bring to bear force, authority, effort, or psychological influence.","Unit Nine: Adolescence Lesson 1 Storms and Stresses of Adolescence A.","Unit 9: Lesson 1 (Storms and Stresses of Adolescence)"
"Experience","অভিজ্ঞতা লাভ করা","Go through, encounter, undergo, face","Inexperience, miss, avoid","To undergo, encounter, or feel the effects of a situation or sensation.","[Unit 9: Lesson 1]: Unit Nine: Adolescence Lesson 1 Storms and Stresses of Adolescence A.
[Unit 4: Lesson 2]: As a tool in the classroom, AI can provide students with personalised learning experiences, automate repetitive tasks and provide instant feedback.","Unit 9: Lesson 1 (Storms and Stresses of Adolescence)"
"Fairly","মোটামুটি / যথেষ্ট পরিমাণে","Moderately, reasonably, tolerably, quite","Insufficiently, poorly, extremely","To a moderately large extent or degree; with reasonable consistency.","The biological determinants of adolescence are fairly universal: however.","Unit 9: Lesson 1 (Storms and Stresses of Adolescence)"
"Inability","অক্ষমতা / সামর্থ্যহীনতা","Incapability, inadequacy, powerlessness","Ability, capability, competence, power","The state of being unable to do something due to lack of power, skill, or development.","Unit Nine: Adolescence Lesson 1 Storms and Stresses of Adolescence A.","Unit 9: Lesson 1 (Storms and Stresses of Adolescence)"
"Individual","ব্যক্তি / স্বতন্ত্র","Person, human being, entity, single","Group, team, collective, mass","A single human being as distinct from a group, class, or family.","[Unit 9: Lesson 1]: But, for the most pari, most individuals have to go through these stages irrespective Of their economic or social status.
[Unit 4: Lesson 2]: But, for the most pari, most individuals have to go through these stages irrespective Of their economic or social status.","Unit 9: Lesson 1 (Storms and Stresses of Adolescence)"
"Late","বিলম্বে / দেরিতে","Belatedly, tardily, behindhand","Early, in time, punctually","Doing something or occurring after the usual, expected, or proper time.","Unit Nine: Adolescence Lesson 1 Storms and Stresses of Adolescence A.","Unit 9: Lesson 1 (Storms and Stresses of Adolescence)"
"Pregnancy","গর্ভাবস্থা","Childbearing, gestation","Non-pregnancy","The condition or period of being pregnant with an unborn offspring.","Unit Nine: Adolescence Lesson 1 Storms and Stresses of Adolescence A.","Unit 9: Lesson 1 (Storms and Stresses of Adolescence)"
"Pressure","চাপ / পীড়ন","Stress, strain, tension, compulsion","Relief, calm, relaxation","Continuous physical force or psychological stress exerted upon someone.","health services and their workplaces to learn a wide range of skills that can help them to cope with the pressures they face and make a successful transition from childhood to adulthood.","Unit 9: Lesson 1 (Storms and Stresses of Adolescence)"
"Restrict","সীমাবদ্ধ করা / নিয়ন্ত্রণ করা","Limit, constrain, confine, restrain","Expand, broaden, liberate, release","To put a limit on or keep within specific bounds.","For example, laws and policies often restrict adolescents' access to reproductive health information and services, especially when they are unmarried.","Unit 9: Lesson 1 (Storms and Stresses of Adolescence)"
"Specifically","সুনির্দিষ্টভাবে / বিশেষ করে","Distinctively, particularly, expressly, uniquely","Generally, broadly, commonly","In a way that is exact, detailed, and specific.","[Unit 9: Lesson 1]: Unit Nine: Adolescence Lesson 1 Storms and Stresses of Adolescence A.
[Unit 4: Lesson 3]: Specifically, adolescents struggle to assess the consequences of high-risk actions.","Unit 9: Lesson 1 (Storms and Stresses of Adolescence)"
"Transition","স্থানান্তর / রূপান্তর","Change, transfer, exchange, progression","Preservation, permanence, stagnation","The process or a period of changing from one state or condition to another.","health services and their workplaces to learn a wide range of skills that can help them to cope with the pressures they face and make a successful transition from childhood to adulthood.","Unit 9: Lesson 1 (Storms and Stresses of Adolescence)"
"Urbanization","নগরায়ণ","Urban expansion, city growth, municipal development","Ruralization, de-urbanization","The process of making an area more urban or migration of populations to cities.","Unit Nine: Adolescence Lesson 1 Storms and Stresses of Adolescence A.","Unit 9: Lesson 1 (Storms and Stresses of Adolescence)"
"Vary","ভিন্ন হওয়া / পরিবর্তনশীল হওয়া","Differ, fluctuate, diverge, change","Conform, match, stay same, agree","To differ in size, amount, degree, or nature from something else of the same type.","the duration and defining characteristics of this period may vary across üme, cultures, and socio-economic situations.","Unit 9: Lesson 1 (Storms and Stresses of Adolescence)"
"Revolutionise","বিপ্লবী পরিবর্তন আনা / আমূল বদলে দেওয়া","Transform, modernize, overhaul, innovate","Stagnate, preserve, deteriorate, ruin","To fundamentally change something so that it is radically different and improved.","Artificial intelligence has the potential to revolutionise the way we learn and teach.","Unit 1: Lesson 2 (Education and Technology)"
"Automate","স্বয়ংক্রিয় করা / যন্ত্রচালিত করা","Mechanize, computerize, streamline, systemize","Operate manually, manualize, handcraft","To convert a process or task to be operated largely by automatic electronic equipment.","As a tool in the classroom, AI can provide students with personalised learning experiences, automate repetitive tasks and provide instant feedback.","Unit 1: Lesson 2 (Education and Technology)"
"Limitation","সীমাবদ্ধতা / দুর্বলতা","Restriction, shortcoming, constraint, boundary, flaw","Strength, capability, freedom, infinity","A limiting rule or condition; a lack of capacity or restrictive factor.","Privacy concerns are also a limitation of AI in the classroom.","Unit 1: Lesson 2 (Education and Technology)"
"Instructors","প্রশিক্ষক / শিক্ষক / নির্দেশক","Teachers, educators, trainers, mentors, tutors","Learners, students, pupils, trainees","People who teach something or guide learning in an academic or training context.","Let us explore the pros and cons of AI as a tool in the classroom, address the concern that AI could be a threat to teachers' and instructors' jobs and discuss the role of edtech companies in advancing this AI use case.","Unit 1: Lesson 2 (Education and Technology)"
"Redundant","অপ্রয়োজনীয় / বাহুল্য / কর্মহীন","Unnecessary, surplus, expendable, superfluous","Essential, indispensable, vital, required","Not or no longer needed or useful; superfluous.","Some teachers and instructors may see AI as a threat to their jobs, believing it will automate their tasks and make them redundant.","Unit 1: Lesson 2 (Education and Technology)"
"Implementing","বাস্তবায়ন করা / প্রয়োগ করা","Executing, applying, enforcing, performing, carrying out","Abandoning, delaying, halting, neglecting","Putting a decision, plan, software, or agreement into effect.","There are also negatives to consider, one of which is the cost of developing and implementing AI-powered educational tools.","Unit 1: Lesson 2 (Education and Technology)"
"Sensitive","সংবেদনশীল / গোপনীয়","Confidential, delicate, private, secret","Insensitive, public, open, resilient","Requiring careful handling due to privacy, confidentiality, or security risks.","AI-powered educational tools may collect and store sensitive personal data, which raises concerns about privacy and security.","Unit 1: Lesson 2 (Education and Technology)"
"Responsibly","দায়িত্বশীলতার সাথে","Accountably, conscientiously, sensibly, reliably","Irresponsibly, carelessly, recklessly","In a sensible, trustworthy, and accountable manner.","Edtech companies play a crucial role in advancing the use of AI in the classroom and ensuring that it is used ethically and responsibly.","Unit 1: Lesson 2 (Education and Technology)"
"Offset","ক্ষতিপূরণ করা / সমন্বয় করা / ভারসাম্য রক্ষা করা","Balance, compensate, counteract, neutralize","Worsen, intensify, exacerbate, unbalance","To counterbalance or compensate for a cost, loss, or disadvantage.","Edtech companies should work to make AI technology accessible to a broader range of schools and teachers and explore alternative funding options, such as grants or partnerships, to help offset the costs.","Unit 1: Lesson 2 (Education and Technology)"
"Augment","বৃদ্ধি করা / সমৃদ্ধ করা / সম্পূরক হওয়া","Enhance, supplement, boost, expand, reinforce","Diminish, reduce, decrease, weaken","To make something greater by adding to it; to supplement.","Edtech companies should aim to develop AI tools that augment, rather than replace, the role of teachers and provide students with a well-rounded education that includes both personalized learning and human interaction.","Unit 1: Lesson 2 (Education and Technology)"
"Well-rounded","পরিপূর্ণ / সর্বাঙ্গীণ / ভারসাম্যপূর্ণ","Comprehensive, balanced, versatile, complete","One-sided, narrow, biased, incomplete","Having a personality or education that is fully developed and well balanced.","Edtech companies should aim to develop AI tools that augment, rather than replace, the role of teachers and provide students with a well-rounded education that includes both personalized learning and human interaction.","Unit 1: Lesson 2 (Education and Technology)"
"Innovative","উদ্ভাবনী / আধুনিক / নতুন ধারণাসম্পন্ন","Inventive, novel, groundbreaking, state-of-the-art","Traditional, outdated, conventional, old-fashioned","Featuring new, original, and advanced methods or ideas.","Edtech companies should aim to improve AI capabilities and overcome these limitations to create more advanced, innovative and effective AI tools for the classroom.","Unit 1: Lesson 2 (Education and Technology)"
"Transparent","স্বচ্ছ / স্পষ্ট / বোধগম্য","Clear, open, candid, lucid, unambiguous","Opaque, obscure, secretive, hidden","Easy to perceive, understand, or examine; open to public scrutiny.","Ethical considerations: Edtech companies should consider the ethical implications of AI technology in education and develop AI tools in a transparent, fair and responsible manner.","Unit 1: Lesson 2 (Education and Technology)"
"Governing","নিয়ন্ত্রণকারী / পরিচালনাকারী / বিধানকারী","Regulating, controlling, directing, ruling","Submitting, obeying, complying","Having the power, duty, or legal authority to conduct policy and actions.","They must also ensure that they develop and use AI tools in accordance with the laws and regulations governing data privacy, security and intellectual property.","Unit 1: Lesson 2 (Education and Technology)"
"Collaboration","সহযোগিতা / যৌথ প্রচেষ্টা / মৈত্রী","Cooperation, partnership, alliance, teamwork","Conflict, opposition, competition, rivalry","The action of working together with someone to produce or create something.","Still, edtech companies should develop AI tools with caution in collaboration with teachers, educators and students to ensure that they are helpful, ethical and effective in meeting the needs of learners.","Unit 1: Lesson 2 (Education and Technology)"
"Valuable","মূল্যবান / গুরুত্বপূর্ণ / কল্যাণকর","Precious, beneficial, worthy, priceless, helpful","Worthless, useless, trivial, disadvantageous","Extremely useful, helpful, or important.","In conclusion, AI has the potential to be a valuable addition to the classroom.","Unit 1: Lesson 2 (Education and Technology)"
"Peered","উঁকি দিয়ে বা তীক্ষ্ণ দৃষ্টিতে তাকাল","Gazed, squinted, inspected, searched, probed","Ignored, glanced away, overlooked","Looked with concentration, curiosity, or difficulty through an opening.","She squatted down and peered through the shrubbery to get a better look.","Unit 1: Lesson 3 (Children in School)"
"Shrubbery","ঝোপঝাড় / গুল্মবাগান / ঝোপের বেষ্টনী","Bushes, foliage, greenery, thicket, undergrowth","Clearing, wasteland, desert, open field","An area in a garden or park planted with shrubs and green bushes.","She squatted down and peered through the shrubbery to get a better look.","Unit 1: Lesson 3 (Children in School)"
"Sparkled","চকচক করছিল / উজ্জ্বলভাবে জ্বলছিল","Shimmered, glinted, twinkled, shone, glistened","Dimmed, faded, dulled, darkened","Shone with flashes of light; glittered brightly in the sun.","The windows of the railroad cars sparkled in the morning sunlight.","Unit 1: Lesson 3 (Children in School)"
"Semicircular","অর্ধবৃত্তাকার","Half-round, crescent, curved, arched","Linear, straight, rectangular, square","Having the shape of a half-circle.","Education and Life 15 The two ""gateposts"" were clearly trees with roots.","Unit 1: Lesson 3 (Children in School)"
"Stationmaster","স্টেশনমাস্টার / ট্রেন স্টেশনের কর্মকর্তা","Station manager, railway official, depot master","Passenger, traveler, commuter","A railway official in charge of a railway station.","Education and Life 15 The two ""gateposts"" were clearly trees with roots.","Unit 1: Lesson 3 (Children in School)"
"Shabby","জীর্ণশীর্ণ / মলিন / পরাতন ধাঁচের","Threadbare, worn-out, ragged, scruffy, faded","Smart, elegant, pristine, immaculate, luxurious","In poor condition through long use or lack of care; worn.","Education and Life 15 The two ""gateposts"" were clearly trees with roots.","Unit 1: Lesson 3 (Children in School)"
"Spiritedly","উদ্যমীভাবে / প্রাণবন্তভাবে / সতেজে","Energetically, vividly, enthusiastically, vivaciously","Lifelessly, sluggishly, apathetically, weakly","In a lively, enthusiastic, and animated manner.","Education and Life 15 The two ""gateposts"" were clearly trees with roots.","Unit 1: Lesson 3 (Children in School)"
"Embarrassed","লজ্জিত / অপ্রস্তুত / বিব্রত","Ashamed, awkward, humiliated, mortified, self-conscious","Confident, proud, composed, unabashed","Feeling awkward, self-conscious, or ashamed by a social blunder.","Education and Life 15 The two ""gateposts"" were clearly trees with roots.","Unit 1: Lesson 3 (Children in School)"
"Uneasiness","অস্বস্তি / উৎকণ্ঠা / অস্থিরতা","Anxiety, apprehension, restlessness, discomfort, perturbation","Calmness, ease, serenity, comfort, tranquility","A feeling of anxiety, restlessness, or apprehension.","Education and Life 15 The two ""gateposts"" were clearly trees with roots.","Unit 1: Lesson 3 (Children in School)"
"Straight away","অবিলম্বে / সাথে সাথে / কালবিলম্ব না করে","Immediately, instantly, promptly, forthwith, right away","Eventually, later, subsequently, sluggishly","Without delay; immediately and readily.","Education and Life 15 The two ""gateposts"" were clearly trees with roots.","Unit 1: Lesson 3 (Children in School)"
"Higgledy-piggledy","এলোমেলোভাবে / বিশৃঙ্খলভাবে / তালগোল পাকিয়ে","Chaotic, disorderly, topsy-turvy, jumbled, haphazardly","Orderly, systematic, organized, neat","In confusion or disorderly disorder; topsy-turvy.","Education and Life 15 The two ""gateposts"" were clearly trees with roots.","Unit 1: Lesson 3 (Children in School)"
"Shreds","টুকরো টুকরো / ছিন্নভিন্ন অবস্থা","Tatters, scraps, fragments, ribbons, bits","Whole, entirety, fullness, unity","Strips of some material torn off or ragged fragments.","Education and Life 15 The two ""gateposts"" were clearly trees with roots.","Unit 1: Lesson 3 (Children in School)"
"Embroidered","নকশা করা / কারুকার্যখচিত","Stitched, decorated, patterned, embellished, ornate","Plain, unadorned, undecorated, bare","Decorated with needlework patterns using colored thread.","Education and Life 15 The two ""gateposts"" were clearly trees with roots.","Unit 1: Lesson 3 (Children in School)"
"Astonished","বিস্ময়াভিভূত / অত্যন্ত তাজ্জব","Amazed, astounded, flabbergasted, stunned, bewildered","Unimpressed, indifferent, unconcerned, expected","Greatly surprised, impressed, or struck with wonder.","If she had been able to, she would have been astonished, and even more grateful to the headmaster.","Unit 1: Lesson 3 (Children in School)"
"Expelled","বহিষ্কৃত / বরখাস্ত / বিতাড়িত","Dismissed, evicted, banished, discharged, ousted","Admitted, accepted, enrolled, welcomed","Officially forced to leave a school or other organization.","Totto-chan had no idea then, of course, that she had been expelled and that people were at their wit's end to know what to do.","Unit 1: Lesson 3 (Children in School)"
"Innocence","সরলতা / নিষ্পাপতা / সারল্য","Naivety, purity, guiltlessness, harmlessness, simplicity","Guilt, culpability, malice, corruption, cunning","The state, quality, or fact of being innocent of evil, deceit, or wrongdoing.","Education and Life 15 The two ""gateposts"" were clearly trees with roots.","Unit 1: Lesson 3 (Children in School)"
"Beholder","দর্শক / যিনি প্রত্যক্ষ করেন","Observer, spectator, onlooker, viewer, watcher","Participator, actor, performer","A person who sees or observes someone or something.","Does it truly lie in the eye of the beholder?","Unit 2: Lesson 1 (What is Beauty?)"
"Inseparable","অবিচ্ছেদ্য / যাকে পৃথক করা যায় না","Indivisible, intertwined, connected, integral","Separable, divisible, detached, alienable","Unable to be separated, dissolved, or treated as distinct.","While Lord Byron (1788-1824) finds perfect beauty in a woman he idealizes, Emily Dickinson (1830-1886) asserts that beauty is inseparable from truth.","Unit 2: Lesson 1 (What is Beauty?)"
"Starry","তারকাখচিত / তারাময়","Starlit, sparkling, celestial, luminous, radiant","Dark, overcast, starless, gloomy","Full of or lit by stars.","She walks in beauty, like the night Of cloudless climes and starry skies; And all that's best of dark and bright Meet in her aspect and her eyes; Thus mellowed to that tender light Which heaven to gaudy day denies.","Unit 2: Lesson 1 (What is Beauty?)"
"Aspect","চেহারা / রূপ / অবয়ব / বাহ্যিক রূপ","Appearance, countenance, visage, look, facet","Essence, interiority","The visual appearance of someone's face or bearing.","She walks in beauty, like the night Of cloudless climes and starry skies; And all that's best of dark and bright Meet in her aspect and her eyes; Thus mellowed to that tender light Which heaven to gaudy day denies.","Unit 2: Lesson 1 (What is Beauty?)"
"Impaired","ক্ষতিগ্রস্ত করা / সৌন্দর্য হ্রাস করা","Diminished, damaged, weakened, spoiled, harmed","Enhanced, improved, perfected, restored","Weakened or damaged; lessened in beauty or perfection.","One shade the more, one ray the less, Had half impaired the nameless grace Which waves in every raven tress, Or softly lightens o'er her face; Where thoughts serenely sweet express, How pure, how dear their dwelling-place.","Unit 2: Lesson 1 (What is Beauty?)"
"Raven","কুচকুচে কালো / উজ্জ্বল কৃষ্ণবর্ণ","Jet-black, sable, ebony, inky, pitch-black","Blonde, fair, pale, bleached","Glossy black in color, like the feathers of a raven.","One shade the more, one ray the less, Had half impaired the nameless grace Which waves in every raven tress, Or softly lightens o'er her face; Where thoughts serenely sweet express, How pure, how dear their dwelling-place.","Unit 2: Lesson 1 (What is Beauty?)"
"Tress","কেশর / চুলের গোছা / বিনুনি","Lock, curl, ringlet, braid, plait","Baldness, crop","A long lock or curl of a woman's hair.","One shade the more, one ray the less, Had half impaired the nameless grace Which waves in every raven tress, Or softly lightens o'er her face; Where thoughts serenely sweet express, How pure, how dear their dwelling-place.","Unit 2: Lesson 1 (What is Beauty?)"
"Eloquent","বাকপটু / ভাবপূর্ণ / গভীর অর্থবহ","Expressive, articulate, meaningful, communicative","Inarticulate, silent, clumsy, expressionless","Clearly expressing or indicating something without words.","And on that cheek, and o'er that brow, So soft, so calm, yet eloquent, The smiles that win, the tints that glow, But tell of days in goodness spent, A mind at peace with all below, A heart whose love is innocent!","Unit 2: Lesson 1 (What is Beauty?)"
"Adjoining","সংলগ্ন / পাশাপাশি অবস্থিত / লাগোয়া","Adjacent, neighboring, contiguous, bordering","Distant, remote, separated, far-off","Next to or joined with something else.","I died for beauty, but was scarce Adjusted in the tomb, When one who died for truth was lain In an adjoining room.","Unit 2: Lesson 1 (What is Beauty?)"
"Brethren","ভ্রাতৃবৃন্দ / সহোদরগণ / সমধর্মী ব্যক্তি","Brothers, comrades, peers, fellows, kin","Strangers, adversaries, enemies","Fellow members of a group or religion; brothers in purpose.","""And I for truth — the two are one; We brethren are,"" he said.","Unit 2: Lesson 1 (What is Beauty?)"
"Sprang","উৎসারিত হয়েছিল / আবির্ভূত হয়েছিল","Originated, emerged, arose, flowed, issued","Ended, ceased, disappeared, halted","Originated or arose from a particular source.","[Unit 2: Lesson 2]: Folk music may be described as the music of the ancient times that sprang from the heart of a community, based on their natural style of expression uninfluenced by the rules of classical music or modern popular songs...
[Unit 11: Lesson 4]: But after death out of his grave There sprang twelve stalks of wheat; Which many wond'ring at, got some of those To plant and set.","Unit 2: Lesson 2 (Folk Music)"
"Rhythms","ছন্দ / লয় / সুরের প্রবাহ","Cadences, beats, tempos, pulses, measures","Disorder, irregularity, arrhythmia","A strong, regular, repeated pattern of movement or sound in music.","Folk music consists of songs and music of a community that are not influenced by any sophisticated musical rules or any standard musical styles.","Unit 2: Lesson 2 (Folk Music)"
"Emotive","আবেগঘন / আবেগসঞ্চারী / হৃদয়স্পর্শী","Poignant, touching, evocative, heartfelt, stirring","Unemotional, dull, cold, indifferent","Arousing or able to arouse intense emotional feelings.","Folk music consists of songs and music of a community that are not influenced by any sophisticated musical rules or any standard musical styles.","Unit 2: Lesson 2 (Folk Music)"
"Riverine","নদীমাতৃক / নদীতীরবর্তী / নদীসংক্রান্ত","Riparian, fluvial, river-dwelling, waterborne","Landlocked, arid, desert","Relating to, situated on, or characteristic of a river system.","In Bangladesh folk music has great variety, with songs composed on culture, festivals, views of life, natural beauty, rivers and rural and riverine life.","Unit 2: Lesson 2 (Folk Music)"
"Metaphors","রূপক / উপমা / প্রতীকী তুলনা","Symbols, allegories, figures of speech, analogies","Literal terms, plain speech","Figures of speech in which words or phrases are applied to an object not literally applicable.","Mystical songs have been composed using the metaphors of rivers and boats...","Unit 2: Lesson 2 (Folk Music)"
"Minorities","সংখ্যালঘু সম্প্রদায়","Smaller groups, cultural subsets, marginalized groups","Majorities, dominant groups","Smaller groups of people differing ethnically or culturally from the larger majority.","Folk music consists of songs and music of a community that are not influenced by any sophisticated musical rules or any standard musical styles.","Unit 2: Lesson 2 (Folk Music)"
"Chorus","সমবেত কণ্ঠ / বৃন্দগান / দলগত গীত","Choir, ensemble, vocal group, unison singing","Solo, individual recital","A large organized group of singers; singing in unison together.","(Chorus) For auld lang syne, my dear, For auld lang syne, We'll take a cup of kindness yet, For auld lang syne...","Unit 2: Lesson 2 (Folk Music)"
"Contracted","আক্রান্ত হয়েছিল / রোগে সংক্রামিত হয়েছিল","Caught, developed, acquired, succumbed to","Overcame, recovered, resisted, prevented","Caught or developed a disease or medical condition.","Folk music consists of songs and music of a community that are not influenced by any sophisticated musical rules or any standard musical styles.","Unit 2: Lesson 2 (Folk Music)"
"Asceticism","কৃচ্ছ্রসাধন / বৈরাগ্য / সন্ন্যাসধর্ম","Self-discipline, austerity, renunciation, monkhood","Hedonism, self-indulgence, materialism","Severe self-discipline and avoidance of all forms of physical indulgence.","Folk music consists of songs and music of a community that are not influenced by any sophisticated musical rules or any standard musical styles.","Unit 2: Lesson 2 (Folk Music)"
"Monastery","মঠ / আশ্রম / আখড়া","Abbey, ashram, convent, hermitage, priory","Metropolis, bustling city","A building or community occupied by religious persons living under ascetic vows.","Folk music consists of songs and music of a community that are not influenced by any sophisticated musical rules or any standard musical styles.","Unit 2: Lesson 2 (Folk Music)"
"Disciples","শিষ্যবৃন্দ / অনুসারীগণ / ভক্তবৃন্দ","Followers, pupils, acolytes, adherents, devotees","Teachers, masters, adversaries","Personal followers or students of a religious teacher or philosopher.","Folk music consists of songs and music of a community that are not influenced by any sophisticated musical rules or any standard musical styles.","Unit 2: Lesson 2 (Folk Music)"
"Sculpture","ভাস্কর্য / খোদাই করা ত্রিমাত্রিক শিল্পকর্ম","Statue, carving, effigy, model, figurine","Flat painting, 2D drawing","The art of making three-dimensional representative or abstract forms.","Art is generally understood as an expression of human imagination and creative skills in a range of activities including painting, drawing, sculpture and architecture.","Unit 2: Lesson 3 (Art)"
"Aesthetic","নান্দনিক / সৌন্দর্যবিষয়ক / রুচিসম্মত","Artistic, tasteful, beautiful, appealing, refined","Unaesthetic, crude, inelegant, ugly","Concerned with beauty or the appreciation of artistic elegance.","The aim of art is to evoke feelings and emotions that are considered aesthetic—that is, concerned with beauty—but art also can be a form of social commentary...","Unit 2: Lesson 3 (Art)"
"Glorifies","মহিমান্বিত করে / ভূয়সী প্রশংসা করে","Extols, praises, dignifies, elevates, exalts","Degrades, condemns, disparages, defames","Presents something in high admiration or as especially worthy of praise.","Art is generally understood as an expression of human imagination and creative skills in a range of activities including painting, drawing, sculpture and architecture.","Unit 2: Lesson 3 (Art)"
"Famine","দুর্ভিক্ষ","Starvation, acute shortage","Plenty, abundance","Extreme scarcity of food leading to severe starvation.","[Unit 2: Lesson 3]: Art is generally understood as an expression of human imagination and creative skills in a range of activities including painting, drawing, sculpture and architecture.
[Unit 11: Lesson 3]: I can't not see the poverty, siege and famine, especially when all Gaza city flooded into Al-Areesh and emptied it from all goods in two hours.","Unit 11: Lesson 3 (Stories From Gaza)"
"Haunting","মর্মস্পর্শী / যা মন থেকে মোছা যায় না / দাগ কাটে এমন","Evocative, memorable, indelible, piercing, poignant","Forgettable, pleasant, comforting, bland","Poignant, evocative, and difficult to ignore or forget from the mind.","Art is generally understood as an expression of human imagination and creative skills in a range of activities including painting, drawing, sculpture and architecture.","Unit 2: Lesson 3 (Art)"
"Contemporary","সমসাময়িক / আধুনিক যুগের","Current, modern, present-day, up-to-date","Ancient, archaic, antiquated, outdated","Belonging to or occurring in the present time.","Art is generally understood as an expression of human imagination and creative skills in a range of activities including painting, drawing, sculpture and architecture.","Unit 2: Lesson 3 (Art)"
"Installation","সংস্থাপন শিল্প / ইনস্টলেশন আর্ট","Art arrangement, sculptural construction, visual setup","Demolition, dismantling","An artistic genre of three-dimensional works designed to transform interior perception.","Art is generally understood as an expression of human imagination and creative skills in a range of activities including painting, drawing, sculpture and architecture.","Unit 2: Lesson 3 (Art)"
"Insightful","অন্তর্দৃষ্টিপূর্ণ / গভীর বোধসম্পন্ন / বিশ্লেষণধর্মী","Perceptive, discerning, profound, sagacious, acute","Shallow, obtuse, superficial, undiscerning","Having or showing an accurate and deep understanding of a complex issue.","Art is generally understood as an expression of human imagination and creative skills in a range of activities including painting, drawing, sculpture and architecture.","Unit 2: Lesson 3 (Art)"
"Bohemian","উদাসীন / বাউন্ডুলে / প্রথাহীন স্বাধীনচেতা","Unconventional, nonconformist, free-spirited, nomadic","Conventional, orthodox, conformist, traditional","Having informal and unconventional social habits and an artistic lifestyle.","Born on 10 August 1923, in Jessore, Bangladesh, Sultan is often remembered as a bohemian artist who traveled extensively...","Unit 2: Lesson 3 (Art)"
"Retrospective","পশ্চাৎমুখী প্রদর্শনী / শিল্পীর অতীত কাজের পূর্ণাঙ্গ প্রদর্শনী","Comprehensive exhibition, career survey, review","Prospective preview, debut showcase","An exhibition showing the development of the work of a particular artist over time.","Art is generally understood as an expression of human imagination and creative skills in a range of activities including painting, drawing, sculpture and architecture.","Unit 2: Lesson 3 (Art)"
"Stature","শারীরিক উচ্চতা ও ব্যক্তিত্ব / গৌরবময় মর্যাদা","Prestige, status, standing, height, prominence","Insignificance, lowliness, unimportance","Importance or reputation gained by ability or achievement; also physical height.","Art is generally understood as an expression of human imagination and creative skills in a range of activities including painting, drawing, sculpture and architecture.","Unit 2: Lesson 3 (Art)"
"Pioneer","পথপ্রদর্শক / অগ্রদূত / প্রথম প্রবর্তক","Trailblazer, innovator, forerunner, groundbreaker","Follower, imitator, conformist","A person who is among the first to explore or settle a new country or area of thought.","Novera Ahmed was the pioneer of modern sculpting in Bangladesh.","Unit 2: Lesson 3 (Art)"
"Aptly","যথাযথভাবে / উপযুক্তভাবে / চমৎকারভাবে","Fittingly, suitably, appropriately, correctly","Inappropriately, unfittingly, wrongly","In a manner that is suitable or appropriate in the circumstances.","Art is generally understood as an expression of human imagination and creative skills in a range of activities including painting, drawing, sculpture and architecture.","Unit 2: Lesson 3 (Art)"
"Artefacts","শিল্পকর্ম / হস্তনির্মিত ঐতিহাসিক বস্তু","Relics, antiques, handicrafts, items, artworks","Natural objects, raw materials","Objects made by a human being, typically an item of cultural or historical interest.","Art is generally understood as an expression of human imagination and creative skills in a range of activities including painting, drawing, sculpture and architecture.","Unit 2: Lesson 3 (Art)"
"Motifs","নকশার মূল ভাব / শিল্পরীতি / প্যাটার্ন","Patterns, themes, designs, figures, concepts","Disorder, plainness, randomness","Decorative designs, patterns, or dominant recurring ideas in artistic work.","Art is generally understood as an expression of human imagination and creative skills in a range of activities including painting, drawing, sculpture and architecture.","Unit 2: Lesson 3 (Art)"
"Inaugurated","উদ্বোধন করা হয়েছিল / সূচনা করা হয়েছিল","Launched, opened, instituted, unveiled, commenced","Closed, concluded, terminated, dissolved","Formally opened a facility, event, or initiated an exhibition.","Art is generally understood as an expression of human imagination and creative skills in a range of activities including painting, drawing, sculpture and architecture.","Unit 2: Lesson 3 (Art)"
"Adequately","পর্যাপ্তভাবে / যথাযথভাবে / সামঞ্জস্যপূর্ণভাবে","Sufficiently, satisfactorily, suitably, appropriately","Inadequately, insufficiently, poorly","To a satisfactory or acceptable extent; suitably.","Art is generally understood as an expression of human imagination and creative skills in a range of activities including painting, drawing, sculpture and architecture.","Unit 2: Lesson 3 (Art)"
"Artisans","কারিগর / হস্তশিল্পী","Craftsmen, craftspeople, handcrafters, masters","Unskilled laborers, mass-producers","Workers in a skilled trade, especially one that involves making things by hand.","While art is considered intuitive and visionary, craft is seen to be a practical application of certain skills for producing objects of everyday use that are often beautiful to look at, such as pottery, metal and wood work, cane and bamboo items, jewelry, musical instruments like ektara, dhol or flute and textile items...","Unit 2: Lesson 4 (Craft)"
"Terracotta","পোড়ামাটি / পোড়ামাটির ফলক বা পুতুল শিল্প","Baked clay, earthenware, ceramic, pottery","Plastic, synthetic polymer","A type of brownish-red earthenware used for pottery, tiles, and figurines.","While art is considered intuitive and visionary, craft is seen to be a practical application of certain skills for producing objects of everyday use that are often beautiful to look at, such as pottery, metal and wood work, cane and bamboo items, jewelry, musical instruments like ektara, dhol or flute and textile items...","Unit 2: Lesson 4 (Craft)"
"Tactile","স্পর্শনীয় / স্পর্শগ্রাহ্য / অনুভূতির মাধ্যমে অনুভূত","Palpable, tangible, touchable, physical","Intangible, abstract, untouchable, ethereal","Connected with the sense of touch or pleasant to feel with one's fingers.","While art is considered intuitive and visionary, craft is seen to be a practical application of certain skills for producing objects of everyday use that are often beautiful to look at, such as pottery, metal and wood work, cane and bamboo items, jewelry, musical instruments like ektara, dhol or flute and textile items...","Unit 2: Lesson 4 (Craft)"
"Signifier","প্রতীক / পরিচায়ক / সামাজিক নির্দেশক","Symbol, indicator, mark, representation, token","Distortion, falsehood","A sign's physical form (such as a sound, printed word, or image) as distinct from its meaning.","While art is considered intuitive and visionary, craft is seen to be a practical application of certain skills for producing objects of everyday use that are often beautiful to look at, such as pottery, metal and wood work, cane and bamboo items, jewelry, musical instruments like ektara, dhol or flute and textile items...","Unit 2: Lesson 4 (Craft)"
"Township","শহরাঞ্চল / প্রাচীন নগরী / জনপদ","Municipality, settlement, borough, town, district","Wilderness, uninhabited jungle","A division of a county with some corporate powers; a historic town settlement.","Some of you who live outside Sonargaon Upazila in the district of Narayanganj, may have visited the ancient township with its Folk Arts and Crafts Museum set up by the famous artist Zainul Abedin in 1975, and a number of old buildings which speak of a glorious past...","Unit 2: Lesson 4 (Craft)"
"Antiquity","প্রাচীনত্ব / সুদূর অতীতকাল / প্রত্নতাত্ত্বিক গুরুত্ব","Ancientness, archaism, age-old heritage, historical past","Modernity, novelty, recency","The ancient past, especially the period before the Middle Ages.","While art is considered intuitive and visionary, craft is seen to be a practical application of certain skills for producing objects of everyday use that are often beautiful to look at, such as pottery, metal and wood work, cane and bamboo items, jewelry, musical instruments like ektara, dhol or flute and textile items...","Unit 2: Lesson 4 (Craft)"
"Illuminate","আলোকিত করা / উদ্ভাসিত করা / স্পষ্ট করা","Enlighten, clarify, brighten, elucidate, irradiate","Darken, confuse, obscure, cloud","To light up or make much clearer and intellectually enlightened.","Education and Life 27 D.","Unit 1: Lesson 4 (Civic Engagement)"
"Volunteerism","স্বেচ্ছাসেবা / নিঃস্বার্থ পরার্থপরতা","Voluntary service, altruism, unpaid service, charity","Compulsion, coercion, conscription","The use or involvement of volunteer labor, especially in community services.","When you have finished reading, write on thc blank space on the top of each story what the story is about— civic engagement, volunteerism, or service learning.","Unit 1: Lesson 4 (Civic Engagement)"
"Hygiene","স্বাস্থ্যবিধি / পরিচ্ছন্নতা","Cleanliness, sanitation, purity, disinfection, asepsis","Filth, dirtiness, contamination, unsanitariness","Conditions or practices conducive to maintaining health and preventing disease.","Yet, ensuring drinking water, cleanliness and hygiene was a big challenge.","Unit 1: Lesson 4 (Civic Engagement)"
"Immensely","অত্যধিক মাত্রায় / অপরিমেয়ভাবে / বিপুলভাবে","Vastly, enormously, exceedingly, tremendously, hugely","Scarcely, slightly, insignificantly, barely","To a great extent; extremely or immeasurably.","Education and Life 27 D.","Unit 1: Lesson 4 (Civic Engagement)"
"Introvert","অন্তর্মুখী / চাপা স্বভাবের মানুষ","Reserved person, quiet person, introspective, loner","Extrovert, outgoing person, socializer","A shy, reticent person who enjoys solitary reflection.","Education and Life 27 D.","Unit 1: Lesson 4 (Civic Engagement)"
"Plea","আকুল আবেদন / কাতর প্রার্থনা / নিবেদন","Appeal, supplication, request, entreaty, petition","Demand, command, order, refusal","A request made in an urgent and emotional manner.","Education and Life 29 Alex's plea touched the teacher.","Unit 1: Lesson 4 (Civic Engagement)"
"Gazing","একদৃষ্টিতে তাকিয়ে থাকা / নিরীক্ষণ করা","Staring, contemplating, peering, observing intently","Glancing, overlooking, ignoring","Looking steadily and intently, especially in admiration, surprise, or thought.","Waking up in darkness, gazing at the fig-tree, I behold Dawn's swallows roosting under huge umbrella-like leaves.","Unit 3: Lesson 1 (Myths of Bengal)"
"Roosting","পাখির আশ্রয় বা বিশ্রাম নেওয়া / আড্ডা","Perching, nesting, resting, settling","Flying, soaring, roaming","Settling or congregating for rest or sleep, as birds do.","Waking up in darkness, gazing at the fig-tree, I behold Dawn's swallows roosting under huge umbrella-like leaves.","Unit 3: Lesson 1 (Myths of Bengal)"
"Incomparable","অতুলনীয় / যার কোনো সমকক্ষ বা তুলনা নেই","Peerless, matchless, unrivaled, extraordinary, singular","Ordinary, mediocre, common, comparable","Matchless; so good or exceptional as to be beyond all comparison.","When long, long ago, Chand came in his honeycombed boat To a blue Hijal, Bat and Tamal shade near the Champa, he too sighted Bengal's incomparable beauty.","Unit 3: Lesson 1 (Myths of Bengal)"
"Waning","হ্রাসমান / ক্ষয়িষ্ণু / অস্তগামী","Diminishing, fading, subsiding, receding, declining","Waxing, growing, expanding, intensifying","Decreasing in vigor, power, or lunar brightness.","One day, alas, in the Ganguri, On a raft, as the waning moon sank on the river's sandbanks, Behula too saw countless aswaths and bats besides golden ricefields And heard the thrush's soft song.","Unit 3: Lesson 1 (Myths of Bengal)"
"Wagtail","খঞ্জনা পাখি / দ্রুত লেজ নাড়ানো পাখি","Small songbird, motacilla, passerine","Bird of prey","A small songbird with a long tail that wags incessantly up and down.","One day, arriving in Amara, Where gods held court, when she danced like a desolate wagtail, Bengal's rivers, fields, flowers, wailed like strings of bells on her feet.","Unit 3: Lesson 1 (Myths of Bengal)"
"Terrorize","আতঙ্কিত করা / ভয় দেখানো / ত্রাস সৃষ্টি করা","Intimidate, menace, frighten, petrify, oppress","Reassure, comfort, console, soothe","To make someone feel extremely frightened by threatening harm.","On the island of Crete, the fearsome Minotaur, a creature that was half-man and half-bull, terrorized the inhabitants.","Unit 3: Lesson 2 (Icarus)"
"Masterful","অত্যন্ত দক্ষ / নিপুণ / কর্তৃত্বপূর্ণ","Skillful, expert, adept, accomplished, proficient","Clumsy, amateurish, inept, incompetent","Performed or producing work with outstanding skill or artistry.","To contain the beast, King Minos enlisted the help of Daedalus, a masterful architect and inventor.","Unit 3: Lesson 2 (Icarus)"
"Labyrinth","জটিল গোলকধাঁধা / পথভ্রান্তিকর ফাঁদ","Maze, web, tangle, complex network, winding path","Straight pathway, clear passage","A complicated irregular network of passages or paths in which it is difficult to find one's way.","Daedalus constructed an intricate labyrinth so complex that escape was nearly impossible.","Unit 3: Lesson 2 (Icarus)"
"Gruesome","বীভৎস / ভয়াবহ / লোমহর্ষক পরিণতি","Horrific, grisly, macabre, ghastly, dreadful","Pleasant, attractive, delightful, charming","Extremely unpleasant and shocking, usually dealing with death or injury.","Once the Minotaur was imprisoned within the maze, King Minos believed he had the perfect trap for his enemies, who would be sent into the labyrinth to meet a gruesome end.","Unit 3: Lesson 2 (Icarus)"
"Heeded","মনোযোগ দিয়েছিল / সতর্কবার্তা মেনে চলেছিল","Observed, obeyed, paid attention to, complied with","Ignored, disregarded, defied, overlooked","Paid careful attention to advice or a warning.","Initially, Icarus heeded his father's advice, but soon, overwhelmed by the excitement of the flight, he soared higher and higher, forgetting the warning.","Unit 3: Lesson 2 (Icarus)"
"Miracles","অলৌকিক ঘটনা / আশ্চর্য পরাবাস্তব ক্ষমতা","Wonders, marvels, supernatural events, divine signs","Natural occurrences, ordinary events","Surprising and welcome events that cannot be explained by natural laws.","He was credited with many miracles.","Unit 3: Lesson 3 (The Legend of Gazi)"
"Docile","শান্ত / অনুগত / সহজে বশ মানে এমন","Tame, submissive, compliant, gentle, obedient","Ferocious, wild, untamable, defiant","Ready to accept control or instruction; submissive and calm.","For example, he could supposedly calm dangerous animals and make them docile.","Unit 3: Lesson 3 (The Legend of Gazi)"
"Predatory","শিকারি / হিংস্র স্বভাবসম্পন্ন / মাংসাশী","Carnivorous, hunting, raptorial, ravaging","Harmless, herbivorous, domesticated","Relating to animals preying naturally on others.","Because of his alert and vigilant presence, all predatory animals were said to have been kept within bounds.","Unit 3: Lesson 3 (The Legend of Gazi)"
"Depicted","চিত্রায়িত / ক্যানভাসে অঙ্কিত বা বর্ণিত","Portrayed, represented, illustrated, rendered, sketched","Concealed, hidden, misrepresented","Represented by a drawing, painting, or other art form.","He is usually depicted in paats or scroll paintings riding a fierce-looking Bengal tiger, a snake in his hand, but in no apparent danger.","Unit 3: Lesson 3 (The Legend of Gazi)"
"Interdependence","পারস্পরিক নির্ভরশীলতা / অচ্ছেদ্য সম্পর্ক","Mutual reliance, interconnectedness, mutuality","Independence, detachment, isolation","The dependence of two or more people or things on each other.","She realized the interdependence that links people and climate in myriad ways.","Unit 3: Lesson 4 (Khona)"
"Astrologer","জ্যোতিষী / ভাগ্য গণনাকারী ব্যক্তি","Stargazer, seer, horoscopist, soothsayer","Astronomer, scientist","A person who uses astrology to tell others about their character, or to predict future events.","As he grew up in the royal court, he married the king's daughter, an astrologer herself, named Lila.","Unit 3: Lesson 4 (Khona)"
"Destined","পূর্বনির্ধারিত / ভাগ্যে নির্ধারিত","Fated, predetermined, bound, intended, doomed","Accidental, random, uncertain","According with a plan or pre-ordained destiny; certain to happen.","Worried about his son's future, Varaha saw in the stars that Mihir was destined for a life of trouble and death.","Unit 3: Lesson 4 (Khona)"
"Afloat","ভাসমান অবস্থায় / ভেসে থাকা","Floating, buoyant, adrift, sailing","Sunken, submerged, sunk","Floating in water; not sinking below the surface.","Heartbroken, Varaha decided to save Mihir by placing him in a copper pot and setting the pot afloat on the river Viddyadhory.","Unit 3: Lesson 4 (Khona)"
"Predictions","ভবিষ্যদ্বাণী / পূর্বাভাস / ভবিষ্যজ্ঞান","Prophecies, forecasts, divinations, prognostications","Historical records, recollections","Things predicted; statements about what will happen in the future.","Lila and Mihir managed to find Varaha and prove that his predictions about Mihir's future had been wrong.","Unit 3: Lesson 4 (Khona)"
"Silenced","মুখ বন্ধ করা / স্তব্ধ করা / কণ্ঠরোধ করা","Gagged, suppressed, muffled, quieted, quelled","Vocalized, expressed, voiced, echoed","Prohibited or prevented someone from expressing opinion or knowledge.","Varaha, feeling jealous and angry, ordered his son to punish Lila by cutting out her tongue, hoping to silence her.","Unit 3: Lesson 4 (Khona)"
"Spouses","স্বামী-স্ত্রী / জীবনসঙ্গী যুগল","Partners, mates, companions, couples","Bachelors, singles, celibates","Husbands or wives, considered in relation to their partner.","(2) Marriage shall be entered into only with the free and full consent of the intending spouses.","Unit 5: Lesson 1 (Are We Aware of These Rights-I?)"
"Consent","সম্মতি / অনুমোদন / স্বেচ্ছায় রাজি হওয়া","Agreement, approval, assent, permission, concurrence","Refusal, dissent, denial, objection","Permission for something to happen or agreement to do something.","(2) Marriage shall be entered into only with the free and full consent of the intending spouses.","Unit 5: Lesson 1 (Are We Aware of These Rights-I?)"
"Jurisdictional","আইনগত এক্তিয়ারভুক্ত / শাসন সীমানা সংক্রান্ত","Legal, judicial, administrative, territorial, authoritative","Extra-legal, unauthorized","Relating to the official power to make legal decisions and judgments.","Furthermore, no distinction shall be made on the basis of the political, jurisdictional or international status of the country or territory to which a person belongs.","Unit 5: Lesson 2 (Are We Aware of These Rights-II?)"
"Adequate","পর্যাপ্ত / মানসম্মত / সমুচিত ও উপযোগী","Sufficient, satisfactory, acceptable, suitable, ample","Inadequate, insufficient, deficient, meager","Satisfactory or acceptable in quality or quantity.","The following text has extracts from the Universal Declaration of Human Rights and is about health and education: Article 25: (1) Everyone has the right to a standard of living adequate for the health and well-being of oneself and of one's family, including food, clothing, housing and medical care and necessary social services, and the right to security in the event of unemployment, sickness, disability, widowhood, old age or other lack of livelihood in circumstances beyond his control.","Unit 5: Lesson 3 (Rights to Health and Education)"
"Compulsory","বাধ্যতামূলক / অত্যাবশ্যক ও অনিবার্য","Mandatory, obligatory, required, imperative, binding","Optional, voluntary, discretionary","Required by law or a rule; obligatory.","Elementary education shall be compulsory.","Unit 5: Lesson 3 (Rights to Health and Education)"
"Fundamental","মৌলিক / মূলনীতি সংক্রান্ত / প্রধান স্তম্ভ","Essential, core, foundational, primary, paramount","Superficial, secondary, incidental","Forming a necessary base or core; of central importance.","[Unit 5: Lesson 3]: Education shall be free, at least in the elementary and fundamental stages.
[Unit 12: Lesson 4]: Fundamental to both the concept of Environmental Justice and the activist EJ movement is the search for fair ways of sharing environmental burdens and benefits and collectively creating a future in which the dignity and rights of all people are respected.
[Unit 12: Lesson 5]: Doctors should first determine at the fundamental level what it is that human beings depend on for life.","Unit 5: Lesson 3 (Rights to Health and Education)"
"Strengthening","শক্তিশালীকরণ / সুদৃঢ়করণ / ক্ষমতায়ন","Reinforcement, fortification, bolstering, enhancement","Weakening, undermining, erosion","The action or process of making something stronger or more robust.","(2) Education shall be directed to the full development of the human personality and to the strengthening of respect for human rights and fundamental freedoms.","Unit 5: Lesson 3 (Rights to Health and Education)"
"Inhumane","অমানবিক / নিষ্ঠুর / হৃদয়হীন ও বর্বর","Cruel, brutal, callous, barbaric, merciless","Compassionate, humane, benevolent, merciful","Without compassion for misery or suffering; cruel and uncaring.","The working conditions of these children were inhumane.","Unit 5: Lesson 4 (Coal Miners)"
"Trapper","খনিতে বায়ুচলাচল দরজার শিশুপ্রহরী","Vent-tender, pit-door boy, door-keeper","Mine superintendent","A young miner employed to open and close ventilation doors in a mine.","Three testimonies gathered by Ashley's Mines Commission are given below: Sarah Goodier, Age: 8 years: ""I'm a trapper in the Gawber pit.","Unit 5: Lesson 4 (Coal Miners)"
"Fathom","ফ্যাদম / ছয় ফুট গভীরতা পরিমাপক একক","Linear depth unit, 6-foot measure, nautical unit","Surface level","A unit of length equal to six feet (approximately 1.8 meters), used especially for measuring the depth of water or mines.","] Isabella Read, Age: 12 years: ""I am wrought with sister and brother; it is very sore work; cannot say how many rakes or journeys I make from pit's bottom to wall face and back, it may be about 30 or 25 on average; the distance varies from 100 to 250 fathom (1 fathom = 1.","Unit 5: Lesson 4 (Coal Miners)"
"Stoop","কুঁজো হয়ে ঝুঁকে চলা / মাথা নিচু করা","Bend, crouch, hunch, bow, kneel down","Stand erect, straighten up, rise","Bend one's head or body forward and downward.","(equivalent of 50 kg) and a quarter on my back; have to stoop much and creep through water, which is frequently up to the calves of my legs.","Unit 5: Lesson 4 (Coal Miners)"
"Obliged","বাধ্য / নিরুপায় হয়ে দায়বদ্ধ","Compelled, forced, required, bound, constrained","Free, unrestrained, exempt","Make someone legally or morally bound to an action or course of action.","Mary Barrett, Age: 14 years: ""I have worked down in pit for five years; my father works in the next pit; I have 12 brothers and sisters—all of them but one live at home; they weave, and wind, and hurry; one of them can read, none of the rest can, or write; they never went to the day-school, but three of them go to Sunday-school; I come down in the pit at seven in the morning; I do not like working in the pit, but I am obliged to get a living; I work always without stockings, or shoes, or trousers; I wear nothing but my chemise; I have to go up and work with the men.","Unit 5: Lesson 4 (Coal Miners)"
"Rudely","রূঢ়ভাবে / কর্কশ ও নির্দয়ভাবে","Harshly, insolently, discourteously, crudely, impolitely","Politely, courteously, kindly, respectfully","In an offensive, bad-mannered, or aggressive manner.","They are all naked there; I have got well used to that, and don't care much about it now; I was afraid at first, and did not like it; but they never behave rudely to me.""","Unit 5: Lesson 4 (Coal Miners)"
"Estimate","আনুমানিক হিসাব / নিরীক্ষা / পরিমাপ","Approximation, assessment, appraisal, valuation, guess","Certainty, exactitude, exact measurement","Roughly calculate or judge the value, number, quantity, or extent of.","The nearest estimate I can give makes me now between twenty-seven and twenty-eight years of age.","Unit 5: Lesson 5 (Frederick Douglass)"
"Complexion","ত্বকের বর্ণ / শারীরিক গায়ের রঙ","Skin tone, hue, coloration, visage, appearance","Inner personality","The natural color, texture, and appearance of a person's skin.","My mother was of a darker complexion than either my grandmother or grandfather.","Unit 5: Lesson 5 (Frederick Douglass)"
"Parentage","পিতামাতার পরিচয় / কুলমর্যাদা / বংশপরিচয়","Lineage, ancestry, descent, origins, pedigree","Unknown heritage","The identity and origins of one's parents.","He was admitted to be such by all I ever heard speak of my parentage.","Unit 5: Lesson 5 (Frederick Douglass)"
"Withheld","গোপন রাখা / আটকে রাখা / প্রদান না করা","Suppressed, concealed, kept back, retained, denied","Revealed, disclosed, granted, released","Refused to give something that was due for or desired by another.","The opinion was also whispered that my master was my father, but of the correctness of this opinion, I know nothing; the means of knowing was withheld from me.","Unit 5: Lesson 5 (Frederick Douglass)"
"Empirical","বাস্তবধর্মী / পরীক্ষণভিত্তিক / প্রত্যক্ষ অভিজ্ঞতানির্ভর","Experimental, observational, factual, practical, verifiable","Theoretical, hypothetical, speculative, conjectural","Based on, concerned with, or verifiable by observation or experience rather than theory.","Unit Six: Dreams Lesson 1 What is a Dream?","Unit 6: Lesson 1 (What is a Dream?)"
"Baffling","বিভ্রান্তিকর / হতবুদ্ধিকর / জটিল ধাঁধা","Perplexing, puzzling, mystifying, enigmatic, bewildering","Clear, straightforward, fathomable, simple","Impossible to understand; completely perplexing.","Unit Six: Dreams Lesson 1 What is a Dream?","Unit 6: Lesson 1 (What is a Dream?)"
"Unraveling","রহস্য উন্মোচন করা / জটিলতার জট খোলা","Deciphering, untangling, solving, explaining, clarifying","Complicating, entangling, obscuring","Investigating and solving or explaining something complicated.","Unit Six: Dreams Lesson 1 What is a Dream?","Unit 6: Lesson 1 (What is a Dream?)"
"Subconscious","অবচেতন / অন্তলীন মানসিক স্তর","Subliminal mind, unconscious, repressed self, innermost thoughts","Conscious awareness, wakefulness","The part of the mind of which one is not fully aware but which influences actions and feelings.","Unit Six: Dreams Lesson 1 What is a Dream?","Unit 6: Lesson 1 (What is a Dream?)"
"Repressed","অবদমিত / সচেতন মন থেকে দমনকৃত ইচ্ছা","Suppressed, smothered, stifled, hidden, bottled up","Expressed, released, uninhibited, voiced","Characterized by the suppression of impulses or desires.","Unit Six: Dreams Lesson 1 What is a Dream?","Unit 6: Lesson 1 (What is a Dream?)"
"Interpretation","ব্যাখ্যা / তাৎপর্য বিশ্লেষণ / নিহিতার্থ","Explanation, analysis, decipherment, evaluation, reading","Misinterpretation, confusion, misunderstanding","The action of explaining the meaning of something.","Unit Six: Dreams Lesson 1 What is a Dream?","Unit 6: Lesson 1 (What is a Dream?)"
"Clutter","এলোমেলো আবর্জনা / মানসিক বিশৃঙ্খলা ও জট","Disorder, mess, jumble, litter, chaos","Neatness, order, clarity, tidiness","A collection of things lying about in an untidy mass; mental mess.","Unit Six: Dreams Lesson 1 What is a Dream?","Unit 6: Lesson 1 (What is a Dream?)"
"Psychotherapy","মানসিক রোগের মনস্তাত্ত্বিক চিকিৎসা","Counseling, psychological therapy, psychoanalysis, healing","Somatic medication","The treatment of mental disorders by psychological rather than medical means.","Unit Six: Dreams Lesson 1 What is a Dream?","Unit 6: Lesson 1 (What is a Dream?)"
"Recesses","অন্তঃস্থল / মনের নির্জন ও গোপন কুঠুরি","Depths, alcoves, innermost chambers, corners, interior","Surface, exterior, outside","Small spaces created by building part of a wall further back from the rest; innermost parts.","Those who dream by night in the dusty recesses of their mind, Wake in the morning to find that it was vanity.","Unit 6: Lesson 2 (Dreams in Literature)"
"Vanity","অসারতা / শূন্যগর্ভ মোহ / নিস্ফল অহংকার","Futility, worthlessness, hollowness, illusion, conceit","Substance, value, humility, truth","The quality of being worthless or futile.","Those who dream by night in the dusty recesses of their mind, Wake in the morning to find that it was vanity.","Unit 6: Lesson 2 (Dreams in Literature)"
"Hallucination","দৃষ্টিবিভ্রম / অলীক প্রত্যক্ষ / মায়া","Illusion, delusion, mirage, apparition, phantom","Concrete reality, truth","An experience involving the apparent perception of something not present.","Dreams Lesson 2 Dreams in Literature Introduction: 109 William Wordsworth (1770-1850).","Unit 6: Lesson 2 (Dreams in Literature)"
"Silvery","রূপালি / উজ্জ্বল স্নিগ্ধ শুভ্র আভা","Shining, lustrous, radiant, argent, gleaming","Dull, tarnished, dark","Resembling or having the bright luster of silver.","Dreams Lesson 2 Dreams in Literature Introduction: 109 William Wordsworth (1770-1850).","Unit 6: Lesson 2 (Dreams in Literature)"
"Patriots","দেশপ্রেমিক নাগরিকগণ / স্বদেশের একনিষ্ঠ সেবক","Loyalists, nationalists, devoted citizens, freedom champions","Traitors, betrayers, defectors","People who vigorously support their country and are prepared to defend it.","patriots.","Unit 6: Lesson 2 (Dreams in Literature)"
"Electrified","তড়িৎস্পৃষ্ট বা রোমাঞ্চিত করল / উদ্দীপিত করল","Thrilled, energized, galvanized, excited, stimulated","Depressed, deadened, dispirited","To arouse a sudden sense of great excitement or enthusiasm.","This electrified me.","Unit 7: Lesson 1 (Brojen Das)"
"Treachery","বিশ্বাসঘাতকতা / প্রকৃতির অপ্রত্যাশিত ঝুঁকি ও কপটতা","Perfidiousness, betrayal, deceit, unpredictability, hazard","Loyalty, dependability, constancy, reliability","Betrayal of trust; deceptive or unpredictable danger.","Treachery of Weather The Channel, with its cold biting water, the winds, the waves and the tides does not make things easier.","Unit 7: Lesson 1 (Brojen Das)"
"Oblivious","বেখবর / অচেতন / আশপাশের বিষয়ে আত্মমগ্ন","Unaware, unconscious, heedless, unmindful, inattentive","Aware, mindful, alert, conscious","Not aware of or not concerned about what is happening around one.","Plunge And After Once in water, you get oblivious of time, distance or direction.","Unit 7: Lesson 1 (Brojen Das)"
"Famished","ক্ষুধার্ত / অনাহারে চরম কাতর","Starving, ravenous, hungry, malnourished, depleted","Sated, full, satisfied, glutted","Extremely hungry; starving.","Last Efforts I felt hungry and famished and shouted for my manager.","Unit 7: Lesson 1 (Brojen Das)"
"Craggy","পাথুরে খাড়া / অসমতল শৈলময় ও ধারালো","Rugged, steep, rocky, jagged, sharp","Smooth, flat, level, even","Rough and uneven; having many crags or steep rocks.","then I felt rocks, sharp and craggy...","Unit 7: Lesson 1 (Brojen Das)"
"Breakers","উত্তাল ফেনিল ঢেউ / আছড়ে পড়া তরঙ্গ","Surf, foaming waves, rollers, billows, ocean swells","Calm water, stillness","Heavy sea waves that break into white foam on rocks or a beach.","Sea Sick I get sea-sick in the ferry and also during swimming if there are breakers or waves.","Unit 7: Lesson 1 (Brojen Das)"
"Icon","অনুকরণীয় ব্যক্তিত্ব / প্রতীক / আদর্শ প্রতিমূর্তি","Symbol, idol, emblem, exemplar, paragon","Nobody, nonentity","A person or thing regarded as a representative symbol or as worthy of veneration.","Nishat Mazumder, a Bangladeshi woman in her early forties, is a sports icon.","Unit 7: Lesson 2 (Scaling a Mountain Peak)"
"Conquest","বিজয় / প্রতিকূলতা জয় করে প্রাধান্য অর্জন","Triumph, victory, subjugation, mastery, vanquishing","Defeat, surrender, failure","The overcoming of a problem or evil; the winning of something.","[Unit 7: Lesson 2]: The climbing event was organized on 29 May 2003 to celebrate the 50th Anniversary of Edmund Hillary and Tenzing Norgay's conquest of Mount Everest.
[Unit 11: Lesson 4]: Read the following poem and try to understand the meaning.","Unit 7: Lesson 2 (Scaling a Mountain Peak)"
"Expedition","অভিযান / সুনির্দিষ্ট লক্ষ্যভিত্তিক দুঃসাহসিক যাত্রা","Venture, journey, exploration, excursion, trek","Home-stay, stagnation","A journey undertaken by a group of people with a particular purpose.","Nishat had walked the streets of Dhaka with a 15 kg backpack for three consecutive days to make her body ready for the climb before the real expedition.","Unit 7: Lesson 2 (Scaling a Mountain Peak)"
"Direst","চরমতম / সবচেয়ে দুঃসহ ও ভয়ানক অবস্থা","Most dreadful, most desperate, most acute, gravest","Mildest, happiest, easiest","Extremely serious or urgent; most terrible.","Ashura Mazumder, Nishat's mother, is a hardworking and understanding woman who has been a pillar of support for her family in the direst of situations.","Unit 7: Lesson 2 (Scaling a Mountain Peak)"
"Improbable","অসম্ভবপ্রায় / সচরাচর অভাবনীয় ও অবিশ্বাস্য","Unlikely, doubtful, dubious, questionable","Probable, likely, plausible","Not likely to be true or to happen.","Christopher Reeve, the actor who played the role of Superman in the film said in a speech he gave at the Democratic National Convention in 1996 — ""So many of our dreams at first seem impossible, then they seem improbable, and then, when we summon the will, they soon become inevitable.""","Unit 7: Lesson 2 (Scaling a Mountain Peak)"
"Counterparts","সমকক্ষ ব্যক্তি বা প্রতিপক্ষ / সমান পদস্থ ব্যক্তি","Equals, equivalents, peers, matches, complements","Opposites, unequals","Persons or things corresponding to others in another group or context.","The underlying assumption is that boys are active and full of vigour, but girls are naive and lack the intelligence or energy to match their male counterparts.","Unit 7: Lesson 3 (The Unbeaten Girls)"
"Unbeaten","অপরাজিত / সকল ম্যাচে অজেয় ও জয়ী","Undefeated, unconquered, victorious, invincible","Defeated, beaten, vanquished","Not defeated or bested; victorious throughout an entire tournament.","Who could even think that these girls would seize the 1st SAFF Under-18 Women Championship in Bhutan in 2018, remaining unbeaten?","Unit 7: Lesson 3 (The Unbeaten Girls)"
"Epic","মহাকাব্যিক / গৌরবোজ্জ্বল বীরত্বপূর্ণ মহৎ কীর্তি","Legendary saga, monumental feat, heroic tale, masterwork","Petty event, trivial tale","An exceptionally heroic or monumental achievement resembling a classical epic.","The success of Kalsindur girls reads like an epic.","Unit 7: Lesson 3 (The Unbeaten Girls)"
"Inhibition","দ্বিধা / মানসিক জড়তা ও সামাজিক সংকোচ","Restraint, shyness, reticence, hesitancy, reserve","Confidence, boldness, uninhibited freedom","A feeling that makes one self-conscious and unable to act in a relaxed and natural way.","Soon the girls could prove themselves, shaking off their inhibition.","Unit 7: Lesson 3 (The Unbeaten Girls)"
"Ambitious","উচ্চাকাঙ্ক্ষী / লক্ষ্য পূরণে সংকল্পবদ্ধ","Aspiring, determined, driven, goal-oriented, enterprising","Apathetic, unambitious, indifferent","Having or showing a strong desire and determination to succeed.","A farmer, an auto-rickshaw driver, a tea-shop owner or a housemaid mother couldn't be that ambitious either.","Unit 7: Lesson 3 (The Unbeaten Girls)"
"Companionship","সঙ্গ / সাহচর্য / সৌহার্দ্যপূর্ণ বন্ধুত্ব","Fellowship, company, camaraderie, partnership, friendship","Isolation, solitude, loneliness, alienation","A feeling of fellowship or friendship.","What he meant was that human beings, by instinct, seek company of others and establish relationships, much like most animals of the wild, for companionship and for physical and emotional support.","Unit 8: Lesson 1 (Family)"
"Intimate","অন্তরঙ্গ / নিবিড় / অত্যন্ত গভীর ও বিশ্বস্ত","Close, confidential, warm, deep, affectionate","Distant, cold, aloof, estranged","Closely acquainted; familiar, close, or personal.","Some are familial and intimate, formed by blood and by marriage; some are social like the ones we have with friends and some are made in schools where we form close bonds with classmates and teachers.","Unit 8: Lesson 1 (Family)"
"Redoubles","বহুগুণ বৃদ্ধি পায় / দ্বিগুণ হওয়া বা তীব্রতর হওয়া","Multiplies, intensifies, amplifies, increases, heightens","Decreases, diminishes, halves, reduces","Makes or becomes much greater, more intense, or numerous.","When we share our joy with someone, it simply redoubles, and when we suffer a loss and someone shares our sorrow, it lessens.","Unit 8: Lesson 1 (Family)"
"Possessive","স্বত্বাধিকারী / মাত্রাতিরিক্ত দখলদারিত্বপ্রবণ","Controlling, domineering, jealous, grasping, overbearing","Generous, sharing, unselfish, liberal","Demanding someone's total attention and love, or unwilling to share.","We cannot be selfish and possessive if we want to establish an effective relationship.","Unit 8: Lesson 1 (Family)"
"Quarrelling","কলহ / বিবাদে লিপ্ত হওয়া / বাকবিতণ্ডা","Disputing, bickering, wrangling, feuding, squabbling","Harmonizing, co-operating, agreeing","Having an angry argument or disagreement.","But quite often we see people quarrelling and fighting with each other which only brings misery and loss to all.","Unit 8: Lesson 1 (Family)"
"Blueblack","কালচে নীল / হাড়কাঁপানো ঘোর শৈত্য ও অন্ধকার","Deep-navy, midnight-shade, freezing-darkness","Bright dawn, warm sunshine","Of a very dark blue color approaching black.","Sundays too my father got up early and put his clothes on in the blueblack cold, then with cracked hands that ached from labor in the weekday weather made banked fires blaze.","Unit 8: Lesson 2 (Warmth)"
"Banked","জ্বালিয়ে রাখা আগুন / ছাইচাপা রাখা আগুন","Stoked, heaped, sustained, contained fire","Extinguished, doused, quenched","Built up a fire with fuel and banked it so that it burns slowly.","Sundays too my father got up early and put his clothes on in the blueblack cold, then with cracked hands that ached from labor in the weekday weather made banked fires blaze.","Unit 8: Lesson 2 (Warmth)"
"Splintering","তীব্র ঠাণ্ডায় ফেটে যাওয়া / চিড় ধরা","Cracking, shattering, fracturing, splitting, breaking","Melting, fusing, mending","Breaking or causing to break into small sharp fragments.","I’d wake and hear the cold splintering, breaking.","Unit 8: Lesson 2 (Warmth)"
"Indifferently","উদাসীনভাবে / অনাগ্রহভরে / তাচ্ছিল্যের সাথে","Casually, coolly, detachedly, unenthusiastically","Warmly, affectionately, passionately","In a way that shows no particular interest or sympathy; unconcernedly.","When the rooms were warm, he’d call, and slowly I would rise and dress, fearing the chronic angers of that house, Speaking indifferently to him, who had driven out the cold and polished my good shoes as well.","Unit 8: Lesson 2 (Warmth)"
"Austere","কঠোর / ভাবাবেগহীন সংযমী ও ত্যাগী","Stern, severe, strict, self-denying, rigorous","Indulgent, lavish, luxurious, lenient","Severe or strict in manner, attitude, or appearance.","What did I know, what did I know of love’s austere and lonely offices?","Unit 8: Lesson 2 (Warmth)"
"Ached","বেদনাতুর / ব্যথায় টনটন করছিল","Pained, smarted, throbbed, hurt, agonized","Healed, eased, rested","Suffered a continuous dull pain from rigorous physical strain.","Sundays too my father got up early and put his clothes on in the blueblack cold, then with cracked hands that ached from labor in the weekday weather made banked fires blaze.","Unit 8: Lesson 2 (Warmth)"
"Kindling","আগুন ধরানোর শুকনো কাঠ / জ্বালানি কাঠি","Tinder, firesticks, firewood, dry splinters","Damp logs, waterlogged wood","Easily combustible small sticks or twigs used for starting a fire.","When I left my bed in the cool morning, the boy had come and gone, and a stack of kindling was neat against the cabin wall.","Unit 8: Lesson 3 (A Mother in Mannville)"
"Integrity","সততা ও চারিত্রিক ঋজুতা / নৈতিক দৃঢ়তা","Probity, uprightness, rectitude, honour, righteousness","Dishonesty, corruption, deceitfulness","The quality of being honest and having strong moral principles.","No, the word that comes to me is ""integrity""....","Unit 8: Lesson 3 (A Mother in Mannville)"
"Orphanage","এতিমখানা / অনাথ আশ্রম","Children's home, foundling asylum, foster home","Paternal home, ancestral estate","A residential institution for the care and education of orphans.","The orphanage is high in the Carolina mountains.","Unit 8: Lesson 3 (A Mother in Mannville)"
"Substituted","প্রতিস্থাপিত করেছিল / বদল করল","Replaced, exchanged, swapped, alternated","Retained, kept, preserved","Used or added in place of something else.","The orphanage is high in the Carolina mountains.","Unit 8: Lesson 3 (A Mother in Mannville)"
"Anomalous","অস্বাভাবিক / ব্যতিক্রমী ও অপ্রত্যাশিত","Irregular, atypical, abnormal, aberrant, peculiar","Normal, typical, standard, ordinary","Deviating from what is standard, normal, or expected.","The orphanage is high in the Carolina mountains.","Unit 8: Lesson 3 (A Mother in Mannville)"
"Pretended","ভণিতা বা ছলনা করেছিল / কাল্পনিক দাবি করেছিল","Feigned, faked, simulated, imagined, assumed","Disclosed truthfully, acknowledged","Behaved so as to make it appear that something was the case when in fact it was not.","The orphanage is high in the Carolina mountains.","Unit 8: Lesson 3 (A Mother in Mannville)"
"Bluntly","সোজাসাপটাভাবে / কোনো রাখঢাক ছাড়া","Plainly, directly, candidly, straightforwardly, curtly","Subtly, gently, ambiguously, tactfully","In an uncompromisingly forthright and direct way.","The orphanage is high in the Carolina mountains.","Unit 8: Lesson 3 (A Mother in Mannville)"
"Grave","গম্ভীর / ভাবলেশহীন ও ধীরস্থির","Solemn, serious, somber, dignified, sober","Playful, frivolous, lighthearted","Giving cause for alarm; serious, solemn, and quiet.","[Unit 8: Lesson 3]: I could picture him at four, with the same grave gray-blue eyes and the same — independence?
[Unit 11: Lesson 4]: But after death out of his grave There sprang twelve stalks of wheat; Which many wond'ring at, got some of those To plant and set.","Unit 8: Lesson 3 (A Mother in Mannville)"
"Asphalt","পিচঢালা মসৃণ রাজপথ","Tarmac, bitumen, blacktop, paved road","Dirt trail, unpaved path","A dark bituminous substance used for surfacing roads.","Relationships 143 With the piercing sound of a vehicle screeching to a hall, Yingzi's life flies in the air gently.","Unit 8: Lesson 4 (Love)"
"Windbreaker","বাতাস প্রতিরোধী হালকা জ্যাকেট","Windcheater, anorak, light jacket, parka","Woolen shawl","A wind-resistant jacket with a close-fitting neck, waistband, and cuffs.","Then I see Yingzi again, in her white windbreaker, the umbrella above her head, crossing the road quietly.","Unit 8: Lesson 4 (Love)"
"Cocoon","গুটি / রূপান্তরের পূর্ববর্তী সুরক্ষা আবরণী","Chrysalis, protective casing, pupa shell","Open atmosphere","A silky case spun by insect larvae for protection in the pupal stage.","Relationships 143 With the piercing sound of a vehicle screeching to a hall, Yingzi's life flies in the air gently.","Unit 8: Lesson 4 (Love)"
"Umbrella","ছাতা / বর্ষাতি আচ্ছাদন","Parasol, sunshade, canopy, brolly","Rain shower","A device consisting of a circular canopy of cloth on a folding metal frame.","Why did we bring only one umbrella?","Unit 8: Lesson 4 (Love)"
"Fascinating","মুগ্ধকর / অতি চমৎকার ও আকর্ষণীয়","Captivating, enchanting, spellbinding, alluring, dazzling","Boring, repulsive, uninteresting, dull","Extremely interesting and charming.","Relationships 143 With the piercing sound of a vehicle screeching to a hall, Yingzi's life flies in the air gently.","Unit 8: Lesson 4 (Love)"
"Effectively","কার্যকরভাবে / ফলপ্রসূ ও সফল উপায়ে","Efficaciously, successfully, productively, competently","Ineffectively, fruitlessly, unsuccessfully","In such a manner as to achieve a desired result.","[Unit 9: Lesson 2]: Adolescence Lesson 2 151 Adolescence and Some (Related) Problems in Bangladesh A.
[Unit 12: Lesson 5]: By natural farming, fields that have already been damaged by cultivation or the use of agricultural chemicals can be effectively rehabilitated.""","Unit 9: Lesson 2 (Problems in Bangladesh)"
"Unmarried","অবিবাহিত / একক জীবনযাপনকারী","Single, unwed, bachelor/spinster, celibate","Married, wedded, espoused","Not married; single.","Adolescence Lesson 2 151 Adolescence and Some (Related) Problems in Bangladesh A.","Unit 9: Lesson 2 (Problems in Bangladesh)"
"Dowry","যৌতুক / কন্যাপক্ষ কর্তৃক বাধ্যতামূলক পণ","Marriage portion, bride price, marital tribute, bridegift","Free endowment","Property or money brought by a bride to her husband on their marriage.","Adolescence 157 When Shilpi heard about those risks.","Unit 9: Lesson 3 (Child Marriage)"
"Maternal","মাতৃত্বজনিত / প্রসূতি সংক্রান্ত ও মাতৃসুলভ","Motherly, pregnancy-related, obstetric, natal","Paternal","Relating to a mother, especially during pregnancy and childbirth.","Adolescence 157 When Shilpi heard about those risks.","Unit 9: Lesson 3 (Child Marriage)"
"Mortality","মৃত্যুহার / মরণশীলতা","Death rate, fatality, lethality, perishability","Immortality, survival rate","The state of being subject to death; death, especially on a large scale.","Adolescence 157 When Shilpi heard about those risks.","Unit 9: Lesson 3 (Child Marriage)"
"Mobility","চলাচলের স্বাধীনতা / অবাধ গমনাগমন","Movement, freedom of travel, agility, locomotion","Confinement, immobility, restriction","The ability to move or be moved freely and easily.","Adolescence 157 When Shilpi heard about those risks.","Unit 9: Lesson 3 (Child Marriage)"
"Counselling","পরামর্শদান / দিকনির্দেশনামূলক পরামর্শ","Guidance, advising, mentoring, psychological direction","Misguidance, deception","The provision of professional assistance and guidance in resolving personal problems.","Like many other South Asian countries, in Bangladesh, the gravity of sexual harassment in public spaces has been diluted and almost 'normalised' through calling it 'eve-teasing'.","Unit 9: Lesson 4 (Story of Shilpi)"
"Hemorrhage","মারাত্মক রক্তক্ষরণ / জীবনঘাতী রক্তপাত","Bleeding, profuse blood loss, rupture, blood extravasation","Blood clotting, hemostasis","An escape of blood from a ruptured blood vessel, especially when profuse.","Like many other South Asian countries, in Bangladesh, the gravity of sexual harassment in public spaces has been diluted and almost 'normalised' through calling it 'eve-teasing'.","Unit 9: Lesson 4 (Story of Shilpi)"
"Fistula","ফিস্টুলা / অস্বাভাবিক অভ্যন্তরীণ ক্ষত নালী","Abnormal channel, fistula duct, ulcerated passage","Healthy uninjured tissue","An abnormal or surgically made passage between a hollow or tubular organ and the body surface, or between two hollow organs.","Like many other South Asian countries, in Bangladesh, the gravity of sexual harassment in public spaces has been diluted and almost 'normalised' through calling it 'eve-teasing'.","Unit 9: Lesson 4 (Story of Shilpi)"
"Morbidities","অসুস্থতা / দীর্ঘমেয়াদী জটিল রোগব্যাধি","Ailments, illnesses, diseases, disorders, infirmities","Robust health, wellness, vitality","The condition of suffering from a disease or medical condition.","Like many other South Asian countries, in Bangladesh, the gravity of sexual harassment in public spaces has been diluted and almost 'normalised' through calling it 'eve-teasing'.","Unit 9: Lesson 4 (Story of Shilpi)"
"Anecdotes","মজার চুটকি / বাস্তব জীবনের কৌতুকপূর্ণ ঘটনা","Short tales, vignettes, reminiscences, humorous accounts","Official chronicles, solemn essays","Short amusing or interesting stories about a real incident or person.","Syed Mujtaba Ali's time in Egypt was punctuated by a number of funny anecdotes.","Unit 10: Lesson 3 (Food and Culture)"
"Savoury","মুখরোচক নোনতা বা মসলাযুক্ত খাবার","Spicy, piquant, appetizing, flavorful, pungent","Sweet, sugary, bland, unpalatable","Belonging to the category that is salty or spicy rather than sweet.","of Our Bengali meals consist of five flavours of food—bitter, savoury, hot, sour sides and desserts.","Unit 10: Lesson 3 (Food and Culture)"
"Cuisine","রন্ধনশৈলী / বিশেষ অঞ্চলের ঐতিহ্যবাহী খাবার","Cooking style, culinary tradition, fare, culinary art","Raw ingredients","A style or method of cooking, especially as characteristic of a particular country or region.","Hence English cuisine seems bland and tasteless to us.","Unit 10: Lesson 3 (Food and Culture)"
"Delicacies","সুস্বাদু খাবার / উপাদেয় খাদ্যপদ","Dainties, treats, gourmet dishes, delicacies, morsels","Common rations, coarse food","Choice or expensive foods considered especially rare and delicious.","In my opinion, our sandesh and rasogolla are such delicacies that there is no reason Io go bananas over those desserts.","Unit 10: Lesson 3 (Food and Culture)"
"Linguist","ভাষাবিদ / বহুভাষাতত্ত্ববিদ ও পণ্ডিত","Polyglot, philologist, language specialist, etymologist","Monoglot, illiterate","A person skilled in foreign languages or studying the structure of human language.","Syed Mujtaba Ali, was an acclaimed Bengali author, academic and linguist.","Unit 10: Lesson 3 (Food and Culture)"
"Voyager","ভ্রমণযাত্রী / পরিব্রাজক নাবিক","Traveler, seafaring explorer, navigator, peregrinator","Homebody, stay-at-home","A person who goes on a long journey, typically by sea or into space.","The following excerpt is from Syed Mujtaba Ali's travelogue, Tales of a Voyager (Jolay Dangay) where he gives a charming and insightful description Egyptian food and language.","Unit 10: Lesson 3 (Food and Culture)"
"Contemplation","ধ্যানমগ্নতা / গভীর আত্মচিন্তন ও অন্তর্দৃষ্টি","Meditation, reflection, introspection, musing, deliberation","Distraction, carelessness, thoughtlessness","The action of looking thoughtfully at something for a long time; deep reflective thought.","Lifestyle The Archer's Secret 187 The winner of the 1988 Olympic gold medal for archery was a seventeen- year-old woman from South Korea.","Unit 10: Lesson 4 (Fitness)"
"Retrospection","অতীতচারণ / ফেলে আসা দিনের পর্যালোচনা","Review, remembrance, looking back, recollection","Foresight, anticipation","The action of looking back on or reviewing past events or situations.","Lifestyle The Archer's Secret 187 The winner of the 1988 Olympic gold medal for archery was a seventeen- year-old woman from South Korea.","Unit 10: Lesson 4 (Fitness)"
"Postures","শারীরিক ভঙ্গিমা / যোগব্যায়ামের আসনসমূহ","Stances, bodily poses, carriage, asanas, bearings","Immobility","Particular ways of standing, sitting, or positioning the body.","Lifestyle The Archer's Secret 187 The winner of the 1988 Olympic gold medal for archery was a seventeen- year-old woman from South Korea.","Unit 10: Lesson 4 (Fitness)"
"Aerobics","সঙ্গীতের তালে শারীরিক কসরত ও ব্যায়াম","Calisthenics, cardio fitness, rhythmic exercises","Sedentary lifestyle","Vigorous exercises designed to increase cardiovascular efficiency.","Lifestyle The Archer's Secret 187 The winner of the 1988 Olympic gold medal for archery was a seventeen- year-old woman from South Korea.","Unit 10: Lesson 4 (Fitness)"
"Torrent","তীব্র প্রবাহ / বাঁধভাঙা প্রবল স্রোতোধারা","Deluge, flood, cascade, rushing stream, spate","Trickle, drip","A strong and fast-moving stream of water or other liquid; overwhelming outpouring.","Lifestyle The Archer's Secret 187 The winner of the 1988 Olympic gold medal for archery was a seventeen- year-old woman from South Korea.","Unit 10: Lesson 4 (Fitness)"
"Ushered","সূচনা করেছিল / নতুন যুগের পথপ্রদর্শন করেছিল","Introduced, guided, heralded, led in, initiated","Ended, closed, terminated","Showed or guided someone somewhere; heralded the start of something new.","Lifestyle The Archer's Secret 187 The winner of the 1988 Olympic gold medal for archery was a seventeen- year-old woman from South Korea.","Unit 10: Lesson 4 (Fitness)"
"Overspend","অতিরিক্ত বা সামর্থ্যের বাইরে অর্থ ব্যয় করা","Squander, splurge, dissipate funds, overreach financially","Save, budget, economize","Spend more than is necessary or can be afforded.","Overspending is not only related to shopping, it applies to other activities as well such as eating out.","Unit 10: Lesson 5 (Consumerism)"
"Addiction","নেশা / চরম ক্ষতিকর মানসিক আসক্তি","Dependency, habit, obsession, fixation, compulsive craving","Aversion, indifference, detachment","The fact or condition of being addicted to a particular substance or activity.","Lifestyle 191 C.","Unit 10: Lesson 5 (Consumerism)"
"Tempted","প্রলুব্ধ / কোনো কিছুর মোহে আকৃষ্ট","Enticed, lured, seduced, attracted, coaxed","Repelled, resistant, wary","Having an urge or inclination to do something.","Lifestyle 191 C.","Unit 10: Lesson 5 (Consumerism)"
"Cruelties","নিষ্ঠুর আচরণ, নিষ্ঠুর কাজ","Barbarity, brutality","Kindness, heartedness","Cruel, callous, or inhuman acts and behaviors.","Cruelties of conflict affect people in different ways.","Unit 11: Lesson 1 (Situations of Conflict)"
"Traumatized","আঘাতপ্রাপ্ত","Frightened, injured","","Subject to lasting shock as a result of an emotionally disturbing experience or injury.","The experience left her traumatized, and for several years, she could not speak.","Unit 11: Lesson 1 (Situations of Conflict)"
"Unmentionable","উল্লেখের অযোগ্য","Unspeakable, trivial","Mentionable, notable","Too bad, shocking, or taboo to be spoken about.","Auden: I sit on one of the dives On Fifty-second Street Uncertain and afraid As the clever hopes expire Of a low dishonest decade: Waves of anger and fear Circulate over the bright And darkened lands of the earth, Obsessing our private lives; The unmentionable odour of death Offends the September night.","Unit 11: Lesson 1 (Situations of Conflict)"
"Pontoon","ভাসমান ধাতব সেতু","Platform","","A flat-bottomed boat or hollow structure used with others to support a temporary bridge.","There was a pontoon bridge across the river and carts, trucks, and men, women and children were crossing it.","Unit 11: Lesson 2 (The Old Man at the Bridge)"
"Artillery","গোলন্দাজ বাহিনী","Cannon, ordnance","","Large-caliber guns used in warfare on land.","[Unit 11: Lesson 2]: Because of the artillery.
[Unit 11: Lesson 5]: Soldiers of an Australian 4th Division field artillery brigade walk on a duckboard track laid across a muddy, shattered battlefield in Chateau Wood, near Hooge, Belgium, on October 29, 1917.","Unit 11: Lesson 2 (The Old Man at the Bridge)"
"Blankly","কোনো আবেগ ছাড়া","Foolishly","","In a manner that shows no expression, understanding, or emotion.","He looked at me very blankly and tiredly, and then said, having to share his worry with someone, ""The cat will be all right, I am sure.","Unit 11: Lesson 2 (The Old Man at the Bridge)"
"Siege","সামরিক অবরোধ","Beleaguerment, repression, control","","A military operation in which enemy forces surround a town or building, cutting off essential supplies.","I can't not see the poverty, siege and famine, especially when all Gaza city flooded into Al-Areesh and emptied it from all goods in two hours.","Unit 11: Lesson 3 (Stories From Gaza)"
"Shattered","চূর্ণবিচূর্ণ / ছিন্নভিন্ন ও সম্পূর্ণরূপে বিধ্বস্ত","Fractured, pulverized, wrecked, decimated, broken","Intact, whole, undamaged","Broken into many pieces; severely damaged or destroyed.","Read three selected monologues from Ashtar Theatre's production ""Gaza Monologues"" and answer the questions that follow.","Unit 11: Lesson 3 (Stories From Gaza)"
"Rubble","ধ্বংসস্তূপ / ভাঙা ইট-পাথর ও কংক্রিটের স্তূপ","Debris, wreckage, ruins, detritus, crushed stone","Intact structure, erected building","Waste or rough fragments of stone, brick, concrete, etc., especially as the debris from the demolition of buildings.","[Unit 11: Lesson 3]: Read three selected monologues from Ashtar Theatre's production ""Gaza Monologues"" and answer the questions that follow.
[Unit 11: Lesson 5]: Children navigate through the rubble of destroyed buildings in a war-torn area, highlighting the harsh reality of conflict and its devastating impact on innocent civilians, Rafah on Jan.","Unit 11: Lesson 3 (Stories From Gaza)"
"Displaced","বাস্তুচ্যুত / গৃহহারা ও নিজ দেশেই শরণার্থী","Dispossessed, uprooted, evicted, homeless, expatriated","Settled, housed, rooted","Forced someone to leave their home, typically because of war, persecution, or natural disaster.","[Unit 11: Lesson 3]: Read three selected monologues from Ashtar Theatre's production ""Gaza Monologues"" and answer the questions that follow.
[Unit 12: Lesson 5]: We will now read an excerpt from Arundhati Roy's powerful and passionately written essay ""The Greater Common Good"": ""According to a detailed study of the 54 Large Dams done by the Indian Institute of Public Administration, the average number of people displaced by a Large Dam is 44,182.","Unit 11: Lesson 3 (Stories From Gaza)"
"Devour","গ্রাস করা","Gobble, gulp","","Eat greedily; destroy completely or consume destructively.","But when I digged, I saw a worm devour What showed so well.","Unit 11: Lesson 4 (Peace in Literature)"
"Reverend","শ্রদ্ধাভাজন / পূজনীয় ধর্মগুরু বা বিজ্ঞ সাধক","Venerable, holy, esteemed, pious, revered, sacred","Profane, disreputable, scandalous","Worthy of reverence; used as a title or respect for a member of the clergy or elder sage.","Read the following poem and try to understand the meaning.","Unit 11: Lesson 4 (Peace in Literature)"
"Artillery-brigade","কামান ব্রিগেড / ভারী গোলন্দাজ সামরিক দল","Ordnance unit, cannon battalion, artillery corps, battery division","Unarmed scout troupe","A military brigade armed with large-caliber artillery pieces and cannons.","See these iconic photographs captured in various war settings across the world over the past hundred years, accompanied by key factual information.","Unit 11: Lesson 5 (Opinions through Images)"
"Duckboard","কাদামুক্ত কাঠের তক্তাপথ / পরিখার সাঁকো","Wooden planking, boardwalk, trench path, timber trackway","Deep mire, quicksand","A board consisting of a number of wooden slats joined together, placed over muddy ground.","Soldiers of an Australian 4th Division field artillery brigade walk on a duckboard track laid across a muddy, shattered battlefield in Chateau Wood, near Hooge, Belgium, on October 29, 1917.","Unit 11: Lesson 5 (Opinions through Images)"
"Battlefield","রণক্ষেত্র / যুদ্ধক্ষেত্র","Battleground, war zone, front lines, combat arena, killing ground","Sanctuary, peace zone, safe haven","The piece of ground on which a battle is or was fought.","Soldiers of an Australian 4th Division field artillery brigade walk on a duckboard track laid across a muddy, shattered battlefield in Chateau Wood, near Hooge, Belgium, on October 29, 1917.","Unit 11: Lesson 5 (Opinions through Images)"
"Territory","এলাকা","Domain, region","","An area of land under the jurisdiction of a ruler, state, or military force.","[Unit 11: Lesson 5]: This was during the Battle of Passchendaele, fought by British forces and their allies against Germany for control of territory near Ypres, Belgium.
[Unit 5: Lesson 2]: Furthermore, no distinction shall be made on the basis of the political, jurisdictional or international status of the country or territory to which a person belongs.","Unit 11: Lesson 5 (Opinions through Images)"
"Soldier","সৈনিক / সমরাস্ত্রধারী সেনানী ও যোদ্ধা","Combatant, warrior, trooper, serviceman, fighter","Civilian, pacifist, non-combatant","A person who serves in an army.","Robert Capa's ""The Falling Soldier,"" a gelatin silver print from Sept.","Unit 11: Lesson 5 (Opinions through Images)"
"Stench","দুর্গন্ধ","Odour, stink","Perfume","A strong and very unpleasant smell.","Its water is polluted and a perpetual stench fills the air around it.","Unit 12: Lesson 1 (Water Everywhere)"
"Tannery","চামড়া কারখানা","","","A place where animal hides are tanned and processed into leather.","According to the Department of the Environment (DoE), 20,000 tons of tannery waste, including some highly toxic materials, are released into the river every day.","Unit 12: Lesson 1 (Water Everywhere)"
"Activist","কর্মসূচি পালনকারী সক্রিয় কর্মী / আন্দোলনকারী","Campaigner, advocate, crusader, militant reformer","Bystander, passive spectator","A person who campaigns to bring about political or social change.","[Unit 12: Lesson 2]: Greta Thunberg is an environmental activist.
[Unit 4: Lesson 2]: Greta Thunberg is an environmental activist.","Unit 12: Lesson 2 (The Greta Effect)"
"Baffled","হতভম্ব / চরম বিভ্রান্ত ও কিংকর্তব্যবিমূঢ়","Perplexed, bewildered, mystified, puzzled, confounded","Clearheaded, enlightened, comprehending","Totally bewilder or perplex.","The more she learned, the more baffled she became as to why so little was being done about it.","Unit 12: Lesson 2 (The Greta Effect)"
"Syndrome","লক্ষণসমষ্টি / শারীরিক বা মানসিক বিশেষ অবস্থা","Condition, disorder, complex, clinical diagnosis","Flawless physical condition","A group of symptoms that consistently occur together, or a condition characterized by a set of associated symptoms.","Greta has Asperger syndrome, a condition that affects how people socialise.","Unit 12: Lesson 2 (The Greta Effect)"
"Boycott","বর্জন করা / প্রতিবাদস্বরূপ অংশগ্রহণ প্রত্যাহার করা","Spurn, shun, reject, embargo, abstain from, ostracize","Patronize, support, participate in","Withdraw from commercial or social relations with a country, organization, or person as a punishment or protest.","Greta Thunberg is an environmental activist.","Unit 12: Lesson 2 (The Greta Effect)"
"Catalyst","অনুঘটক / ইতিবাচক পরিবর্তনের শক্তিশালী উদ্দীপক","Stimulus, spark, instigator, prime mover, trigger","Deterrent, hindrance, damper","A person or thing that precipitates an event or change.","Greta Thunberg is an environmental activist.","Unit 12: Lesson 2 (The Greta Effect)"
"Global-warming","বৈশ্বিক উষ্ণায়ন / গ্রিনহাউস গ্যাসের কারণে তাপমাত্রা বৃদ্ধি","Climate change, greenhouse heating, planetary warming","Global cooling, ice age","A gradual increase in the overall temperature of the earth's atmosphere generally attributed to the greenhouse effect.","Greta Thunberg is an environmental activist.","Unit 12: Lesson 2 (The Greta Effect)"
"Unprecedented","অভূতপূর্ব / ইতিপূর্বে কখনো দেখা যায়নি এমন","Unparalleled, matchless, novel, unprecedented, unequaled","Familiar, common, usual, precedent","Never done or known before.","Greta Thunberg is an environmental activist.","Unit 12: Lesson 2 (The Greta Effect)"
"Accountable","জবাবদিহিমূলক / কৃতকর্মের জন্য নীতিগতভাবে দায়ী","Responsible, answerable, liable, amenable, chargeable","Unaccountable, immune, blameless","Required or expected to justify actions or decisions; responsible.","Greta Thunberg is an environmental activist.","Unit 12: Lesson 2 (The Greta Effect)"
"Deciduous","পর্ণমোচী / নির্দিষ্ট ঋতুতে পাতাঝরা বৃক্ষসমৃদ্ধ বন","Seasonal-shedding, broad-leaved, leaf-falling","Evergreen, perennial","Shedding its leaves annually (of a tree or shrub).","Now research in groups and find out the reasons for their being threatened: 1) Elongated Tortoise (Indotestudo elongata) is a critically endangered species in Bangladesh, inhabiting deciduous, mixed evergreen, and evergreen forests, especially low hills and rocky streams.","Unit 12: Lesson 3 (Endangered Species)"
"Nocturnal","নিশাচর / রাতের অন্ধকারে সক্রিয় প্রাণী","Night-active, nighttime, night-loving","Diurnal, daytime-active","Done, occurring, or active at night.","Look at these photographs of some animals in Bangladesh which are either critically endangered or endangered.","Unit 12: Lesson 3 (Endangered Species)"
"Deforestation","নির্বিচারে বন উজাড়করণ / বনাঞ্চল ধ্বংস","Forest clearance, logging, logging-off, de-treeing","Afforestation, reforestation, forest preservation","The action of clearing a wide area of trees.","Look at these photographs of some animals in Bangladesh which are either critically endangered or endangered.","Unit 12: Lesson 3 (Endangered Species)"
"Poaching","চোরাশিকার / বন্যপ্রাণী বেআইনি নিধন ও পাচার","Illegal hunting, illicit trapping, game theft","Wildlife conservation, sanctuary management","The illegal practice of trespassing on another's property to hunt or steal game.","Look at these photographs of some animals in Bangladesh which are either critically endangered or endangered.","Unit 12: Lesson 3 (Endangered Species)"
"Biodiversity","জীববৈচিত্র্য / উদ্ভিদ ও প্রাণী প্রজাতির প্রাচুর্য","Ecological variety, species diversity, wildlife wealth","Monoculture, ecological sterility","The variety of life in the world or in a particular habitat or ecosystem.","[Unit 12: Lesson 3]: Look at these photographs of some animals in Bangladesh which are either critically endangered or endangered.
[Unit 4: Lesson 3]: The mangrove delta shelters an astonishing richness of avian and marine biodiversity.","Unit 12: Lesson 3 (Endangered Species)"
"Extinction","বিলুপ্তি / কোনো প্রজাতির চিরতরে নিঃশেষ হওয়া","Dying out, eradication, annihilation, disappearance, extermination","Survival, perpetuation, revival, proliferation","The fact or process of a species, family, or other group of animals or plants becoming extinct.","Look at these photographs of some animals in Bangladesh which are either critically endangered or endangered.","Unit 12: Lesson 3 (Endangered Species)"
"Devastation","ধ্বংস","Destruction, ruin","Restoration","Great destruction or damage.","It recognizes that currently the negative impacts of ecological devastation, particularly the environmental harm and hazards created by overconsumption of resources in the global North and by elites worldwide, fall disproportionately on the world's poor, the vast majority of whom are people of color, especially women and children.","Unit 12: Lesson 4 (Environmental Justice)"
"Pernicious","অত্যন্ত ক্ষতিকর / মারাত্মক ক্ষতিকর ও ধ্বংসাত্মক প্রভাব","Harmful, destructive, noxious, insidious, lethal, malign","Beneficial, wholesome, salutary, harmless","Having a harmful effect, especially in a gradual or subtle way.","What is often regarded as a natural disaster is upon closer examination the result of sometimes shortsighted and other times reckless, even pernicious corporate, governmental, or individual environmental practices that target and disadvantage vulnerable groups.","Unit 12: Lesson 4 (Environmental Justice)"
"Interconnected","আন্তঃসংযুক্ত","Linked, related","Disconnected, separated","Having all constituent parts linked or connected mutually.","Rather, they are clearly interconnected; they are caused by human beings; and they disproportionately negatively impact poor people and women.","Unit 12: Lesson 4 (Environmental Justice)"
"Explosion","বিস্ফোরণ","Eruption, blast","Implosion, calm","A violent shattering or blowing apart of something, as is caused by a bomb or gas.","When an explosion in the Union Carbide Chemical Plant in Bhopal, India, killed thousands of people on the night of December 2, 1984, it was regarded as a terrible but singular disaster.","Unit 12: Lesson 4 (Environmental Justice)"
"Ecological","পরিবেশগত","","Unnatural","Relating to or concerned with the relation of living organisms to one another and to their physical surroundings.","So too when the world learned of the ecological and human cost of decades of petroleum-waste dumping in the Niger Delta by Royal Dutch Shell in the last quarter of the twentieth century, the attempt to privatize water in Bolivia by the Bechtel Corporation in the 1990s, the death of close to two thousand people in New Orleans following Hurricane Katrina in 2005, or even the horrific aftermath of the atomic bombing of Hiroshima and Nagasaki six decades earlier, each was regarded as a terrible but singular disaster.","Unit 12: Lesson 4 (Environmental Justice)"
"Aimlessly","উদ্দেশ্যহীনভাবে / লক্ষ্যভ্রষ্ট হয়ে দিকবিদিক","Purposelessly, haphazardly, erratically, blindly, randomly","Purposefully, deliberately, intentionally, systematically","Without purpose or direction.","Research wanders about aimlessly, each researcher seeing just one part of the infinite array of natural factors which affect harvest yields.""","Unit 12: Lesson 5 (Limits of Scientific Method)"
"Desertification","মরুকরণ / সবুজ উর্বর ভূমির মরুভূমিতে রূপান্তর","Land degradation, aridification, barrenness, soil exhaustion","Reforestation, land revitalization, afforestation","The process by which fertile land becomes desert, typically as a result of drought, deforestation, or inappropriate agriculture.","Later, Fukuoka worked on projects to fight desertification and continued farming into his eighties.","Unit 12: Lesson 5 (Limits of Scientific Method)"
"Modernization","আধুনিকীকরণ / যন্ত্রনির্ভর নবরূপে সজ্জিতকরণ","Renovation, technological updating, industrialization, mechanization","Traditionalism, primitivism","The process of adapting something to modern needs or habits, typically by installing modern equipment.","After the war, he dedicated himself to farming and, in 1975, wrote The One-Straw Revolution, expressing his concerns about Japan's modernization.","Unit 12: Lesson 5 (Limits of Scientific Method)"
"Theories","তত্ত্বসমূহ / সুবিন্যস্ত বৈজ্ঞানিক মতবাদ","Hypotheses, doctrines, principles, concepts, theorems","Concrete facts, direct experiences, reality","Suppositions or systems of ideas intended to explain something.","In applying my theories to farming, I have been experimenting in growing my crops in various ways, always with the idea of developing a method close to nature.","Unit 12: Lesson 5 (Limits of Scientific Method)"
"Harvest","ফসল উত্তোলন / কৃষিজ উৎপাদন ও ফলন","Crop yield, reaping, gathering, produce, vintage","Fallow season, seed-time","The process or period of gathering in crops; the product or result of an action.","[Unit 12: Lesson 5]: Research wanders about aimlessly, each researcher seeing just one part of the infinite array of natural factors which affect harvest yields.""
[Unit 5: Lesson 5]: Unit Five: Human Rights | Lesson 5: Frederick Douglass A.","Unit 12: Lesson 5 (Limits of Scientific Method)"
"Practitioner","অনুশীলনকারী / অভিজ্ঞ বাস্তবায়নকারী ব্রতী ব্যক্তি","Professional, specialist, doer, master, technician","Amateur, novice, theorist","A person actively engaged in an art, discipline, or profession, especially medicine or agriculture.","Let us read an excerpt from Japanese natural farming practitioner and philosopher Masanobu Fukuoka's celebrated book One-Straw Revolution: ""Before researchers become researchers they should become philosophers.","Unit 12: Lesson 5 (Limits of Scientific Method)"
"Melancholy","বিষাদ / গভীর বিষণ্নতা","Sadness, sorrow, despondency, gloom","Happiness, cheerfulness, joy, mirth","A feeling of pensive sadness, typically with no obvious cause.","Outside, the green shoots of early spring sighed in the southerly breeze, filling the sky above the budding forest trees with wistful melancholy.","Unit 1: Education and Life: The Parrot's Tale"
"Tailored","বিশেষভাবে উপযোগী / কাস্টমাইজড","Customized, personalized, bespoke, adapted","Standardized, generic, unsuitable","Adapted or suited to a particular purpose or person.","AI-powered educational tools can analyse data on student performance and provide tailored support to improve their grades.","Unit 1: Education and Life: Education and Technology"
"Performance","দক্ষতা / কর্মসম্পাদন","Execution, achievement, capability, accomplishment","Incompetence, failure, neglect","The action or process of carrying out or accomplishing an action.","AI-powered educational tools can analyse data on student performance and provide tailored support to improve their grades.","Unit 1: Education and Life: Education and Technology"
"Dynamic","গতিশীল / পরিবর্তনশীল","Vibrant, energetic, active, changing","Static, stagnant, dormant, inactive","Characterized by constant change, activity, or progress.","A craftwork is a dynamic object—always evolving and always abreast of changing tastes and needs.","Unit 2: Art and Craft: Craft"
"Evolving","বিবর্তিত হওয়া / বিকাশ লাভ করা","Developing, progressing, adapting, emerging","Regressing, deteriorating, stagnating","Developing gradually, especially from a simple to a more complex form.","A craftwork is a dynamic object—always evolving and always abreast of changing tastes and needs.","Unit 2: Art and Craft: Craft"
"Landmarks","স্মরণীয় বৈশিষ্ট্য / মাইলফলক","Milestones, markers, monuments, highlights","Insignificance, trivialities, obscurities","Objects or events that mark an important turning point or feature.","But those who haven't had a chance to go there may still read about it and see images of its historical and cultural landmarks on the Internet.","Unit 2: Art and Craft: Craft"
"Assembly","সমাবেশ / সভা","Gathering, convention, congregation, meeting","Dispersion, dispersal, disbanding","A group of people gathered together in one place for a common purpose.","[Unit 5: Human Rights: Are We Aware of These Rights-I?]: Article 20: (1) Everyone has the right to freedom of peaceful assembly and association.
[Unit 4: Lesson 2]: Article 20: (1) Everyone has the right to freedom of peaceful assembly and association.
[Unit 5: Lesson 1]: Article 20: (1) Everyone has the right to freedom of peaceful assembly and association.","Unit 5: Human Rights: Are We Aware of These Rights-I?"
"Association","সমিতি / সংগঠন","Organization, alliance, union, society","Disunion, division, disassociation","A group of people organized for a joint purpose.","[Unit 5: Human Rights: Are We Aware of These Rights-I?]: Article 20: (1) Everyone has the right to freedom of peaceful assembly and association.
[Unit 5: Lesson 1]: Article 20: (1) Everyone has the right to freedom of peaceful assembly and association.","Unit 5: Human Rights: Are We Aware of These Rights-I?"
"Suffrage","সার্বজনীন ভোটাধিকার","Franchise, right to vote, voting privilege","Disenfranchisement, disqualification","The right to vote in political elections.","[Unit 5: Human Rights: Are We Aware of These Rights-I?]: (3) The will of the people shall be the basis of the authority of government; this will shall be expressed in periodic and genuine elections which shall be by universal and equal suffrage and shall be held by secret vote or by equivalent free voting procedures.
[Unit 5: Lesson 1]: (3) The will of the people shall be the basis of the authority of government; this will shall be expressed in periodic and genuine elections which shall be by universal and equal suffrage and shall be held by secret vote or by equivalent free voting procedures.","Unit 5: Human Rights: Are We Aware of These Rights-I?"
"Identity","স্বকীয়তা / পরিচয়","Individuality, selfhood, distinctiveness, character","Anonymity, uniformity, sameness","The fact of being who or what a person or thing is.","[Unit 2: Art and Craft: What is Beauty?]: Does beauty have an independent, objective identity?
[Unit 4: Lesson 3]: Does beauty have an independent, objective identity?","Unit 2: Art and Craft: What is Beauty?"
"Exile","নির্বাসন / দেশান্তর","Banishment, expulsion, expatriation, deportation","Repatriation, homecoming, welcome","The state of being barred from one's native country, typically for political or penal reasons.","[Unit 5: Human Rights: Are We Aware of These Rights-II?]: Article 9: No one shall be subjected to arbitrary arrest, detention or exile.
[Unit 4: Lesson 2]: Article 9: No one shall be subjected to arbitrary arrest, detention or exile.
[Unit 5: Lesson 2]: - Article 9: No one shall be subjected to arbitrary arrest, detention or exile.","Unit 5: Human Rights: Are We Aware of These Rights-II?"
"Formulated","প্রণয়ন করা / বিধিবদ্ধ করা","Devised, prepared, created, constructed","Demolished, disorganized, dismantled","Created or prepared methodically.","Task: Discuss whether these declarations are essential for human beings and formulate your arguments in favour of these protections.","Unit 5: Human Rights: Are We Aware of These Rights-II?"
"Indirect","পরোক্ষ / আঁকাবাঁকা","Secondary, circuitous, round-about, oblique","Direct, straightforward, explicit","Not directly caused by or resulting from something.","Direct to Indirect Speech Conversion: Read the testimonies again.","Unit 5: Human Rights: Coal Miners"
"Autobiography","আত্মজীবনী","Memoir, life story, personal history","Biography, fiction, mythology","An account of a person's life written by that person.","Douglass wrote several books about his life, including his famous autobiography, 'Narrative of the Life of Frederick Douglass, an American Slave'.","Unit 5: Human Rights: Frederick Douglass"
"Penalty","শাস্তি / দণ্ড","Punishment, retribution, fine, forfeiture","Reward, prize, bonus, pardon","A punishment imposed for breaking a law, rule, or contract.","[Unit 5: Human Rights: Frederick Douglass]: She was a field hand, and a whipping is the penalty of not being in the field at sunrise, unless a slave has special permission from his or her master to the contrary—a permission which they seldom get, and one that gives to him that gives it the proud name of being a kind master.
[Unit 5: Lesson 5]: She was a field hand, and a whipping is the penalty of not being in the field at sunrise, unless a slave has special permission from his or her master to the contrary—a permission which they seldom get, and one that gives to him that gives it the proud name of being a kind master.","Unit 5: Human Rights: Frederick Douglass"
"Recollect","স্মরণ করা / মনে করা","Remember, recall, reminisce, call to mind","Forget, overlook, ignore","Remember something; call to mind.","[Unit 5: Human Rights: Frederick Douglass]: I do not recollect of ever seeing my mother by the light of day.
[Unit 5: Lesson 5]: I do not recollect of ever seeing my mother by the light of day.","Unit 5: Human Rights: Frederick Douglass"
"Abolitionist","দাসপ্রথা বিলোপবাদী","Emancipator, liberator, anti-slavery campaigner","Slaveholder, pro-slavery advocate","A person who favored the abolition of a practice or institution, especially slavery.","In what ways did Douglass's writing help the abolitionist cause?","Unit 5: Human Rights: Frederick Douglass"
"Facilities","সুযোগ-সুবিধা / সরঞ্জাম","Amenities, provisions, equipment, resources","Impediments, obstacles, hindrances","Space or equipment necessary for doing something.","Read the excerpt from the Al Jazeera article titled ""Why Are Bangladesh Tea Garden Workers Protesting?"": ""We hardly get any type of facilities, don't have enough money for our children's education, we barely get 3 kg flour as ration once a week.","Unit 5: Human Rights: Frederick Douglass"
"Bonds","আত্মিক বন্ধন / পারস্পরিক সম্পর্ক","Ties, connections, links, attachments","Separations, rifts, divisions, estrangements","Relationships between people or groups based on shared feelings, interests, or of mutual responsibility.","Some are familial and intimate, formed by blood and by marriage; some are social like the ones we have with friends and some are made in schools where we form close bonds with classmates and teachers.","Unit 8: Relationships: Family Relationship"
"Respect","শ্রদ্ধা / সম্মান","Esteem, deference, regard, honor","Disrespect, contempt, scorn, disdain","A feeling of deep admiration for someone elicited by their abilities or qualities.","(2) Education shall be directed to the full development of the human personality and to the strengthening of respect for human rights and fundamental freedoms.","Unit 5: Human Rights: Rights to Health and Education"
"Perspective","দৃষ্টিভঙ্গি / পরিপ্রেক্ষিত","Viewpoint, outlook, angle, standpoint","Blindness, narrowness, indifference","A particular attitude toward or way of regarding something; a point of view.","The speaker of the poem realizes from his adult perspective that he took his father for granted.","Unit 8: Relationships: Warmth in Relationships"
"Sacrifices","আত্মত্যাগ / বিসর্জন","Self-denial, offerings, surrender, surrenders","Selfishness, indulgence, greed","Acts of giving up something valued for the sake of other considerations.","Now in adulthood, he more fully understands what it means to make sacrifices for others.","Unit 8: Relationships: Warmth in Relationships"
"Nostalgic","স্মৃতিকাতর / অতিতমুখী","Reminiscent, wistful, sentimental, longing","Future-oriented, indifferent, unsentimental","Characterized by or exhibiting feelings of nostalgia.","Those Winter Sundays,"" then, has a kind of sadness to it that is equal parts nostalgic and regretful.","Unit 8: Relationships: Warmth in Relationships"
"Regretful","অনুতপ্ত / অনুশোচনাপূর্ণ","Remorseful, apologetic, contrite, sorrowful","Unrepentant, proud, callous, indifferent","Feeling or showing sorrow or regret.","Those Winter Sundays,"" then, has a kind of sadness to it that is equal parts nostalgic and regretful.","Unit 8: Relationships: Warmth in Relationships"
"Sonnet","চৌদ্দ চরণের কবিতা / সনেট","Poem, verse, lyric poem, 14-line verse","Prose, essay, dissertation","A poem of fourteen lines using any of a number of formal rhyme schemes.","Discussion on Chand Sadagar, Behula, Manasamangal, Ganguri and Amara in Jibanananda Das's famous sonnet.","Unit 3: Myths and Literature: Myths of Bengal"
"Harsh","কঠোর / নির্মম / রুক্ষ","Severe, cruel, abrasive, rigorous","Gentle, mild, pleasant, lenient","Unpleasantly rough, severe, or cruel.","Thus, she became known as Khona, which means ""someone who cannot speak."" Despite this harsh punishment, her wisdom lived on through her sayings, which have been passed down for over 1500 years.","Unit 3: Myths and Literature: Khona"
"Autumn","শরৎকাল বা হেমন্তকাল","Fall, harvest season, close of year","Spring, vernal season","The season after summer and before winter.","I was there in the autumn.","Unit 8: Relationships: A Mother in Mannville"
"Fireplace","অগ্নিকুণ্ড / চুল্লি","Hearth, grate, stove, chimney","Freezer, open air, wilderness","A place for a domestic fire, especially at the base of a chimney.","When I took the cabin, I asked for a boy or man to come and chop wood for the fireplace....","Unit 8: Relationships: A Mother in Mannville"
"Overalls","কাজের ঢিলেঢালা পোশাক","Dungarees, work trousers, boilersuit","Formal suit, tuxedo, gown","Loose protective trousers, usually with a bib and straps.","He wore overalls and a torn shirt, and was barefooted.","Unit 8: Relationships: A Mother in Mannville"
"Rhythmic","ছন্দময় / পর্যায়ক্রমিক","Cadenced, measured, periodic, regular","Erratic, arrhythmic, irregular, chaotic","Having or relating to rhythm; recurring at regular intervals.","The blows were rhythmic and steady, and shortly I had forgotten him, the sound no more of an interruption than a consistent rain.","Unit 8: Relationships: A Mother in Mannville"
"Miraculous","অলৌকিক / অবিশ্বাস্য","Supernatural, preternatural, phenomenal, wondrous","Natural, normal, mundane, ordinary","Occurring through divine or supernatural intervention; phenomenal.","His hair was the color of the corn shocks and his eyes, very direct, were like the mountain sky when rain is pending — gray, with a shadowing of that miraculous blue....","Unit 8: Relationships: A Mother in Mannville"
"Careless","অসাবধান / বেপরোয়া","Negligent, heedless, inattentive, remiss","Careful, meticulous, cautious, prudent","Not giving sufficient attention or thought to avoiding harm or errors.","I brought the ax down careless."" ""But no one hits accurately every time,"" I told him.","Unit 8: Relationships: A Mother in Mannville"
"Accurately","নির্ভুলভাবে / যথাযথভাবে","Precisely, correctly, exactly, truthfully","Inaccurately, incorrectly, mistakenly","In a way that is correct in all details; exactly.","I brought the ax down careless."" ""But no one hits accurately every time,"" I told him.","Unit 8: Relationships: A Mother in Mannville"
"Subterfuge","ছলচাতুরী / কূটকৌশল","Deceit, trickery, evasion, stratagem","Honesty, openness, frankness, candor","Deceit used in order to achieve one's goal.","He was a free-will agent and he chose to do careful work, and if he failed, he took the responsibility without subterfuge.","Unit 8: Relationships: A Mother in Mannville"
"Predicated","ভিত্তি করে প্রতিষ্ঠিত","Based, grounded, founded, established","Disproved, refuted, baseless","Found or base something on.","Things no training can teach, for they are done on the instant, with no predicated experience.","Unit 8: Relationships: A Mother in Mannville"
"Cubbyhole","ছোট কুঠুরি / খুপরি","Nook, niche, compartment, pigeonhole","Spacious room, vast expanse, hall","A small, snug room or space.","He found a cubbyhole beside the fireplace that I had not noticed.","Unit 8: Relationships: A Mother in Mannville"
"Communion","আন্তরিক ভাববিনিময় / আধ্যাত্মিক মিলন","Affinity, sharing, rapport, fellowship","Alienation, estrangement, conflict","The sharing or exchanging of intimate thoughts and feelings.","There is a strange communion between a boy and a dog.","Unit 8: Relationships: A Mother in Mannville"
"Treacherously","বিশ্বাসঘাতকতার সাথে / বিপজ্জনকভাবে","Perfidiously, disloyally, deceitfully, hazardously","Faithfully, loyally, reliably, securely","In a way that is guilty of or involving betrayal or deception.","My return was belated and fog filled the mountain passes so treacherously that....","Unit 8: Relationships: A Mother in Mannville"
"Suffocating","শ্বাসরোধী","Choky","Airy","Causing difficulty in breathing; oppressive and stifling.","[Unit 11: Peace and Conflict: Stories From Gaza]: The overflowing sewage, the cans, and what's on top of the carts, the suffocating smell.
[Unit 11: Lesson 3]: I go back to the reality of Gaza: the dirty market, overflowing sewage, the cans, and what's on top of the carts, the suffocating smell, and the silent people who can't speak.","Unit 11: Lesson 3 (Stories From Gaza)"
"Ambulances","জরুরি অ্যাম্বুলেন্স যান","Emergency medical vehicles, mobile medical units","Hearses, tanks, combat transports","Vehicles equipped for taking sick or injured people to and from hospital.","People began running in all directions and the ambulances came.","Unit 11: Peace and Conflict: Stories From Gaza"
"Caretaker","তত্ত্বাবধায়ক","Guardian, overseer","","A person employed to look after or take care of people or a place.","[Unit 11: Peace and Conflict: Stories From Gaza]: I want to be a children's caretaker and defend their rights.
[Unit 11: Lesson 3]: In the future if I grow up, and in Gaza it's an achievement to grow up, because death is standing at your doorstep, I want to be a children's caretaker and defend their rights; because I feel that the children of Palestine are born as old people, a kid can be 6 years old and yet supporting a family.","Unit 11: Lesson 3 (Stories From Gaza)"
"Resilience","স্থিতিস্থাপকতা / ঘুরে দাঁড়ানোর ক্ষমতা","Toughness, endurance, tenacity, flexibility","Fragility, weakness, vulnerability, helplessness","The capacity to recover quickly from difficulties; toughness.","The song deals with themes of social justice, poverty, and resilience, continuing the legacy of Steinbeck's and Guthrie's works.","Unit 11: Peace and Conflict: Stories From Gaza"
"Cannonballs","কামানের গোলা","Artillery projectiles, iron shots, ordinance balls","Blank cartridges, peace wreaths","Round metal or stone projectiles fired from a smoothbore cannon.","Yes, and how many times must the cannonballs fly Before they're forever banned?","Unit 11: Peace and Conflict: Peace in Literature"
"Mourning","শোক প্রকাশ / মাতম","Grieving, lamentation, sorrow, bereavement","Celebration, rejoicing, jubilee, triumph","The expression of sorrow for someone's death.","Daedalus reached Sicily mourning his son, and named the water the Icarian Sea.","Unit 3: Myths and Literature: Icarus"
"Toxic","বিষাক্ত / হানিকর","Poisonous, venomous, noxious, lethal","Nontoxic, harmless, wholesome, healthy","Poisonous; causing harm or destruction.","Huge quantities of toxic chemicals and wastes from mills and factories, hospitals and clinics and households and other establishments are dumped into the river every day.","Unit 12: Environment and Nature: Water, Water Everywhere..."
"Digest","পরিপাক করা / আত্মস্থ করা","Assimilate, absorb, ingest, comprehend","Regurgitate, reject, vomit, discard","Break down food in the alimentary canal; absorb into the mind.","The river would need a monster's stomach to digest all the wastes mentioned above.","Unit 12: Environment and Nature: Water, Water Everywhere..."
"Extricates","উদ্ধার করা / বিপদমুক্ত করা","Extracts, frees, disentangles, releases","Entangles, traps, ensnares, involves","Frees someone from a constraint or difficulty.","The city of Dhaka discharges, releases, extricates, and throws away tons of solid waste, industrial waste, garbage, and household rubbish every day.","Unit 12: Environment and Nature: Water, Water Everywhere..."
"Superpower","মহাশক্তিধর রাষ্ট্র","Dominant nation, titan, supreme power","Weak nation, protectorate, dependency","A very powerful and influential nation.","But Greta views her condition as a positive, calling it her ""superpower""!","Unit 12: Environment and Nature: The Greta Effect"
"Whirlwind","ঘূর্ণিঝড় / প্রচণ্ড আলোড়ন","Vortex, cyclone, tumult, flurry","Calm, still air, tranquility","A column of air moving rapidly around and around; a whirlwind campaign or effect.","Since her strike began, Greta's life has become a whirlwind!","Unit 12: Environment and Nature: The Greta Effect"
"Necessity","অপরিহার্যতা / অত্যাবশ্যকীয়তা","Requirement, essential, imperative, sine qua non","Luxury, surplus, option, nonessential","The fact of being required or indispensable.","Have you ever felt the necessity to do something to change the situation?","Unit 12: Environment and Nature: The Greta Effect"
"Wetlands","জলাভূমি / জলাশয়","Marshes, bogs, swamps, morasses","Deserts, arid lands, drylands","Land consisting of marshes or swamps; saturated land.",") The Asian small-clawed otter lives in riverine habitats, freshwater wetlands and mangrove swamps.","Unit 12: Environment and Nature: Endangered Species"
"Threshold","সীমা / প্রারম্ভবিন্দু","Limit, brink, verge, entry point","Conclusion, termination, end, outcome","A point of entry or a beginning; the magnitude or intensity that must be exceeded for a certain reaction.","Crab are not into destroying the world they are crawling to the mud flats to take in some rotten insects It's not what's up that's going down when you smell yourself on the threshold of extinction It's you and your portable chemical toilet going to hell under friendly fire It's you and your missile receptor exploding to pieces It's not what's up that's going down The person who OK's biological weapons should not cry about the stench of new diseases The one who cuts off the trees so the orangutans can't hang should not wonder about ecological devastation It's not what's up that's going down It's what's down that's going up It's not what's up that's going down It's what's down that's going up","Unit 12: Environment and Nature: Endangered Species"
"Orangutans","ওরাংওটাং (বনমানুষ)","Apes, primates, arboreal anthropoids","Carnivores, reptiles, rodents","Large arboreal anthropoid apes with long red hair and long arms, native to Borneo and Sumatra.","Crab are not into destroying the world they are crawling to the mud flats to take in some rotten insects It's not what's up that's going down when you smell yourself on the threshold of extinction It's you and your portable chemical toilet going to hell under friendly fire It's you and your missile receptor exploding to pieces It's not what's up that's going down The person who OK's biological weapons should not cry about the stench of new diseases The one who cuts off the trees so the orangutans can't hang should not wonder about ecological devastation It's not what's up that's going down It's what's down that's going up It's not what's up that's going down It's what's down that's going up","Unit 12: Environment and Nature: Endangered Species"
"Gatherers","ফলমূল সংগ্রাহক","Foragers, collectors, gleaners, harvesters","Farmers, industrial workers, consumers","People who gather wild food and supplies for subsistence.","Now read the following story taken from Yuval Noah Harari's Unstoppable Us: How Humans Took Over the World: One example of modern gatherers is the Nayaka people, who live in the jungles of southern India.","Unit 12: Environment and Nature: Endangered Species"
"Animists","প্রকৃতিপূজক / সর্বপ্রাণবাদী","Spirit-worshippers, nature-believers, pantheists","Materialists, atheists, monotheists","People who believe that natural objects, natural phenomena, and the universe itself possess souls.","Scientists have invented a special word for people who believe that animals can talk and that there are spirits who live in rocks and rivers: animists.","Unit 12: Environment and Nature: Endangered Species"
"Violent","হিংসাত্মক / প্রচণ্ড","Aggressive, brutal, fierce, ferocious","Peaceful, gentle, mild, nonviolent","Using or involving physical force intended to hurt, damage, or kill someone or something.","pressure to join gangs, bullying — both ill person and online— violent discipline, sexual harassment and armed violence In Ihe short-term this impacts their learning.","Unit 9: Adolescence: Say 'No' to Bullying"
"Toxicity","বিষাক্ততা","Venomness","","The quality, state, or relative degree of being toxic or poisonous.","[Unit 12: Environment and Nature: What is Environmental Justice?]: People around the world face the realities of climate change and increasing toxicity.
[Unit 12: Lesson 4]: Environmental Justice therefore represents a new, important body of thought and action at the beginning of the twenty-first century, especially as people around the world face the realities of climate change, increasing toxicity, resource depletion, and the rapid disappearance of species and arable land on which the health of many human communities depends.","Unit 12: Lesson 4 (Environmental Justice)"
"Depletion","হ্রাস / নিঃশেষকরণ","Exhaustion, consumption, draining, reduction","Replenishment, augmentation, abundance, increase","Reduction in the number or quantity of something.","Environmental Justice therefore represents a new, important body of thought and action at the beginning of the twenty-first century, especially as people around the world face the realities of climate change, increasing toxicity, resource depletion, and the rapid disappearance of species and arable land on which the health of many human communities depends.","Unit 12: Environment and Nature: What is Environmental Justice?"
"Sacredness","পবিত্রতা / শুদ্ধতা","Sanctity, holiness, venerability, reverence","Profanity, unholiness, sacrilege","The quality of being considered holy and deserving respect.","At this historic event, the attendees created the foundational document known as the ""Principles of Environmental Justice."" Key Principles of Environmental Justice (EJ): 1) Environmental Justice affirms the sacredness of Mother Earth, ecological unity and the interdependence of all species, and the right to be free from ecological destruction.","Unit 12: Environment and Nature: What is Environmental Justice?"
"Cessation","স্থগিতকরণ / অবসান","Termination, end, discontinuance, halt","Continuation, commencement, initiation","The fact or process of ending or being brought to an end.",") Environmental Justice demands the cessation of the production of all toxins, hazardous wastes, and radioactive materials, and that all past and current producers be held strictly accountable to the people for detoxification.","Unit 12: Environment and Nature: What is Environmental Justice?"
"Metabolism","বিপাক","","","The chemical processes that occur within a living organism in order to maintain life.","[Unit 12: Environment and Nature: Limits of the Scientific Method]: Plant metabolism relies on sunlight, water, and organic soil balance.
[Unit 12: Lesson 5]: Recently Professor Tsuno of Ehime University wrote a lengthy book on the relationship of plant metabolism to rice harvests.","Unit 12: Lesson 5 (Limits of the Scientific Method)"
"Topography","ভূমিরূপ / ভূপ্রকৃতি","Landscape, terrain, relief, land features","Uniformity, flat expanse","The arrangement of the natural and artificial physical features of an area.","The geography and topography of the land, the condition of the soil, its structure, texture, and drainage, exposure to sunlight, insect relationships, the variety of seed used, the method of cultivation—truly an infinite variety of factors—must all be considered.","Unit 12: Environment and Nature: Limits of the Scientific Method"
"Drainage","নিকাশী ব্যবস্থা / পানি নিষ্কাশন","Sewerage, draining, runoff, runoff system","Flooding, inundation, waterlogging","The action or process of draining liquid or water.","The geography and topography of the land, the condition of the soil, its structure, texture, and drainage, exposure to sunlight, insect relationships, the variety of seed used, the method of cultivation—truly an infinite variety of factors—must all be considered.","Unit 12: Environment and Nature: Limits of the Scientific Method"
"Fertilizer","রাসায়নিক বা জৈব সার","Plant food, compost, manure, nutrient","Pesticide, weedkiller, poison","A chemical or natural substance added to soil or land to increase its fertility.","The life of the soil is destroyed and crops come to be dependent on nutrients added from the outside in the form of chemical fertilizer.","Unit 12: Environment and Nature: Limits of the Scientific Method"
"Insecticides","কীটনাশক","Pesticides, bug-killers","","Substances used for killing insects.","[Unit 12: Environment and Nature: Limits of the Scientific Method]: The use of insecticides destroys beneficial predators along with pests.
[Unit 12: Lesson 5]: Because these methods depend on weak, ""improved"" seed varieties, it becomes necessary for the farmer to apply chemicals and insecticides eight or ten times during the growing season.","Unit 12: Lesson 5 (Limits of the Scientific Method)"
"Microorganisms","অণুজীব","Microbes, germs","","Microscopic organisms, especially bacteria, viruses, or fungi.","[Unit 12: Environment and Nature: Limits of the Scientific Method]: Billions of microorganisms thrive in healthy, chemical-free soil.
[Unit 12: Lesson 5]: In a short time the soil is burned clean of microorganisms and organic matter.","Unit 12: Lesson 5 (Limits of the Scientific Method)"
"Inherently","স্বভাবগতভাবে","Naturally, intrinsically","Extrinsically, artificially","In a permanent, essential, or characteristic way.","[Unit 12: Environment and Nature: Limits of the Scientific Method]: Scientific research is inherently limited by the narrow scope of its specialization.
[Unit 12: Lesson 5]: It appears that things go better when the farmer applies ""scientific"" techniques, but this does not mean that science must come to the rescue because the natural fertility is inherently insufficient.","Unit 12: Lesson 5 (Limits of the Scientific Method)"
"Rehabilitated","পুনর্বাসিত","Restored, reformed","Damaged","Restored to health, normal life, or former condition.","[Unit 12: Environment and Nature: Limits of the Scientific Method]: Degraded agricultural lands can be rehabilitated through organic mulching.
[Unit 12: Lesson 5]: By natural farming, fields that have already been damaged by cultivation or the use of agricultural chemicals can be effectively rehabilitated.""","Unit 12: Lesson 5 (Limits of the Scientific Method)"
"Hyperbole","অতিশয়োক্তি/অতিরঞ্জন","Exaggeration, overstatement","Understatement","Exaggerated statements or claims not meant to be taken literally.","[Unit 12: Environment and Nature: Limits of the Scientific Method]: Saying big dams solve all water crises is mere political hyperbole.
[Unit 12: Lesson 5]: You have to murmur it for fear of being accused of hyperbole.","Unit 12: Lesson 5 (Limits of the Scientific Method)"
"Convulsed","তীব্র আলোড়িত বা আন্দোলিত হওয়া","Shaken, disturbed, agitated, thrown into turmoil","Calmed, settled, soothed, tranquilized","Suffered violent involuntary contraction; thrown into violent commotion.","The Western world today is convulsed over the future of one million people who have fled from Kosovo.","Unit 12: Environment and Nature: Limits of the Scientific Method"
"Reproductive","প্রজনন সংক্রান্ত","Procreative, generative, breeding","Sterile, infertile, non-reproductive","Relating to the production of offspring.","For example, laws and policies often restrict adolescents' access to reproductive health information and services, especially when they are unmarried.","Unit 9: Adolescence: Storm and Stresses of Adolescence"
"Counsellor","উপদেষ্টা / পরামর্শক","Advisor, consultant, mentor, guide","Opponent, mislead, antagonist","A person trained to give guidance on personal or psychological problems.","to discuss pregnancy with a counsellor.","Unit 9: Adolescence: The Story of Shilpi"
"Perpetrator","অপরাধী / নিপীড়নকারী","Culprit, offender, wrongdoer, criminal","Victim, innocent, protector, savior","A person who carries out a harmful, illegal, or immoral act.","Victims of cyber crimes (including cyber bullying) can lodge a complaint to the Bangladesh Telecommunication Regulatory Commission (BTRC) by calling at necessary actions within 24 hours and the perpetrators will be brought to justice within 3 days after the complaint is filed.","Unit 9: Adolescence: Say 'No' to Bullying"
"Intervention","হস্তক্ষেপ / সমাধানের পদক্ষেপ","Involvement, intercession, mediation, mediation","Non-interference, neutrality, neglect","The action or process of intervening to alter a situation.","Starting from school-level interventions, public and private snakeholders must immediately begin to reframe the messaging around socialization of boys and girls and stop the propagation of stereotypical mind-set from parents, teachers and community to their children.","Unit 9: Adolescence: Say 'No' to Bullying"
"Delicacy","সুস্বাদু ও দুর্লভ খাবার","Treat, luxury food, tidbit, dainty","Staple food, coarse food, common meal","Something delightful or pleasing, especially a choice food considered rare or costly.","In my opinion, our sandesh and rasogolla are such delicacies that there is no reason Io go bananas over those desserts.","Unit 10: Lifestyle: Food and Culture"
"Archery","তীরন্দাজি / ধনুবিদ্যা","Bowmanship, shooting, target sport","Fencing, melee, close combat","The sport or skill of shooting with a bow and arrows, especially at a target.","Lifestyle The Archer's Secret 187 The winner of the 1988 Olympic gold medal for archery was a seventeen- year-old woman from South Korea.","Unit 10: Lifestyle: Fitness"
"Stamina","দৈহিক বা মানসিক সহনশক্তি","Energy, endurance, staying power, vigor","Lethargy, tiredness, weariness, weakness","The ability to sustain prolonged physical or mental effort.","Apart from stamina and practice of long distance swimming, one must have the grit, determination and courage to subdue the Channel.","Unit 7: Youthful Achievers: Brojen Das: On Crossing the English Channel"
"Overspending","অতিরিক্ত ব্যয় / অমিতব্যয়িতা","Extravagance, profligacy, wastefulness, squandering","Thrift, frugality, saving, economy","The action of spending more money than one can afford or than is necessary.","Overspending is not only related to shopping, it applies to other activities as well such as eating out.","Unit 10: Lifestyle: Consumerism"
"Iconic","বিখ্যাত","Emblematic, exemplary","Atypical","Widely recognized and well-established as a representative symbol.","[Unit 11: Peace and Conflict: Opinions through Images]: See these iconic photographs captured in various war settings across the world.
[Unit 11: Lesson 5]: See these iconic photographs captured in various war settings across the world over the past hundred years, accompanied by key factual information.","Unit 11: Lesson 5 (Opinions through Images)"
"Documentation","দলিলকরণ / তথ্যপ্রমাণ সংরক্ষণ","Archiving, recording, certification, proof","Fabrication, erasure, destruction, rumour","Material that provides official information or evidence or that serves as a record.","authentic record - reliable, verified documentation ii.","Unit 5: Human Rights: Frederick Douglass"
"Spiritual","আধ্যাত্মিক / আত্মিক","Sacred, divine, immaterial, metaphysical","Material, physical, worldly, corporeal","Relating to or affecting the human spirit or soul as opposed to material or physical things.","[Unit 2: Art and Craft: Folk Music]: Different folk songs belonging to different regions of Bangladesh: • Baul and spiritual songs: Kushtia, Birbhum and West Bengal • Jarigan: Dhaka, Mymensingh, Sylhet, Faridpur, Murshidabad • Bhawaiya: Rajshahi, Dinajpur, Rangpur, Pabna, Cooch Bihar • Gambhira: Rajshahi, Malda • Wedding songs: All regions • Roof-beating songs: The northern regions of Bangladesh • Sari: The lower marshy regions of Sylhet and Mymensingh • Bhatiyali: Nearly all riverine regions of Bangladesh • Pastoral songs: Dhaka, Mymensingh, Faridpur, Sylhet, Habiganj
[Unit 4: Lesson 2]: Different folk songs belonging to different regions of Bangladesh: • Baul and spiritual songs: Kushtia, Birbhum and West Bengal • Jarigan: Dhaka, Mymensingh, Sylhet, Faridpur, Murshidabad • Bhawaiya: Rajshahi, Dinajpur, Rangpur, Pabna, Cooch Bihar • Gambhira: Rajshahi, Malda • Wedding songs: All regions • Roof-beating songs: The northern regions of Bangladesh • Sari: The lower marshy regions of Sylhet and Mymensingh • Bhatiyali: Nearly all riverine regions of Bangladesh • Pastoral songs: Dhaka, Mymensingh, Faridpur, Sylhet, Habiganj","Unit 2: Art and Craft: Folk Music"
"Channel","সমুদ্র প্রণালী (ইংলিশ চ্যানেল)","Strait, sound, waterway, sea passage","Mainland, peninsula, isthmus","A length of water joining two larger areas of water, especially with reference to the English Channel.","He was a legendary swimmer who became the first person from Asia to swim across the English Channel in 1958.","Unit 7: Youthful Achievers: Brojen Das: On Crossing the English Channel"
"Mountaineer","পর্বতারোহী","Climber, alpinist, hiker, scaler","Flatlander, spectator","A person who takes part in mountaineering.","Though she had a long cherished dream to be a mountaineer, it was not until 2003 that she could climb the 967 feet high Keokradong.","Unit 7: Youthful Achievers: Scaling a Mountain Peak"
"Abridged","সংক্ষিপ্ত / সংক্ষেপিত","Shortened, brief, condensed, truncated","Broad, expanded, unabridged, comprehensive","Shortened or condensed from a longer piece of writing or speech.","[Unit 4: Lesson 2]: The following is an abridged version of a famous speech made by Martin Luther King Jr.
[Unit 4: Transformative Speeches: Three Speeches]: The following is an abridged version of a famous speech made by Martin Luther King Jr.","Unit 4: Lesson 2 (Transformative Speeches)"
"Accused","অভিযুক্ত ব্যক্তি / আসামি","Suspect, indictee, defendant, prisoner","Victim, innocent, accuser, prosecutor","A person or group of people who are charged with a crime.","[Unit 4: Lesson 2]: I am the First Accused in this case.
[Unit 4: Transformative Speeches: Three Speeches]: I am the First Accused in this case.","Unit 4: Lesson 2 (Transformative Speeches)"
"Ancestors","পূর্বপুরুষ","Predecessors, forebears, progenitors, forefathers","Descendants, successors, progeny, offspring","People from whom one is descended, usually more remote than grandparents.","[Unit 4: Lesson 2]: Amongst the tales they related to me were those of wars fought by our ancestors in defence of the fatherland.
[Unit 4: Transformative Speeches: Three Speeches]: Amongst the tales they related to me were those of wars fought by our ancestors in defence of the fatherland.","Unit 4: Lesson 2 (Transformative Speeches)"
"Apparently","স্পষ্টতভাবে / দৃশ্যত / আপাতদৃষ্টিতে","Seemingly, ostensibly, evidently, visibly","Dubiously, improbably, uncertainly, questionably","As far as one knows or can see; seemingly true based on appearance.","[Unit 4: Lesson 2]: He has apparently said that I had agreed to attend a Round Table Conference on the 10th of March.
[Unit 4: Transformative Speeches: Three Speeches]: He has apparently said that I had agreed to attend a Round Table Conference on the 10th of March.","Unit 4: Lesson 2 (Transformative Speeches)"
"Assume","দায়িত্ব গ্রহণ করা / অধিগ্রহণ করা","Undertake, take over, accept, adopt, shoulder","Disallow, disclaim, relinquish, renounce","Take on a role or take over power, responsibility, or leadership.","[Unit 4: Lesson 2]: When after the movement of 1969 Ayub Khan fell from power and Yahya Khan assumed the reins of the government, he declared that he would give us a constitution.
[Unit 4: Transformative Speeches: Three Speeches]: When after the movement of 1969 Ayub Khan fell from power and Yahya Khan assumed the reins of the government, he declared that he would give us a constitution.","Unit 4: Lesson 2 (Transformative Speeches)"
"Avoided","এড়ানো / এড়িয়ে চলা","Evaded, dodged, shunned, bypassed, sidestepped","Confronted, faced, encountered, embraced","Kept away from or stopped oneself from doing something unwanted or violent.","[Unit 4: Lesson 2]: When I went to jail in 1962, the dominant idea was that loss of life should be avoided.
[Unit 4: Transformative Speeches: Three Speeches]: When I went to jail in 1962, the dominant idea was that loss of life should be avoided.","Unit 4: Lesson 2 (Transformative Speeches)"
"Blame","দোষত্রুটির দায় / তিরস্কার","Censure, guilt, fault, accountability, condemnation","Praise, commendation, credit, approval","Responsibility for a fault, wrongdoing, or failure.","[Unit 4: Lesson 2]: After sitting in a secret meeting for five hours he gave a speech where he has put all the blame on me.
[Unit 4: Transformative Speeches: Three Speeches]: After sitting in a secret meeting for five hours he gave a speech where he has put all the blame on me.","Unit 4: Lesson 2 (Transformative Speeches)"
"Communists","সাম্যবাদী / কমিউনিস্ট ব্যক্তিবর্গ","Socialists, leftists, Marxists, collectivists","Individualists, capitalists, monarchists","Adherents of communism who advocate collective ownership of property and resources.","[Unit 4: Lesson 2]: The suggestion that the struggle in South Africa is under the influence of foreigners or communists is wholly incorrect.
[Unit 4: Transformative Speeches: Three Speeches]: The suggestion that the struggle in South Africa is under the influence of foreigners or communists is wholly incorrect.","Unit 4: Lesson 2 (Transformative Speeches)"
"Confront","মোকাবিলা করা / সামনাসামনি হওয়া","Encounter, face up to, brave, tackle, resist","Avoid, escape, evade, flee, surrender","Meet face to face in opposition or face a hostile force bravely.","[Unit 4: Lesson 2]: Convert every house into a fort; confront the enemy with whatever you have.
[Unit 4: Transformative Speeches: Three Speeches]: Convert every house into a fort; confront the enemy with whatever you have.","Unit 4: Lesson 2 (Transformative Speeches)"
"Crimson","গাঢ় বা টকটকে লাল","Deep red, ruby, blood-red, scarlet","Pale, colourless, white","Of a rich, deep red colour, typically inclining to purple or blood-like hue.","[Unit 4: Lesson 2]: The history of Bengal is the history of a people who have repeatedly made their highways crimson red with their blood.
[Unit 4: Transformative Speeches: Three Speeches]: The history of Bengal is the history of a people who have repeatedly made their highways crimson red with their blood.","Unit 4: Lesson 2 (Transformative Speeches)"
"Crooked","আঁকাবাঁকা / কুটিল / বক্র","Curved, twisted, bent, zigzag, winding","Straight, direct, unbent, level","Bent, twisted, or not in a straight, honest line.","[Unit 4: Lesson 2]: The rough places will be made plain, and the crooked places will be made straight.
[Unit 4: Transformative Speeches: Three Speeches]: The rough places will be made plain, and the crooked places will be made straight.","Unit 4: Lesson 2 (Transformative Speeches)"
"Curtailed","সীমিত করা / খর্ব করা / কমানো","Reduced, diminished, shortened, trimmed, restricted","Expanded, extended, increased, enlarged","Reduced in extent, size, or quantity; imposed a restriction on.","[Unit 4: Lesson 2]: The African National Congress was formed in 1912 to defend the rights of the African people which had been seriously curtailed by the South Africa Act.
[Unit 4: Transformative Speeches: Three Speeches]: The African National Congress was formed in 1912 to defend the rights of the African people which had been seriously curtailed by the South Africa Act.","Unit 4: Lesson 2 (Transformative Speeches)"
"Deeply","গভীরভাবে / অন্তর দিয়ে","Intensely, profoundly, thoroughly, sincerely","Mildly, superficially, slightly","To a thorough, profound, or intense extent.","[Unit 4: Lesson 2]: It is a dream deeply rooted in the American dream.
[Unit 4: Transformative Speeches: Three Speeches]: It is a dream deeply rooted in the American dream.","Unit 4: Lesson 2 (Transformative Speeches)"
"Defend","প্রতিরক্ষা করা / অধিকার রক্ষা করা","Protect, safeguard, shield, champion, uphold","Attack, surrender, abandon, renounce","Resist an attack made on someone or protect rights and principles from harm.","[Unit 4: Lesson 2]: The African National Congress was formed in 1912 to defend the rights of the African people.
[Unit 4: Transformative Speeches: Three Speeches]: The African National Congress was formed in 1912 to defend the rights of the African people.
[Unit 11: Lesson 3]: In the future if I grow up, and in Gaza it's an achievement to grow up, because death is standing at your doorstep, I want to be a children's caretaker and defend their rights; because I feel that the children of Palestine are born as old people, a kid can be 6 years old and yet supporting a family.","Unit 4: Lesson 2 (Transformative Speeches)"
"Discord","অনৈক্য / মতানৈক্য / সুরের অসঙ্গতি","Disagreement, disharmony, strife, friction, clash","Harmony, agreement, concord, unity","Disagreement between people; lack of harmony between notes sounding together.","[Unit 4: Lesson 2]: With this faith we will be able to transform the jangling discords of our nation into a beautiful symphony of brotherhood.
[Unit 4: Transformative Speeches: Three Speeches]: With this faith we will be able to transform the jangling discords of our nation into a beautiful symphony of brotherhood.","Unit 4: Lesson 2 (Transformative Speeches)"
"Dominant","প্রভাবশালী / সর্বপ্রধান / শাসনকারী","Controlling, ruling, commanding, prevailing, chief","Submissive, inferior, subordinate, weak","Most important, powerful, or influential over others.","[Unit 4: Lesson 2]: When I went to jail in 1962, the dominant idea was that loss of life should be avoided.
[Unit 4: Transformative Speeches: Three Speeches]: When I went to jail in 1962, the dominant idea was that loss of life should be avoided.","Unit 4: Lesson 2 (Transformative Speeches)"
"Dramatize","স্পষ্টভাবে তুলে ধরা / নাটকীয় রূপ দান করা","Amplify, overstate, highlight, emphasize, stage","Understate, minimize, conceal, ignore","Present an issue or condition in a striking, vivid, or dramatic way.","[Unit 4: Lesson 2]: So we have come here today to dramatize a shameful condition.
[Unit 4: Transformative Speeches: Three Speeches]: So we have come here today to dramatize a shameful condition.","Unit 4: Lesson 2 (Transformative Speeches)"
"Embodied","মূর্ত হওয়া / সুস্পষ্টভাবে প্রকাশিত হওয়া","Personified, revealed, manifested, incorporated, symbolized","Disembodied, concealed, obscured, excluded","Gave a tangible, concrete, or visible form to an idea, quality, or concept.","[Unit 4: Lesson 2]: The change was embodied in a decision which was taken to protest against apartheid legislation by peaceful demonstrations.
[Unit 4: Transformative Speeches: Three Speeches]: The change was embodied in a decision which was taken to protest against apartheid legislation by peaceful demonstrations.","Unit 4: Lesson 2 (Transformative Speeches)"
"Equivalent","সমতুল্য / সমান অর্থবহ","Equal, identical, parallel, synonymous, corresponding","Different, unequal, dissimilar, opposite","Equal in value, amount, function, meaning, or significance.","[Unit 4: Lesson 2]: For us to accept the banning was equivalent to accepting the silencing of the Africans for all time.
[Unit 4: Transformative Speeches: Three Speeches]: For us to accept the banning was equivalent to accepting the silencing of the Africans for all time.
[Unit 5: Lesson 2]: What is the equivalent expression for Human Rights in Bangla?","Unit 4: Lesson 2 (Transformative Speeches)"
"Exalted","মর্যাদাসম্পন্ন / উন্নীত / উচ্চস্থানপ্রাপ্ত","Dignified, elevated, noble, glorified, raised","Condemned, degraded, humbled, lowered","Raised to a high moral, intellectual, or spiritual level or status.","[Unit 4: Lesson 2]: I have a dream that one day every valley shall be exalted, and every hill and mountain shall be made low.
[Unit 4: Transformative Speeches: Three Speeches]: I have a dream that one day every valley shall be exalted, and every hill and mountain shall be made low.","Unit 4: Lesson 2 (Transformative Speeches)"
"Gentile","ইহুদি ভিন্ন অন্য ধর্মের ব্যক্তি / অ-ইহুদি","Non-Jew, non-Jewish person","Jew, Jewish person","A person who is not Jewish.","[Unit 4: Lesson 2]: When all of God's children, black men and white men, Jews and gentiles, will be able to join hands and sing.
[Unit 4: Transformative Speeches: Three Speeches]: When all of God's children, black men and white men, Jews and gentiles, will be able to join hands and sing.","Unit 4: Lesson 2 (Transformative Speeches)"
"Glory","গৌরব / মহিমা / প্রতাপ","Honor, fame, magnificence, splendour, majesty","Shame, disgrace, dishonor, ignominy","High renown, magnificence, or honor won by notable achievements.","[Unit 4: Lesson 2]: The names of Dingane and Bambata were praised as the glory of the entire African nation.
[Unit 4: Transformative Speeches: Three Speeches]: The names of Dingane and Bambata were praised as the glory of the entire African nation.","Unit 4: Lesson 2 (Transformative Speeches)"
"Heighten","তীব্রতর করা / বাড়ানো / বর্ধিত করা","Enlarge, intensify, elevate, amplify, boost","Decrease, reduce, diminish, lower","Make or become more intense, prominent, or elevated.","[Unit 4: Lesson 2]: Let freedom ring from the heightening Alleghenies of Pennsylvania.
[Unit 4: Transformative Speeches: Three Speeches]: Let freedom ring from the heightening Alleghenies of Pennsylvania.","Unit 4: Lesson 2 (Transformative Speeches)"
"Hew","খোদাই করা / কেটে রূপ দেওয়া","Cut, carve, sculpt, chisel, shape","Join, attach, assemble, build","Chop, carve, or cut something with an axe or chisel, creating something with effort.","[Unit 4: Lesson 2]: With this faith we will be able to hew out of the mountain of despair a stone of hope.
[Unit 4: Transformative Speeches: Three Speeches]: With this faith we will be able to hew out of the mountain of despair a stone of hope.","Unit 4: Lesson 2 (Transformative Speeches)"
"Hilltop","পাহাড়ের চূড়া / শীর্ষদেশ","Peak, summit, crest, knoll, ridge","Valley, base, bottom, abyss","The top or summit of a hill.","[Unit 4: Lesson 2]: So let freedom ring from the prodigious hilltops of New Hampshire.
[Unit 4: Transformative Speeches: Three Speeches]: So let freedom ring from the prodigious hilltops of New Hampshire.","Unit 4: Lesson 2 (Transformative Speeches)"
"Humanitarian","মানবহিতৈষী / পরোপকারী ব্যক্তি","Philanthropist, benefactor, altuist, patron","Self-seeker, egoist, misanthrope","A person who seeks to promote human welfare and help those in distress.","[Unit 4: Lesson 2]: Mandela was recognized worldwide as a legendary leader and humanitarian who resisted tyranny.
[Unit 4: Transformative Speeches: Three Speeches]: Mandela was recognized worldwide as a legendary leader and humanitarian who resisted tyranny.","Unit 4: Lesson 2 (Transformative Speeches)"
"Humble Contribution","সামান্য বা বিনম্র অবদান","Modest effort, small share, respectful service","Grand claim, boastful imposition","A modest or unpretentious offering or service rendered for a greater noble cause.","[Unit 4: Lesson 2]: I hoped then that life might offer me the opportunity to serve my people and make my own humble contribution to their freedom struggle.
[Unit 4: Transformative Speeches: Three Speeches]: I hoped then that life might offer me the opportunity to serve my people and make my own humble contribution to their freedom struggle.","Unit 4: Lesson 2 (Transformative Speeches)"
"Implied","পরোক্ষভাবে ইঙ্গিত করা / নিহিত রাখা","Hinted, indicated, suggested, insinuated, signified","Expressed explicitly, stated openly, declared","Suggested but not directly expressed; hinted at through circumstances.","[Unit 4: Lesson 2]: Were we to give in to the show of force and the implied threat against future action?
[Unit 4: Transformative Speeches: Three Speeches]: Were we to give in to the show of force and the implied threat against future action?","Unit 4: Lesson 2 (Transformative Speeches)"
"Irrelevant","অপ্রাসঙ্গিক / অবান্তর","Unrelated, inapplicable, immaterial, extraneous","Relevant, pertinent, applicable, significant","Not connected with or relevant to something; having no bearing on a matter.","[Unit 4: Lesson 2]: In fact, I believe none of it is irrelevant because it will enable the Court to appreciate the attitude adopted by the Liberation Movement.
[Unit 4: Transformative Speeches: Three Speeches]: In fact, I believe none of it is irrelevant because it will enable the Court to appreciate the attitude adopted by the Liberation Movement.","Unit 4: Lesson 2 (Transformative Speeches)"
"Manacle","হাতকড়ি / বেড়ী / শৃঙ্খল","Handcuff, fetter, shackle, chain, bond","Liberation, freedom, release","A metal band, chain, or shackle for fastening someone's hands or ankles.","[Unit 4: Lesson 2]: The life of the Negro is still sadly crippled by the manacles of segregation and the chains of discrimination.
[Unit 4: Transformative Speeches: Three Speeches]: The life of the Negro is still sadly crippled by the manacles of segregation and the chains of discrimination.","Unit 4: Lesson 2 (Transformative Speeches)"
"Molehill","মাটির ঢিপি / ছুঁচোর ঢিবি","Mound, hillock, hummock, small heap","Mountain, peak, abyss","A small mound of earth thrown up by a burrowing mole; a tiny trivial hill.","[Unit 4: Lesson 2]: Let freedom ring from every hill and molehill of Mississippi.
[Unit 4: Transformative Speeches: Three Speeches]: Let freedom ring from every hill and molehill of Mississippi.","Unit 4: Lesson 2 (Transformative Speeches)"
"Nullification","বাতিলকরণ / অসিদ্ধকরণ","Cancellation, invalidation, revocation, veto, nullity","Validation, legalization, ratification, confirmation","The act of cancelling something or declaring a law or order null and void.","[Unit 4: Lesson 2]: With its governor having his lips dripping with the words of 'interposition' and 'nullification'.
[Unit 4: Transformative Speeches: Three Speeches]: With its governor having his lips dripping with the words of 'interposition' and 'nullification'.","Unit 4: Lesson 2 (Transformative Speeches)"
"Opponents","প্রতিপক্ষ / বিরোধী পক্ষ","Rivals, adversaries, enemies, challengers, foes","Allies, supporters, comrades, partners","People who compete with, fight, or oppose another in a contest, debate, or struggle.","[Unit 4: Lesson 2]: Government has always sought to label all its opponents as communists.
[Unit 4: Transformative Speeches: Three Speeches]: Government has always sought to label all its opponents as communists.","Unit 4: Lesson 2 (Transformative Speeches)"
"Outset","শুরু / সূত্রপাত / আরম্ভ","Beginning, start, inception, kickoff, commencement","End, conclusion, finale, termination","The start or point of beginning of something.","[Unit 4: Lesson 2]: At the outset, I want to say that the suggestion made by the State in its opening is wholly incorrect.
[Unit 4: Transformative Speeches: Three Speeches]: At the outset, I want to say that the suggestion made by the State in its opening is wholly incorrect.","Unit 4: Lesson 2 (Transformative Speeches)"
"Overflowing","উপচানো / প্লাবিত / ছাপিয়ে যাওয়া","Full, flooding, brimful, packed, spilling over","Empty, meagre, depleted, drained","So full that the liquid or emotional contents spill over the edges.","[Unit 4: Lesson 2]: I stand before you today with a heart overflowing with grief.
[Unit 4: Transformative Speeches: Three Speeches]: I stand before you today with a heart overflowing with grief.","Unit 4: Lesson 2 (Transformative Speeches)"
"Protestant","প্রোটেস্ট্যান্ট খ্রিস্টান সম্প্রদায়","Reformed Christian, non-Catholic Christian","Roman Catholic, Orthodox","A member or follower of any of the Western Christian churches that are separate from the Roman Catholic Church.","[Unit 4: Lesson 2]: When all of God's children, black men and white men, Jews and gentiles, Protestants and Catholics, will be able to join hands and sing.
[Unit 4: Transformative Speeches: Three Speeches]: When all of God's children, black men and white men, Jews and gentiles, Protestants and Catholics, will be able to join hands and sing.","Unit 4: Lesson 2 (Transformative Speeches)"
"Racist","বর্ণবাদী ব্যক্তি","Racial bigot, chauvinist, segregationist","Egalitarian, integrationist, antiracist","A person who is prejudiced against or antagonistic towards people on the basis of their membership of a particular racial or ethnic group.","[Unit 4: Lesson 2]: Down in Alabama, with its vicious racists, little black boys and girls will join hands with little white boys and girls.
[Unit 4: Transformative Speeches: Three Speeches]: Down in Alabama, with its vicious racists, little black boys and girls will join hands with little white boys and girls.","Unit 4: Lesson 2 (Transformative Speeches)"
"Repressive","দমনমূলক / উৎপীড়নকারী","Oppressive, restrictive, authoritarian, tyrannical","Liberating, permissive, emancipatory, free","Inhibiting or restraining the personal freedom of a person or group of people.","[Unit 4: Lesson 2]: Fifty years of non-violence had brought the African people nothing but more and more repressive legislation, and fewer and fewer rights.
[Unit 4: Transformative Speeches: Three Speeches]: Fifty years of non-violence had brought the African people nothing but more and more repressive legislation, and fewer and fewer rights.","Unit 4: Lesson 2 (Transformative Speeches)"
"Restore","পুনরুদ্ধার করা / ফিরিয়ে আনা","Recover, reinstate, revive, reclaim, return","Abolish, destroy, break, forfeit","Bring back or re-establish a previous right, practice, or condition.","[Unit 4: Lesson 2]: He declared that he would give us a constitution and restore democracy; we listened to him then.
[Unit 4: Transformative Speeches: Three Speeches]: He declared that he would give us a constitution and restore democracy; we listened to him then.","Unit 4: Lesson 2 (Transformative Speeches)"
"Spill","ঝরানো / উপচে ফেলা","Shed, pour, overflow, ooze, exude","Collect, gather, hold, retain","Cause or allow blood or liquid to flow over the edge of its container or upon streets.","[Unit 4: Lesson 2]: The blood spilled on our streets has not yet dried.
[Unit 4: Transformative Speeches: Three Speeches]: The blood spilled on our streets has not yet dried.","Unit 4: Lesson 2 (Transformative Speeches)"
"Standstill","স্থবিরতা / অচল অবস্থা","Deadlock, halt, impasse, stagnation, standstill","Motion, activity, progress, continuous flow","A state of cessation of movement or work; a complete halt.","[Unit 4: Lesson 2]: Make sure that traffic on all roads and ports are brought to a standstill.
[Unit 4: Transformative Speeches: Three Speeches]: Make sure that traffic on all roads and ports are brought to a standstill.","Unit 4: Lesson 2 (Transformative Speeches)"
"Starve","অনাহারে থাকা / ক্ষুধায় কষ্ট পাওয়া","Famish, fast, suffer from hunger, hunger","Feed, feast, nourish, gorge","Suffer severely or die from hunger.","[Unit 4: Lesson 2]: If need be, we will starve to death, but we'll go down striving for our rights.
[Unit 4: Transformative Speeches: Three Speeches]: If need be, we will starve to death, but we'll go down striving for our rights.","Unit 4: Lesson 2 (Transformative Speeches)"
"Struggle","সংগ্রাম / মুক্তিযুদ্ধ / লড়াই","Battle, fight, conflict, crusade, striving","Surrender, yield, peace, acquiescence","A forceful or determined effort against difficult circumstances or tyrannical opposition.","[Unit 4: Lesson 2]: The struggle this time is a struggle for our emancipation - the struggle this time is a struggle for freedom.
[Unit 4: Transformative Speeches: Three Speeches]: The struggle this time is a struggle for our emancipation - the struggle this time is a struggle for freedom.","Unit 4: Lesson 2 (Transformative Speeches)"
"Suspended","স্থগিত রাখা / সাময়িক স্থগিত","Paused, halted, deferred, postponed, held back","Enforced, continued, resumed, executed","Temporarily prevented from continuing or being in force.","[Unit 4: Lesson 2]: Our sentences were suspended mainly because the Judge found that discipline and non-violence had been stressed throughout.
[Unit 4: Transformative Speeches: Three Speeches]: Our sentences were suspended mainly because the Judge found that discipline and non-violence had been stressed throughout.","Unit 4: Lesson 2 (Transformative Speeches)"
"Swelter","গরমে হাঁসফাঁস করা / তীব্র উত্তাপে ছটফট করা","Roast, bake, sweat, burn, simmer","Freeze, shiver, cool down","Be uncomfortably or oppressively hot, sweating profusely.","[Unit 4: Lesson 2]: Even the state of Mississippi, a state sweltering with the heat of injustice, will be transformed into an oasis of freedom.
[Unit 4: Transformative Speeches: Three Speeches]: Even the state of Mississippi, a state sweltering with the heat of injustice, will be transformed into an oasis of freedom.","Unit 4: Lesson 2 (Transformative Speeches)"
"Vicious","পাপাচার সম্পর্কিত / হিংস্র / চরম ঘৃণিত","Cruel, malicious, ferocious, spiteful, savage","Clean, decent, innocent, kind, benevolent","Deliberately cruel, violent, or intensely spiteful and viciously malicious.","[Unit 4: Lesson 2]: Down in Alabama, with its vicious racists, little black boys and girls will join hands with little white boys and girls.
[Unit 4: Transformative Speeches: Three Speeches]: Down in Alabama, with its vicious racists, little black boys and girls will join hands with little white boys and girls.","Unit 4: Lesson 2 (Transformative Speeches)"
"Wading over","রক্ত বা পানির উপর দিয়ে হেঁটে যাওয়া / মাড়িয়ে যাওয়া","Walking through, traversing, trudging through","Avoiding, circumventing, turning back","Walking with effort through water or another substance, such as shed blood.","[Unit 4: Lesson 2]: Mujibur Rahman won't join the Round Table Conference because that would mean wading over the blood that has been shed.
[Unit 4: Transformative Speeches: Three Speeches]: Mujibur Rahman won't join the Round Table Conference because that would mean wading over the blood that has been shed.","Unit 4: Lesson 2 (Transformative Speeches)"
"Widely","ব্যাপকভাবে / দূর-দূরান্ত পর্যন্ত","Broadly, extensively, universally, far and wide","Narrowly, marginally, locally, restrictedly","Over a wide range or area; by a great number of people.","[Unit 4: Lesson 2]: It is widely recognized as one of the most iconic speeches in American history.
[Unit 4: Transformative Speeches: Three Speeches]: It is widely recognized as one of the most iconic speeches in American history.","Unit 4: Lesson 2 (Transformative Speeches)"
"Awarded","ভূষিত / পুরস্কৃত","Endowed with, bestowed, rewarded, decorated","Revoked, stripped, denied","Given an official honour, prize, or reward in recognition of exceptional service or merit.","[Unit 4: Lesson 3]: The first African woman and first environmentalist awarded the Nobel Peace Prize, Wangari Maathai received that honour in 2004.
[Unit 4: Great Women: Pioneers of Education & Science]: The first African woman and first environmentalist awarded the Nobel Peace Prize, Wangari Maathai received that honour in 2004.","Unit 4: Lesson 3 (Great Women)"
"Broke the glass ceiling","অদৃশ্য বাধা ভেঙে সর্বোচ্চ সাফল্য অর্জন করা","Surpassed barriers, overcame restrictions, shattered barriers","Remained constrained, stayed suppressed, limited","Overcame the unacknowledged discriminatory barrier preventing women from advancing to leadership.","[Unit 4: Lesson 3]: Leela Nag broke the glass ceiling on so many levels that it is very difficult to limit her to being only a feminist.
[Unit 4: Great Women: Pioneers of Education & Science]: Leela Nag broke the glass ceiling on so many levels that it is very difficult to limit her to being only a feminist.","Unit 4: Lesson 3 (Great Women)"
"Brutality","বর্বরতা / নৃশংসতা","Savagery, cruelty, ruthlessness, inhumaneness, atrocity","Gentleness, kindness, benevolence, mercy","Savage physical violence and profound cruelty inflicted on innocent people.","[Unit 4: Lesson 3]: Amin exposes the brutality of the 1971 Liberation War through stark images in her poems.
[Unit 4: Great Women: Pioneers of Education & Science]: Amin exposes the brutality of the 1971 Liberation War through stark images in her poems.","Unit 4: Lesson 3 (Great Women)"
"Chiefly","মুখ্যত / প্রধানত / বিশেষত","Mainly, primarily, essentially, mostly, principally","Insignificantly, secondarily, marginally","Above all; for the most part or primarily.","[Unit 4: Lesson 3]: While Pierre Curie devoted himself chiefly to the physical study of the new radiations, Marie Curie struggled to obtain pure radium in the metallic state.
[Unit 4: Great Women: Pioneers of Education & Science]: While Pierre Curie devoted himself chiefly to the physical study of the new radiations, Marie Curie struggled to obtain pure radium in the metallic state.","Unit 4: Lesson 3 (Great Women)"
"Clandestinely","গোপনে / লোকচক্ষুর অন্তরালে","Covertly, surreptitiously, privately, secretly, furtively","Openly, publicly, blatantly","In a secretive, covert manner, often to avoid prohibition by oppressive authorities.","[Unit 4: Lesson 3]: She had to take work as a teacher and, at the same time, took part clandestinely in the nationalist 'free university', reading in Polish to women workers.
[Unit 4: Great Women: Pioneers of Education & Science]: She had to take work as a teacher and, at the same time, took part clandestinely in the nationalist 'free university', reading in Polish to women workers.","Unit 4: Lesson 3 (Great Women)"
"Completion","সমাপন / সম্পূর্ণতা","Finalization, conclusion, accomplishment, termination, finishing point","Start, commencement, inception, onset","The state of being finished, completed, or concluded successfully.","[Unit 4: Lesson 3]: From childhood she was remarkable for her prodigious memory, and at the age of 16 she won a gold medal on completion of her secondary education at the Russian lycée.
[Unit 4: Great Women: Pioneers of Education & Science]: From childhood she was remarkable for her prodigious memory, and at the age of 16 she won a gold medal on completion of her secondary education at the Russian lycée.","Unit 4: Lesson 3 (Great Women)"
"Consistently","ধারাবাহিকভাবে / অবিরাম","Regularly, constantly, systematically, persistently, steadily","Inconsistently, irregularly, erratically, sporadically","In an unchanging or dependable way over time; continuously and steadily.","[Unit 4: Lesson 3]: Apart from her contribution to women's emancipation, Leela consistently voiced her opinions in politics as well.
[Unit 4: Great Women: Pioneers of Education & Science]: Apart from her contribution to women's emancipation, Leela consistently voiced her opinions in politics as well.","Unit 4: Lesson 3 (Great Women)"
"Contribution","অনবদ্য অবদান / কার্যকর ভূমিকা","Involvement, participation, donation, offering, service","Obstruction, hindrance, detraction","A gift or payment to a common fund or collection; the part played in bringing about a result.","[Unit 4: Lesson 3]: We know of the contribution of Rokeya Sakhawat Hossain to women's education in undivided Bengal.
[Unit 4: Great Women: Pioneers of Education & Science]: We know of the contribution of Rokeya Sakhawat Hossain to women's education in undivided Bengal.","Unit 4: Lesson 3 (Great Women)"
"Demonstrated","প্রমাণিত / প্রদর্শিত","Illustrated, proved, exhibited, shown, verified","Disproved, invalidated, concealed, refuted","Clearly showed or proved the existence or truth of something by evidence.","[Unit 4: Lesson 3]: Her contribution to physics had been immense, not only in her own work, the importance of which had been demonstrated by the award to her of two Nobel Prizes.
[Unit 4: Great Women: Pioneers of Education & Science]: Her contribution to physics had been immense, not only in her own work, the importance of which had been demonstrated by the award to her of two Nobel Prizes.","Unit 4: Lesson 3 (Great Women)"
"Depict","চিত্রিত করা / বর্ণনা করা","Portray, represent, illustrate, delineate, characterize","Distort, blur, misrepresent, obscure","Represent by a drawing, painting, or other art form; portray in words.","[Unit 4: Lesson 3]: Being a scholar herself, Amin had a unique approach to depicting the lives of women.
[Unit 4: Great Women: Pioneers of Education & Science]: Being a scholar herself, Amin had a unique approach to depicting the lives of women.
[Unit 11: Lesson 5]: 5, 1936, depicts the death of a Republican soldier during the Spanish Civil War.","Unit 4: Lesson 3 (Great Women)"
"Devoted","নিবেদিত / একনিষ্ঠ / আত্মোৎসর্গীকৃত","Attentive, dedicated, ardent, loyal, steadfast","Uncommitted, unenthusiastic, uncaring, negligent","Very loving, loyal, and giving a large amount of time or energy to a specific cause.","[Unit 4: Lesson 3]: While Pierre Curie devoted himself chiefly to the physical study of the new radiations, Marie Curie struggled to obtain pure radium in the metallic state.
[Unit 4: Great Women: Pioneers of Education & Science]: While Pierre Curie devoted himself chiefly to the physical study of the new radiations, Marie Curie struggled to obtain pure radium in the metallic state.","Unit 4: Lesson 3 (Great Women)"
"Discovery","আবিষ্কার / সন্ধান","Revelation, innovation, unearthing, detection, disclosure","Loss, miss, concealment, oversight","The act of finding or learning something for the first time.","[Unit 4: Lesson 3]: Pierre Curie then joined her in the work that she had undertaken to resolve this problem and that led to the discovery of the new elements, polonium and radium.
[Unit 4: Great Women: Pioneers of Education & Science]: Pierre Curie then joined her in the work that she had undertaken to resolve this problem and that led to the discovery of the new elements, polonium and radium.","Unit 4: Lesson 3 (Great Women)"
"Ecosystem","বাস্তুতন্ত্র / প্রাকৃতিক পরিবেশব্যবস্থা","Environment, bionetwork, ecology, biome, natural community","Artificial habitat, sterility","A biological community of interacting organisms and their physical environment.","[Unit 4: Lesson 3]: We have a special responsibility to the ecosystem of this planet.
[Unit 4: Great Women: Pioneers of Education & Science]: We have a special responsibility to the ecosystem of this planet.","Unit 4: Lesson 3 (Great Women)"
"Embroil","জড়িত করা / বিপাকে ফেলা","Involve, entangle, ensnare, mire, implicate","Detach, disentangle, free, liberate","Involve someone deeply in an argument, conflict, or difficult situation.","[Unit 4: Lesson 3]: When the Subcontinent was embroiled in turmoil during the Partition, Leela Nag set up camps for victims.
[Unit 4: Great Women: Pioneers of Education & Science]: When the Subcontinent was embroiled in turmoil during the Partition, Leela Nag set up camps for victims.","Unit 4: Lesson 3 (Great Women)"
"Feminism","নারীবাদ / নারীর সমানাধিকারের মতবাদ","Female emancipation, women's liberation, egalitarianism","Anti-feminism, misogyny, patriarchy","The advocacy of women's rights on the ground of the equality of the sexes.","[Unit 4: Lesson 3]: Nadera Begum was a shining example of the multigenerational feminism that was evident among the women.
[Unit 4: Great Women: Pioneers of Education & Science]: Nadera Begum was a shining example of the multigenerational feminism that was evident among the women.","Unit 4: Lesson 3 (Great Women)"
"Feminist","নারীবাদী / নারীর অধিকারের প্রবক্তা","Egalitarian, women's rights advocate, suffragist","Misogynist, chauvinist, anti-feminist","A person who supports feminism and defends equality of rights for women.","[Unit 4: Lesson 3]: Leela Nag broke the glass ceiling on so many levels that it is very difficult to limit her to being only a feminist.
[Unit 4: Great Women: Pioneers of Education & Science]: Leela Nag broke the glass ceiling on so many levels that it is very difficult to limit her to being only a feminist.","Unit 4: Lesson 3 (Great Women)"
"Henceforth","অতঃপর / এর পর থেকে","Hereafter, henceforward, from now on, in the future","Hitherto, previously, formerly","From this time on or from that time forward.","[Unit 4: Lesson 3]: The sudden death of Pierre Curie was a decisive turning point: henceforth she was to devote all her energy to completing alone the scientific work.
[Unit 4: Great Women: Pioneers of Education & Science]: The sudden death of Pierre Curie was a decisive turning point: henceforth she was to devote all her energy to completing alone the scientific work.","Unit 4: Lesson 3 (Great Women)"
"Imprisoned","কারারুদ্ধ / বন্দী","Detained, incarcerated, jailed, confined, captured","Released, freed, liberated, discharged","Kept in prison or captivity as a punishment or political consequence.","[Unit 4: Lesson 3]: She had been imprisoned on several occasions for her fearless anti-colonial struggle.
[Unit 4: Great Women: Pioneers of Education & Science]: She had been imprisoned on several occasions for her fearless anti-colonial struggle.","Unit 4: Lesson 3 (Great Women)"
"Liberal ideas","উদার চিন্তাধারা / মুক্তমনা আদর্শ","Progressive thoughts, enlightened views, open-minded philosophy","Conservatism, dogmatism, orthodoxy","Opinions and beliefs characterized by openness to new ideas and individual liberty.","[Unit 4: Lesson 3]: Leela Nag established the identity of the Department of English from the very beginning as a platform for progressive and liberal ideas.
[Unit 4: Great Women: Pioneers of Education & Science]: Leela Nag established the identity of the Department of English from the very beginning as a platform for progressive and liberal ideas.","Unit 4: Lesson 3 (Great Women)"
"Melancholic","বিষণ্ণ / শোকাতুর","Mournful, lamenting, dejected, sorrowful, somber","Cheerful, joyous, upbeat, jubilant","Feeling or expressing pensive, deep, or persistent sadness.","[Unit 4: Lesson 3]: In yet another poem, 'God in the Goblet', a melancholic tone addresses all the martyrs and the intellectuals who were mercilessly killed in 1971.
[Unit 4: Great Women: Pioneers of Education & Science]: In yet another poem, 'God in the Goblet', a melancholic tone addresses all the martyrs and the intellectuals who were mercilessly killed in 1971.","Unit 4: Lesson 3 (Great Women)"
"Mercilessly","নির্দয়ভাবে / নির্মমভাবে","Cruelly, pitilessly, ruthlessly, heartlessly, brutally","Sympathetically, kindly, mercifully, compassionately","In a way that shows no mercy or compassion to victims.","[Unit 4: Lesson 3]: A melancholic tone addresses all the martyrs and the intellectuals who were mercilessly killed in 1971.
[Unit 4: Great Women: Pioneers of Education & Science]: A melancholic tone addresses all the martyrs and the intellectuals who were mercilessly killed in 1971.","Unit 4: Lesson 3 (Great Women)"
"Multigenerational","বহু প্রজন্ম ধরে প্রচলিত / বহুপ্ৰজন্মিক","Intergenerational, cross-generational, transgenerational","Single-generation, ephemeral","Relating to, involving, or consisting of several generations.","[Unit 4: Lesson 3]: Nadera Begum was a shining example of the multigenerational feminism that was evident among the women.
[Unit 4: Great Women: Pioneers of Education & Science]: Nadera Begum was a shining example of the multigenerational feminism that was evident among the women.","Unit 4: Lesson 3 (Great Women)"
"Obtain","অর্জন করা / আহরণ করা","Acquire, secure, attain, derive, gain","Lose, forfeit, surrender, relinquish","Get, acquire, or secure something as a result of effort or research.","[Unit 4: Lesson 3]: Marie Curie struggled to obtain pure radium in the metallic state.
[Unit 4: Great Women: Pioneers of Education & Science]: Marie Curie struggled to obtain pure radium in the metallic state.","Unit 4: Lesson 3 (Great Women)"
"Ore","আকরিক / খনিজ কাঁচামাল","Mineral deposit, rock, unrefined mineral","Refined metal, purified compound","A naturally occurring solid material from which a metal or valuable mineral can be extracted.","[Unit 4: Lesson 3]: Could be explained only by the presence in the ore of small quantities of an unknown substance of very high activity.
[Unit 4: Great Women: Pioneers of Education & Science]: Could be explained only by the presence in the ore of small quantities of an unknown substance of very high activity.","Unit 4: Lesson 3 (Great Women)"
"Patriarchal","পুরুষতান্ত্রিক / পুরুষপ্রধান","Male-dominated, paternalistic","Matriarchal, egalitarian","Relating to or characteristic of a system of society or government controlled by men.","[Unit 4: Lesson 3]: Breaking patriarchal barriers, Leela Nag established the identity of the Department of English from the very beginning.
[Unit 4: Great Women: Pioneers of Education & Science]: Breaking patriarchal barriers, Leela Nag established the identity of the Department of English from the very beginning.","Unit 4: Lesson 3 (Great Women)"
"Phenomenon","ঘটমান বিষয় / বিস্ময়কর প্রাকৃতিক ঘটনা","Occurrence, event, happening, wonder, marvel","Regularity, commonality","A fact or situation that is observed to exist or happen, especially one whose cause is in question.","[Unit 4: Lesson 3]: Following Henri Becquerel's discovery of a new phenomenon (which she later called 'radioactivity'), Marie Curie decided to investigate.
[Unit 4: Great Women: Pioneers of Education & Science]: Following Henri Becquerel's discovery of a new phenomenon (which she later called 'radioactivity'), Marie Curie decided to investigate.","Unit 4: Lesson 3 (Great Women)"
"Rebel","বিদ্রোহী / বিপ্লববাদী","Mutineer, insurgent, nonconformist, maverick, freedom fighter","Loyalist, conformist, obedient follower","A person who rises in opposition or armed resistance against an established government or ruler.","[Unit 4: Lesson 3]: She fulfills all the criteria of citizen, rebel, reformer, social activist and a change agent.
[Unit 4: Great Women: Pioneers of Education & Science]: She fulfills all the criteria of citizen, rebel, reformer, social activist and a change agent.","Unit 4: Lesson 3 (Great Women)"
"Reformer","সংস্কারক / সমাজ সংস্কারক","Reformist, changemaker, innovator, crusader","Reactionary, traditionalist, oppressor","A person who makes changes to something in order to improve it.","[Unit 4: Lesson 3]: She fulfills all the criteria of citizen, rebel, reformer, social activist and a change agent.
[Unit 4: Great Women: Pioneers of Education & Science]: She fulfills all the criteria of citizen, rebel, reformer, social activist and a change agent.","Unit 4: Lesson 3 (Great Women)"
"Remarkable","অসাধারণ / উল্লেখযোগ্য / চমকপ্রদ","Extraordinary, outstanding, significant, incredible, amazing","Ordinary, usual, commonplace, mediocre","Worthy of attention; striking or extraordinary.","[Unit 4: Lesson 3]: From childhood she was remarkable for her prodigious memory.
[Unit 4: Great Women: Pioneers of Education & Science]: From childhood she was remarkable for her prodigious memory.
[Unit 11: Lesson 1]: Maya Angelou had a remarkable range of interests and careers.","Unit 4: Lesson 3 (Great Women)"
"Resolve","সমাধান করা / নিষ্পত্তি করা","Settle, solve, answer, unravel, determine","Complicate, confuse, hesitate, worsen","Find a solution to a problem, dispute, or contentious matter.","[Unit 4: Lesson 3]: Pierre Curie then joined her in the work that she had undertaken to resolve this problem.
[Unit 4: Great Women: Pioneers of Education & Science]: Pierre Curie then joined her in the work that she had undertaken to resolve this problem.","Unit 4: Lesson 3 (Great Women)"
"Simultaneously","একই সাথে / যুগপৎ","Concurrently, instantaneously, together, in tandem","Independently, separately, consecutively","At the same time; concurrently.","[Unit 4: Lesson 3]: She was simultaneously an educationist, a theatre actor, a journalist, columnist, a poet, and a celebrated writer.
[Unit 4: Great Women: Pioneers of Education & Science]: She was simultaneously an educationist, a theatre actor, a journalist, columnist, a poet, and a celebrated writer.","Unit 4: Lesson 3 (Great Women)"
"Throttle","টুটি টিপে শ্বাসরোধ করা","Strangle, choke, suffocate, stifle, asphyxiate","Release, breathe, liberate","Attack or kill someone by choking or strangling them.","[Unit 4: Lesson 3]: A mother frenzied by the roar of mortars throttled her whining infant; its life for the life of millions.
[Unit 4: Great Women: Pioneers of Education & Science]: A mother frenzied by the roar of mortars throttled her whining infant; its life for the life of millions.","Unit 4: Lesson 3 (Great Women)"
"Titular","নামেমাত্র / নামকাওয়াস্তে","Nominal, in name only, formal, ceremonial, symbolic","Actual, real, operational, substantive","Holding or constituting a purely formal, honorary, or titular position.","[Unit 4: Lesson 3]: In 1908 she became titular professor, and in 1910 her fundamental treatise on radioactivity was published.
[Unit 4: Great Women: Pioneers of Education & Science]: In 1908 she became titular professor, and in 1910 her fundamental treatise on radioactivity was published.","Unit 4: Lesson 3 (Great Women)"
"Treatise","গবেষণাগ্রন্থ / নির্দিষ্ট বিষয়ে সারগর্ভ প্রবন্ধ","Dissertation, discourse, essay, thesis, monograph","Brief sketch, casual note","A written work dealing formally and systematically with a subject.","[Unit 4: Lesson 3]: In 1910 her fundamental treatise on radioactivity was published.
[Unit 4: Great Women: Pioneers of Education & Science]: In 1910 her fundamental treatise on radioactivity was published.","Unit 4: Lesson 3 (Great Women)"
"Tribute","শ্রদ্ধাঞ্জলি / প্রশংসাসূচক অর্ঘ্য","Homage, testimonial, accolade, encomium, honor","Condemnation, criticism, reproach","An act, statement, or gift that is intended to show gratitude and respect.","[Unit 4: Lesson 3]: References to Muneer, Hyder, Fazle and Kaiser form a tribute to the sacrifices of scholars of Bangladesh.
[Unit 4: Great Women: Pioneers of Education & Science]: References to Muneer, Hyder, Fazle and Kaiser form a tribute to the sacrifices of scholars of Bangladesh.","Unit 4: Lesson 3 (Great Women)"
"Tumultuous","উত্তাল / টালমাটাল / কোলাহলপূর্ণ","Rowdy, turbulent, stormy, riotous, chaotic","Peaceful, tranquil, calm, serene","Making an uproar or loud, confused noise; marked by chaos or turbulent change.","[Unit 4: Lesson 3]: This is why, during the tumultuous 60s, soon after the Language Movement, we can find yet another woman as a valiant fighter against oppression.
[Unit 4: Great Women: Pioneers of Education & Science]: This is why, during the tumultuous 60s, soon after the Language Movement, we can find yet another woman as a valiant fighter against oppression.
[Unit 11: Lesson 4]: Read the following poem and try to understand the meaning.","Unit 4: Lesson 3 (Great Women)"
"Turmoil","অশান্তি / তুমুল বিশৃঙ্খলা","Chaos, disorder, tumult, unrest, turbulence","Order, peace, tranquility, harmony","A state of great disturbance, confusion, or uncertainty.","[Unit 4: Lesson 3]: When the Subcontinent was embroiled in turmoil during the Partition, Leela Nag set up camps for victims.
[Unit 4: Great Women: Pioneers of Education & Science]: When the Subcontinent was embroiled in turmoil during the Partition, Leela Nag set up camps for victims.","Unit 4: Lesson 3 (Great Women)"
"Privacy","একাকিত্ব / গোপনীয়তা / ব্যক্তিগত পরিসর","Secrecy, solitude, confidentiality, seclusion, isolation","Publicity, disclosure, exposure, openness","A state in which one is not observed or disturbed by other people; freedom from unauthorized intrusion.","[Unit 5: Lesson 1]: Read the following texts which are some of the articles of the Universal Declaration of Human Rights: Article 12: No one shall be subjected to arbitrary interference with his privacy, family, home or correspondence, nor to attacks upon his honour and reputation.
[Unit 5: Human Rights: Declarations of Human Rights]: No one shall be subjected to arbitrary interference with his privacy, family, home or correspondence.","Unit 5: Lesson 1 (Are We Aware of These Rights-I?)"
"Prosecution","মামলা / অভিযোগ / বিচারবিভাগীয় ব্যবস্থা","Legal proceeding, trial, lawsuit, case, litigation","Defence, pardon, exoneration, acquittal","The institution and conducting of legal proceedings against someone in respect of a criminal charge.","[Unit 5: Lesson 1]: Unit Five: Human Rights | Lesson 1: Are We Aware of These Rights-I?
[Unit 5: Human Rights: Declarations of Human Rights]: Everyone has the right to a fair public trial with all guarantees necessary for defence against unlawful prosecution.","Unit 5: Lesson 1 (Are We Aware of These Rights-I?)"
"Provision","ধারা / অনুবিধি / আইনি সংস্থান","Term, clause, stipulation, condition, requirement","Prohibition, omission, cancellation","A condition or requirement in a legal document; an article or clause in a human rights charter.","[Unit 5: Lesson 1]: The provision of which articles above are denied to them?
[Unit 5: Human Rights: Declarations of Human Rights]: The provision of which articles above are denied to them?","Unit 5: Lesson 1 (Are We Aware of These Rights-I?)"
"Endow","দান করা / জন্মসূত্রে কোনো গুণে ভূষিত করা","Bestow, bless, gift, confer on, equip","Deprive, strip, divest, dispossess","Provide with a quality, ability, or asset by nature; bestow upon.","[Unit 5: Lesson 2]: They are endowed with reason and conscience and should act towards one another in the spirit of brotherhood.
[Unit 5: Human Rights: Civil Freedoms]: They are endowed with reason and conscience and should act towards one another in the spirit of brotherhood.","Unit 5: Lesson 2 (Are We Aware of These Rights-II?)"
"Subject","পরাধীন করা / অনিচ্ছাসত্ত্বেও কোনো কিছুর মুখে ঠেলে দেওয়া","Expose to, treat with, lay open to, subjugate","Exempt, protect, shield, liberate","Cause or force someone or something to undergo a particular experience.","[Unit 5: Lesson 2]: - Article 5: No one shall be subjected to torture or to cruel, inhuman or degrading treatment or punishment.
[Unit 5: Human Rights: Civil Freedoms]: No one shall be subjected to arbitrary arrest, detention or exile.","Unit 5: Lesson 2 (Are We Aware of These Rights-II?)"
"Circumstance","পরিস্থিতি / অবস্থা / ঘটনাচক্র","Situation, condition, state of affairs, context, factor","Certainty, inevitability","A fact or condition connected with or relevant to an event or action.","[Unit 5: Lesson 3]: The following text has extracts from the Universal Declaration of Human Rights and is about health and education: Article 25: (1) Everyone has the right to a standard of living adequate for the health and well-being of oneself and of one's family, including food, clothing, housing and medical care and necessary social services, and the right to security in the event of unemployment, sickness, disability, widowhood, old age or other lack of livelihood in circumstances beyond his control.
[Unit 5: Human Rights: Health and Education]: In the event of unemployment, sickness, disability, widowhood, old age or other lack of livelihood in circumstances beyond his control.","Unit 5: Lesson 3 (Rights to Health and Education)"
"Disability","শারীরিক বা মানসিক অক্ষমতা","Incapability, impairment, handicap, physical limitation","Ability, fitness, capability, strength","A physical or mental condition that limits a person's movements, senses, or activities.","[Unit 5: Lesson 3]: The following text has extracts from the Universal Declaration of Human Rights and is about health and education: Article 25: (1) Everyone has the right to a standard of living adequate for the health and well-being of oneself and of one's family, including food, clothing, housing and medical care and necessary social services, and the right to security in the event of unemployment, sickness, disability, widowhood, old age or other lack of livelihood in circumstances beyond his control.
[Unit 5: Human Rights: Health and Education]: Right to security in the event of unemployment, sickness, disability, widowhood, old age.","Unit 5: Lesson 3 (Rights to Health and Education)"
"Formulate","যথাযথভাবে প্রকাশ করা / প্রণয়ন করা","Systematize, devise, draft, construct, frame","Disorganize, dismantle, ruin","Create or prepare methodically; express systematically in words.","[Unit 5: Lesson 3]: Which organization has formulated this declaration?
[Unit 5: Human Rights: Health and Education]: Which organization has formulated this declaration?","Unit 5: Lesson 3 (Rights to Health and Education)"
"Intention","অভিপ্রায় / উদ্দেশ্য / সংকল্প","Aim, purpose, goal, objective, design, intent","Accident, chance, coincidence","A thing intended; an aim or plan.","[Unit 5: Lesson 3]: What do you know about the intentions of the UN regarding the declaration?
[Unit 5: Human Rights: Health and Education]: What do you know about the intentions of the UN regarding the declaration?","Unit 5: Lesson 3 (Rights to Health and Education)"
"Strengthen","শক্তিশালী করা / সুদৃঢ় করা","Toughen, bolster, reinforce, solidify, intensify","Weaken, undermine, diminish, enfeeble","Make or become stronger in power, quality, or effect.","[Unit 5: Lesson 3]: (2) Education shall be directed to the full development of the human personality and to the strengthening of respect for human rights and fundamental freedoms.
[Unit 5: Human Rights: Health and Education]: And to the strengthening of respect for human rights and fundamental freedoms.","Unit 5: Lesson 3 (Rights to Health and Education)"
"Unemployment","বেকারত্ব / কর্মহীনতা","Joblessness, redundancy, out of work, worklessness","Employment, work, occupation","The state of being unemployed or having no paid employment.","[Unit 5: Lesson 3]: The following text has extracts from the Universal Declaration of Human Rights and is about health and education: Article 25: (1) Everyone has the right to a standard of living adequate for the health and well-being of oneself and of one's family, including food, clothing, housing and medical care and necessary social services, and the right to security in the event of unemployment, sickness, disability, widowhood, old age or other lack of livelihood in circumstances beyond his control.
[Unit 5: Human Rights: Health and Education]: Right to security in the event of unemployment, sickness, disability, widowhood, old age.","Unit 5: Lesson 3 (Rights to Health and Education)"
"Calves","পায়ের পেছনের মাংসপেশি / পায়ের ডিম","Lower legs, leg muscles, hind limbs","Upper body, torso","The fleshy back parts of the human leg below the knee.","[Unit 5: Lesson 4]: (equivalent of 50 kg) and a quarter on my back; have to stoop much and creep through water, which is frequently up to the calves of my legs.
[Unit 5: Human Rights: Coal Miners]: Have to stoop much and creep through water, which is frequently up to the calves of my legs.","Unit 5: Lesson 4 (Coal Miners)"
"Docking","বেতন বা মজুরি কেটে নেওয়া / কর্তন","Deduction, cut, withholding of wages, docking of pay","Bonus, addition, enhancement","Deducting money from a worker's wages or pay as a penalty or fine.","[Unit 5: Lesson 4]: Unit Five: Human Rights | Lesson 4: Coal Miners A.
[Unit 5: Human Rights: Coal Miners]: Docking: the severe penalty of deducting pay imposed on child coal miners.","Unit 5: Lesson 4 (Coal Miners)"
"Interviewed","সাক্ষাৎকার নিয়েছিল / জিজ্ঞাসাবাদ করেছিল","Questioned, queried, interrogated, consulted","Ignored, dismissed, overlooked","Asked questions in an interview to obtain factual testimonies.","[Unit 5: Lesson 4]: During his investigation, he interviewed a large number of people working in Britain's factories and mines.
[Unit 5: Human Rights: Coal Miners]: During his investigation, he interviewed a large number of people working in Britain's factories and mines.","Unit 5: Lesson 4 (Coal Miners)"
"Investigate","তদন্ত করা / পুঙ্খানুপুঙ্খ অনুসন্ধান করা","Examined, probed, scrutinized, inspected, explored","Overlooked, disregarded, neglected","Carry out a systematic or formal inquiry to discover and examine the facts.","[Unit 5: Lesson 4]: We will read three testimonies collected by Lord Ashley's commission that investigated a serious accident at Huskar Colliery, Yorkshire in 1838.
[Unit 5: Human Rights: Coal Miners]: Lord Ashley's commission that investigated a serious accident at Huskar Colliery, Yorkshire in 1838.","Unit 5: Lesson 4 (Coal Miners)"
"Lassies","কিশোরী / অল্পবয়সী তরুণী শ্রমিক","Girls, maidens, young women, damsels","Boys, youths, men","Young girls or young unmarried women.","[Unit 5: Lesson 4]: I do not like the work, nor do the lassies, but they are made to like it.
[Unit 5: Human Rights: Coal Miners]: I do not like the work, nor do the lassies, but they are made to like it.","Unit 5: Lesson 4 (Coal Miners)"
"Pit","কয়লাখনির সুড়ঙ্গ বা গহ্বর","Coal mine, shaft, hole, excavation, quarry","Mound, hill, summit","A coal mine, including the shafts and subterranean workings.","[Unit 5: Lesson 4]: Three testimonies gathered by Ashley's Mines Commission are given below: Sarah Goodier, Age: 8 years: ""I'm a trapper in the Gawber pit.
[Unit 5: Human Rights: Coal Miners]: I would like to be at school far better than in the pit.","Unit 5: Lesson 4 (Coal Miners)"
"Scared","ভীত / আতঙ্কিত","Terrified, frightened, alarmed, panicked, horrified","Brave, fearless, courageous, bold","Fearful; frightened of something dangerous or terrifying.","[Unit 5: Lesson 4]: It does not tire me, but I have a trap without a light and I'm scared.
[Unit 5: Human Rights: Coal Miners]: I have a trap without a light and I'm scared.","Unit 5: Lesson 4 (Coal Miners)"
"Weave","বোনা / কাপড় বোনা","Interlace, knit, entwine, braid, fabricate","Unweave, unravel, dismantle","Form fabric or a web by interlacing long threads passing in one direction with others at a right angle.","[Unit 5: Lesson 4]: Mary Barrett, Age: 14 years: ""I have worked down in pit for five years; my father works in the next pit; I have 12 brothers and sisters—all of them but one live at home; they weave, and wind, and hurry; one of them can read, none of the rest can, or write; they never went to the day-school, but three of them go to Sunday-school; I come down in the pit at seven in the morning; I do not like working in the pit, but I am obliged to get a living; I work always without stockings, or shoes, or trousers; I wear nothing but my chemise; I have to go up and work with the men.
[Unit 5: Human Rights: Coal Miners]: All of them but one live at home; they weave, and wind, and hurry.","Unit 5: Lesson 4 (Coal Miners)"
"Wrought","কঠোর শ্রমে নিযুক্ত / রূপদান করা","Worked, employed, fashioned, crafted, laboured","Idle, unworked, raw","Put to work; shaped or created with intensive labor.","[Unit 5: Lesson 4]: ] Isabella Read, Age: 12 years: ""I am wrought with sister and brother; it is very sore work; cannot say how many rakes or journeys I make from pit's bottom to wall face and back, it may be about 30 or 25 on average; the distance varies from 100 to 250 fathom (1 fathom = 1.
[Unit 5: Human Rights: Coal Miners]: I am wrought with sister and brother; it is very sore work.","Unit 5: Lesson 4 (Coal Miners)"
"Accurate","সঠিক / নির্ভুল / যথার্থ","Correct, exact, precise, faultless, error-free","Inaccurate, wrong, incorrect, imprecise","Correct in all details; exact and free from error.","[Unit 5: Lesson 5]: I have no accurate knowledge of my age, never having seen any authentic record containing it.
[Unit 5: Human Rights: Frederick Douglass]: I have no accurate knowledge of my age, never having seen any authentic record containing it.","Unit 5: Lesson 5 (Frederick Douglass)"
"Burial","দাফন / অন্ত্যেষ্টিক্রিয়া","Interment, entombment, funeral, sepulture","Exhumation, disinterment","The action or practice of burying a dead body.","[Unit 5: Lesson 5]: I was not allowed to be present during her illness, at her death, or burial.
[Unit 5: Human Rights: Frederick Douglass]: I was not allowed to be present during her illness, at her death, or burial.","Unit 5: Lesson 5 (Frederick Douglass)"
"Custom","প্রথা / সামাজিক রীতি","Tradition, practice, habit, convention, ritual","Innovation, departure, irregularity","A widely accepted way of behaving or doing something that is specific to a particular society.","[Unit 5: Lesson 5]: It is a common custom in the part of Maryland from which I ran away, to part children from their mothers at a very early age.
[Unit 5: Human Rights: Frederick Douglass]: It is a common custom in the part of Maryland from which I ran away, to part children from their mothers at a very early age.","Unit 5: Lesson 5 (Frederick Douglass)"
"Darker complexion","গাঢ় ত্বকের বর্ণ / কৃষ্ণাঙ্গ গায়ের রঙ","Dusky skin, brown-skinned, deep pigmentation","Fair complexion, light-skinned, pale skin","Skin tone that has deeper natural pigmentation.","[Unit 5: Lesson 5]: Unit Five: Human Rights | Lesson 5: Frederick Douglass A.
[Unit 5: Human Rights: Frederick Douglass]: My mother was of a darker complexion than either my grandmother or grandfather.","Unit 5: Lesson 5 (Frederick Douglass)"
"Deemed","বিবেচনা করেছিল / গণ্য করেছিল","Considered, judged, regarded, viewed, reckoned","Disregarded, ignored, dismissed","Regarded or considered in a specified way.","[Unit 5: Lesson 5]: He deemed all such inquiries on the part of a slave improper and impertinent, and evidence of a restless spirit.
[Unit 5: Human Rights: Frederick Douglass]: He deemed all such inquiries on the part of a slave improper and impertinent, and evidence of a restless spirit.","Unit 5: Lesson 5 (Frederick Douglass)"
"Evidence","প্রমাণ / সাক্ষ্য","Testimony, confirmation, proof, verification, attestation","Disproof, contradiction, refutation","The available body of facts or information indicating whether a belief or proposition is true.","[Unit 5: Lesson 5]: He deemed all such inquiries on the part of a slave improper and impertinent, and evidence of a restless spirit.
[Unit 5: Human Rights: Frederick Douglass]: He deemed all such inquiries on the part of a slave improper and impertinent, and evidence of a restless spirit.","Unit 5: Lesson 5 (Frederick Douglass)"
"Ignorant","অজ্ঞ / অন্ধকারে রাখা / অনবগত","Uneducated, uninformed, unaware, unenlightened","Knowledgeable, educated, informed, enlightened","Lacking knowledge or awareness in general; uneducated.","[Unit 5: Lesson 5]: By far the larger part of the slaves know as little of their ages as horses know of theirs, and it is the wish of most masters within my knowledge to keep their slaves thus ignorant.
[Unit 5: Human Rights: Frederick Douglass]: It is the wish of most masters within my knowledge to keep their slaves thus ignorant.","Unit 5: Lesson 5 (Frederick Douglass)"
"Improper","অনুচিত / অন্যায় / অসঙ্গত","Inappropriate, unsuitable, unbecoming, unfitting","Proper, suitable, correct, appropriate","Not in accordance with accepted rules of social behavior or morality.","[Unit 5: Lesson 5]: He deemed all such inquiries on the part of a slave improper and impertinent, and evidence of a restless spirit.
[Unit 5: Human Rights: Frederick Douglass]: He deemed all such inquiries on the part of a slave improper and impertinent.","Unit 5: Lesson 5 (Frederick Douglass)"
"Inquiries","অনুসন্ধান / জিজ্ঞাসা / প্রশ্ন","Questions, investigations, probes, queries, inquiries","Answers, replies, responses","Acts of asking for information or investigating a matter.","[Unit 5: Lesson 5]: I was not allowed to make any inquiries of my master concerning it.
[Unit 5: Human Rights: Frederick Douglass]: I was not allowed to make any inquiries of my master concerning it.","Unit 5: Lesson 5 (Frederick Douglass)"
"Separation","বিচ্ছেদ / বিচ্ছিন্নকরণ","Division, disconnection, detachment, parting, isolation","Union, connection, reunion, attachment","The action or state of moving or being moved apart.","[Unit 5: Lesson 5]: For what this separation is done, I do not know, unless it be to hinder the development of the child's affection toward its mother, and to blunt and destroy the natural affection of the mother for the child.
[Unit 5: Human Rights: Frederick Douglass]: For what this separation is done, I do not know, unless it be to hinder the development of the child's affection toward its mother.","Unit 5: Lesson 5 (Frederick Douglass)"
"Soothing","শান্তিদায়ক / আরামদায়ক / সান্ত্বনাকর","Calming, comforting, relaxing, tranquilizing, pacifying","Agitating, disturbing, jarring, irritating","Having a gently calming or comforting effect.","[Unit 5: Lesson 5]: Never having enjoyed, to any considerable extent, her soothing presence, her tender and watchful care, I received the tidings of her death with much the same emotions I should have probably felt at the death of a stranger.
[Unit 5: Human Rights: Frederick Douglass]: Never having enjoyed, to any considerable extent, her soothing presence, her tender and watchful care.","Unit 5: Lesson 5 (Frederick Douglass)"
"Whipping","চাবুক মারা / নির্মম বেত্রাঘাত","Beating, flogging, lashing, scourging, thrashing","Gentle touch, reward","A punishment or beating with a whip or lash.","[Unit 5: Lesson 5]: She was a field hand, and a whipping is the penalty of not being in the field at sunrise, unless a slave has special permission from his or her master to the contrary—a permission which they seldom get, and one that gives to him that gives it the proud name of being a kind master.
[Unit 5: Human Rights: Frederick Douglass]: She was a field hand, and a whipping is the penalty of not being in the field at sunrise.","Unit 5: Lesson 5 (Frederick Douglass)"
"Whispered","ফিসফিস করে বলেছিল / গোপনে রটনা করেছিল","Murmured, hissed, muttered, breathed softly","Shouted, yelled, bellowed","Spoke very softly using one's breath without one's vocal cords.","[Unit 5: Lesson 5]: The opinion was also whispered that my master was my father, but of the correctness of this opinion, I know nothing; the means of knowing was withheld from me.
[Unit 5: Human Rights: Frederick Douglass]: The opinion was also whispered that my master was my father, but of the correctness of this opinion, I know nothing.","Unit 5: Lesson 5 (Frederick Douglass)"
"Abuse","অবমাননা","Misbehavior","Appreciate, compliment","Improper, hurtful, or wrongful treatment or speech toward a person.","When she was eight, she became a victim of abuse by someone close to her mother.","Unit 11: Lesson 1 (Situations of Conflict)"
"Cure","সুস্থ করা","Heal, repair, recover","Exacerbate","Relieve a person of illness or distress; restore to health.","There are some millionaires With money they can't use Their wives run round like banshees Their children sing the blues They've got expensive doctors To cure their hearts of stone.","Unit 11: Lesson 1 (Situations of Conflict)"
"Decade","দশক","","","A period of ten years.","Auden: I sit on one of the dives On Fifty-second Street Uncertain and afraid As the clever hopes expire Of a low dishonest decade: Waves of anger and fear Circulate over the bright And darkened lands of the earth, Obsessing our private lives; The unmentionable odour of death Offends the September night.","Unit 11: Lesson 1 (Situations of Conflict)"
"Depressed","বিষণ্ণ","Sad, bored","Happy","In a state of general unhappiness, sorrow, or despondency.","Cruelties of conflict affect people in different ways.","Unit 11: Lesson 1 (Situations of Conflict)"
"Dive","ছোট পানশালা, ঠেকি","Bar, pub, tavern","","A small, shabby, or disreputable bar or establishment.","Auden: I sit on one of the dives On Fifty-second Street Uncertain and afraid As the clever hopes expire Of a low dishonest decade: Waves of anger and fear Circulate over the bright And darkened lands of the earth, Obsessing our private lives; The unmentionable odour of death Offends the September night.","Unit 11: Lesson 1 (Situations of Conflict)"
"Expensive","ব্যয়বহুল","Costly, valuable","Inexpensive, cheap","Costing a lot of money; high-priced.","There are some millionaires With money they can't use Their wives run round like banshees Their children sing the blues They've got expensive doctors To cure their hearts of stone.","Unit 11: Lesson 1 (Situations of Conflict)"
"Humour","ব্যঙ্গকৌতুক","Satire, comedy, comic","Seriousness","The quality of being amusing or satirical.","Her poems often deal with serious matters but they also use humour and give out hope.","Unit 11: Lesson 1 (Situations of Conflict)"
"Ironically","বিদ্রূপাত্মকভাবে","Jokingly, satirically","Seriously, sincerely","In an ironic manner; expressing meaning by using language of the opposite sense.","You will see that she has used these words ironically to bring home the message that no one should be alone, that human society depends on healthy relationships among its members.","Unit 11: Lesson 1 (Situations of Conflict)"
"Obsess","প্রভাবিত করা","Influence, impress","","Preoccupy or fill the mind of someone continually and deeply.","Auden: I sit on one of the dives On Fifty-second Street Uncertain and afraid As the clever hopes expire Of a low dishonest decade: Waves of anger and fear Circulate over the bright And darkened lands of the earth, Obsessing our private lives; The unmentionable odour of death Offends the September night.","Unit 11: Lesson 1 (Situations of Conflict)"
"Odour","গন্ধ, ঘ্রাণ","Smell, scent","","A distinctive smell, especially an unpleasant one.","Auden: I sit on one of the dives On Fifty-second Street Uncertain and afraid As the clever hopes expire Of a low dishonest decade: Waves of anger and fear Circulate over the bright And darkened lands of the earth, Obsessing our private lives; The unmentionable odour of death Offends the September night.","Unit 11: Lesson 1 (Situations of Conflict)"
"Parental","পিতা-মাতা সংক্রান্ত","","Filial","Relating to a parent or parents.","Cruelties of conflict affect people in different ways.","Unit 11: Lesson 1 (Situations of Conflict)"
"Praised","প্রশংসিত","Admired, appreciated","Condemned, criticized","Acclaimed or admired for qualities or achievements.","She was a popular poet praised for the way she incorporated social and political themes in her poems without compromising their poetic and stylistic qualities.","Unit 11: Lesson 1 (Situations of Conflict)"
"Shriek","তীক্ষ্ণ চিৎকার করা","Scream","","Utter a high-pitched piercing cry of terror, pain, or anguish.","Cruelties of conflict affect people in different ways.","Unit 11: Lesson 1 (Situations of Conflict)"
"Victim","শিকার","Prey","","A person harmed, injured, or killed as a result of a crime, conflict, or calamity.","When she was eight, she became a victim of abuse by someone close to her mother.","Unit 11: Lesson 1 (Situations of Conflict)"
"Wail","ক্রন্দন, হাহাকার","Mourn, weep, lament","Laughter","A prolonged high-pitched cry of pain, grief, or lamentation.","Cruelties of conflict affect people in different ways.","Unit 11: Lesson 1 (Situations of Conflict)"
"Ankle","গোড়ালি","Heel","","The joint connecting the foot with the leg.","The trucks ground up and away heading out of it all and the peasants plodded along in the ankle deep dust.","Unit 11: Lesson 2 (The Old Man at the Bridge)"
"Backward","পশ্চাৎ","Behindhand","Forward","Directed behind or to the rear; towards the back.","""Thank you,"" he said and got to his feet, swayed from side to side and then sat down backwards in the dust.","Unit 11: Lesson 2 (The Old Man at the Bridge)"
"Beyond","কোনো কিছু ছাড়িয়ে","Above","Inside","At or to the further side of; further away.","It was my business to cross the bridge, explore the bridgehead beyond and find out to what point the enemy had advanced.","Unit 11: Lesson 2 (The Old Man at the Bridge)"
"Cart","মালবাহী গাড়ি/ট্রলি","Cab","","An open horse- or mule-drawn vehicle for carrying loads.","There was a pontoon bridge across the river and carts, trucks, and men, women and children were crossing it.","Unit 11: Lesson 2 (The Old Man at the Bridge)"
"Certainly","নিঃসন্দেহে","Definitely","Uncertainly","Undoubtedly; definitely; without question.","""Yes, certainly they'll fly.","Unit 11: Lesson 2 (The Old Man at the Bridge)"
"Dull","নিষ্প্রভ, নিরানন্দ","Dilatory, faded","","Lacking interest, brightness, or enthusiasm; lifeless.","Warm up activity: Think and note down the kind of problems a war can create for human beings and other living things.","Unit 11: Lesson 2 (The Old Man at the Bridge)"
"Dusty","ধূলিমলিন","Dirty","Bright, clean","Covered with, full of, or resembling dust.","Read the story below for a clear and critical understanding of what it is really about and then answer the questions that follow: An old man with steel rim spectacles and very dusty clothes sat by the side of the road.","Unit 11: Lesson 2 (The Old Man at the Bridge)"
"Explain","ব্যাখ্যা করা","Clarify","","Make an idea, situation, or problem clear to someone by describing it in detail.","""I was taking care of animals,"" he explained.","Unit 11: Lesson 2 (The Old Man at the Bridge)"
"Explore","ভ্রমণ/উদ্ঘাটন করা","Visit","","Travel through an unfamiliar area to learn about it or inspect it.","It was my business to cross the bridge, explore the bridgehead beyond and find out to what point the enemy had advanced.","Unit 11: Lesson 2 (The Old Man at the Bridge)"
"Fascist","ফ্যাসিবাদের সমর্থক","","","An advocate or follower of authoritarian and totalitarian fascism.","It was Easter Sunday and the Fascists were advancing toward the Ebro.","Unit 11: Lesson 2 (The Old Man at the Bridge)"
"Hurry","তাড়াহুড়ো করা","Rush, agitation","Procrastinate","Move or act with great haste or speed.","I asked, watching the far end of the bridge where a few last carts were hurrying down the slope of the bank.","Unit 11: Lesson 2 (The Old Man at the Bridge)"
"Mysterious","রহস্যজনক, রহস্যময়","Obscure, unknown","","Difficult or impossible to understand, explain, or identify.","I was watching the bridge and the African looking country of the Ebro Delta and wondering how long now it would be before we would see the enemy, and listening all the while for the first noises that would signal that ever mysterious event called contact, and the old man still sat there.","Unit 11: Lesson 2 (The Old Man at the Bridge)"
"Peasant","ক্ষুদ্র কৃষক, অল্প জমি আছে এমন কৃষক","Farmer, tiller","","A poor farmer of low social status who owns or rents a small piece of land.","The trucks ground up and away heading out of it all and the peasants plodded along in the ankle deep dust.","Unit 11: Lesson 2 (The Old Man at the Bridge)"
"Plod","ধীরে তবে বড় ধাপ ফেলে হাঁটা","Stalk","","Walk doggedly and slowly with heavy steps.","Warm up activity: Think and note down the kind of problems a war can create for human beings and other living things.","Unit 11: Lesson 2 (The Old Man at the Bridge)"
"Quite","বেশ, অনেক, একেবারে, সম্পূর্ণ","Entirely, completely","Slightly","To the utmost or most absolute extent or degree; completely.","""Oh,"" I said, not quite understanding.","Unit 11: Lesson 2 (The Old Man at the Bridge)"
"Rimmed","কোনোকিছুর বৃত্তাকার প্রান্ত-বিশিষ্ট","","","Provided with or having a circular rim or border.","He did not look like a shepherd nor a herdsman and I looked at his black dusty clothes and his gray dusty face and his steel rimmed spectacles and said, ""What animals were they?""","Unit 11: Lesson 2 (The Old Man at the Bridge)"
"Stagger","টলমলভাবে চলা","Vacillate","","Walk or move unsteadily, as if about to fall.","The mule-drawn carts staggered up the steep bank from the bridge with soldiers helping push against the spokes of the wheels.","Unit 11: Lesson 2 (The Old Man at the Bridge)"
"State","বর্ণনা করা","Describe","","Express something definitely or clearly in speech or writing.","""No,"" he said, ""only the animals I stated.","Unit 11: Lesson 2 (The Old Man at the Bridge)"
"Steep","ঢালু বা খাড়া হয়ে উঠেছে এমন","Sharp, vertical","Gradual","Rising or falling sharply; nearly perpendicular.","The mule-drawn carts staggered up the steep bank from the bridge with soldiers helping push against the spokes of the wheels.","Unit 11: Lesson 2 (The Old Man at the Bridge)"
"Sway","দোলানো, আন্দোলিত হওয়া/করা","Wave, oscillate","","Move or cause to move slowly or unsteadily from side to side.","""Thank you,"" he said and got to his feet, swayed from side to side and then sat down backwards in the dust.","Unit 11: Lesson 2 (The Old Man at the Bridge)"
"Tiredly","ক্লান্তভাবে, ক্লান্তিকরভাবে","Wearyingly","Refreshingly","In a tired or fatigued manner.","He looked at me very blankly and tiredly, and then said, having to share his worry with someone, ""The cat will be all right, I am sure.","Unit 11: Lesson 2 (The Old Man at the Bridge)"
"Towards","দিকে","Directed to","","In the direction of someone or something.","""Towards Barcelona,"" I told him.","Unit 11: Lesson 2 (The Old Man at the Bridge)"
"Wonder","বিস্ময়/বিস্ময়াভিভূত হয়ে ভাবতে থাকা","Astonishment, marvel","","A feeling of amazement and admiration, or a state of curious questioning.","I was watching the bridge and the African looking country of the Ebro Delta and wondering how long now it would be before we would see the enemy, and listening all the while for the first noises that would signal that ever mysterious event called contact, and the old man still sat there.","Unit 11: Lesson 2 (The Old Man at the Bridge)"
"Achievement","অর্জন, কৃতিত্ব","Attainment, gaining","Failure","A thing done successfully, typically by effort, courage, or skill.","In the future if I grow up, and in Gaza it's an achievement to grow up, because death is standing at your doorstep, I want to be a children's caretaker and defend their rights; because I feel that the children of Palestine are born as old people, a kid can be 6 years old and yet supporting a family.","Unit 11: Lesson 3 (Stories From Gaza)"
"Doorstep","দোরগোড়া","Gateway, entrance","","A step leading up to the outer door of a building; very close proximity.","In the future if I grow up, and in Gaza it's an achievement to grow up, because death is standing at your doorstep, I want to be a children's caretaker and defend their rights; because I feel that the children of Palestine are born as old people, a kid can be 6 years old and yet supporting a family.","Unit 11: Lesson 3 (Stories From Gaza)"
"Empty","খালি","Bare, unoccupied","Occupied","Containing nothing; not filled or occupied.","I can't not see the poverty, siege and famine, especially when all Gaza city flooded into Al-Areesh and emptied it from all goods in two hours.","Unit 11: Lesson 3 (Stories From Gaza)"
"Escape","পলায়ন করা","Flee, make off","Face something","Break free from confinement or danger; run away.","That's why I'm now escaping outside the house all the time, because of the many flies.","Unit 11: Lesson 3 (Stories From Gaza)"
"Mature","পূর্ণবয়স্ক","Adult, grown-up","Immature","Fully developed physically and mentally; behaving in an adult way.","My friends changed, and I made older and more mature ones.","Unit 11: Lesson 3 (Stories From Gaza)"
"Rights","অধিকার","Claim","","Moral or legal entitlements to have or obtain something or to act in a certain way.","In the future if I grow up, and in Gaza it's an achievement to grow up, because death is standing at your doorstep, I want to be a children's caretaker and defend their rights; because I feel that the children of Palestine are born as old people, a kid can be 6 years old and yet supporting a family.","Unit 11: Lesson 3 (Stories From Gaza)"
"Scare","আতঙ্কিত করা","Terrify, horrify","Fearless","Cause great fear or alarm in someone.","I'm most scared for my older brothers.","Unit 11: Lesson 3 (Stories From Gaza)"
"Sewage","নর্দমার ময়লা","Garbage, trash","","Waste water and excrement conveyed in sewers.","I go back to the reality of Gaza: the dirty market, overflowing sewage, the cans, and what's on top of the carts, the suffocating smell, and the silent people who can't speak.","Unit 11: Lesson 3 (Stories From Gaza)"
"Sissy","মাইমুষো লোক / দুর্বলচিত্ত লোক","Weakling","Bold person","A person regarded as weak, cowardly, or unmanly.","I can't tell anyone about my fear so they don't call me a wimp or a sissy.","Unit 11: Lesson 3 (Stories From Gaza)"
"Support","সমর্থন করা","Assist, help, aid","Oppose","Give assistance, encouragement, or financial approval to.","In the future if I grow up, and in Gaza it's an achievement to grow up, because death is standing at your doorstep, I want to be a children's caretaker and defend their rights; because I feel that the children of Palestine are born as old people, a kid can be 6 years old and yet supporting a family.","Unit 11: Lesson 3 (Stories From Gaza)"
"Wimp","ভীতু","Coward, crybaby","Brave","A weak, cowardly, or timid person.","I can't tell anyone about my fear so they don't call me a wimp or a sissy.","Unit 11: Lesson 3 (Stories From Gaza)"
"Worried","চিন্তিত","Anxious, concerned","Unconcerned","Feeling anxious and troubled about actual or potential problems.","Yasmeen Katbeh, Born 1996, Ash Sheikh Radwan: When the war started, my mum, my brothers and sisters and I were in Russia, which made me always worried about Dad.","Unit 11: Lesson 3 (Stories From Gaza)"
"Collapse","ভেঙে পড়া","Breakdown, downfall","Success","A sudden failure, breakdown, or falling down.","Read the following poem and try to understand the meaning.","Unit 11: Lesson 4 (Peace in Literature)"
"Earnestness","আন্তরিকতা","Determination, devotion","Indifference","Sincere and intense conviction or seriousness.","Take of this grain, which in my garden grows, And grows for you; Make bread of it: and that repose And peace, which ev'ry where With so much earnestness you do pursue, Is only there.","Unit 11: Lesson 4 (Peace in Literature)"
"Exist","বিদ্যমান থাকা","Endure, prevail","Depart","Have objective reality or active being; survive.","Yes, and how many years must a mountain exist Before it is washed to the sea?","Unit 11: Lesson 4 (Peace in Literature)"
"Foe","শত্রু, প্রতিপক্ষ","Enemy, opponent","Friend","An enemy or opponent in a war, battle, or dispute.","He sweetly lived; yet sweetness did not save His life from foes.","Unit 11: Lesson 4 (Peace in Literature)"
"Invader","আক্রমণকারী","Attacker, intruder","","A person or group that invades a country, territory, or home by force.","Read the following poem and try to understand the meaning.","Unit 11: Lesson 4 (Peace in Literature)"
"Mirth","আনন্দ, স্ফূর্তি","Hilarity, great joy","Depression, gloom","Amusement, especially as expressed in laughter and celebration.","It prospered strangely, and did soon disperse Through all the earth: For they that taste it do rehearse That virtue lies therein; A secret virtue, bringing peace and mirth By flight of sin.","Unit 11: Lesson 4 (Peace in Literature)"
"Pretend","ভান করা","Feign, fake","Be honest","Behave so as to make it appear that something is the case when in fact it is not.","Yes, and how many times can a man turn his head And pretend that he just doesn't see?","Unit 11: Lesson 4 (Peace in Literature)"
"Pursue","লেগে থাকা, পশ্চাদ্ধাবন করা","Seek","Quit, give up","Follow or chase someone or something; persist in seeking a goal.","Take of this grain, which in my garden grows, And grows for you; Make bread of it: and that repose And peace, which ev'ry where With so much earnestness you do pursue, Is only there.","Unit 11: Lesson 4 (Peace in Literature)"
"Rehearse","মহড়া দেওয়া","Practise, prepare","Ignore, stop","Practise or recite repeatedly for public performance or deep memorization.","It prospered strangely, and did soon disperse Through all the earth: For they that taste it do rehearse That virtue lies therein; A secret virtue, bringing peace and mirth By flight of sin.","Unit 11: Lesson 4 (Peace in Literature)"
"Settler","বসতি স্থাপনকারী","Colonist, immigrant","","A person who moves with a group of others to live in a new country or area.","Read the following poem and try to understand the meaning.","Unit 11: Lesson 4 (Peace in Literature)"
"Stalk","বৃন্ত, ডগা","Twig","","The main stem of a herbaceous plant supporting leaves or flowers.","But after death out of his grave There sprang twelve stalks of wheat; Which many wond'ring at, got some of those To plant and set.","Unit 11: Lesson 4 (Peace in Literature)"
"Therein","তথায়","There","Here","In that place, document, or matter.","It prospered strangely, and did soon disperse Through all the earth: For they that taste it do rehearse That virtue lies therein; A secret virtue, bringing peace and mirth By flight of sin.","Unit 11: Lesson 4 (Peace in Literature)"
"Unrest","অশান্তি, অস্থিরতা","Anarchy, crisis, strife","Calmness, order","A state of dissatisfaction, disturbance, and agitation.","Read the following poem and try to understand the meaning.","Unit 11: Lesson 4 (Peace in Literature)"
"Virtue","গুণ, সদাচার","Honour, integrity","Evil","Behavior showing high moral standards; a commendable quality.","It prospered strangely, and did soon disperse Through all the earth: For they that taste it do rehearse That virtue lies therein; A secret virtue, bringing peace and mirth By flight of sin.","Unit 11: Lesson 4 (Peace in Literature)"
"Ally","মিত্র","Associate","Antagonist","A state or person formally cooperating with another for military or other purpose.","This was during the Battle of Passchendaele, fought by British forces and their allies against Germany for control of territory near Ypres, Belgium.","Unit 11: Lesson 5 (Opinions through Images)"
"Captured","বন্দি","Seized","Lost","Recorded in a photograph or video, or taken into custody by force.","See these iconic photographs captured in various war settings across the world over the past hundred years, accompanied by key factual information.","Unit 11: Lesson 5 (Opinions through Images)"
"Civil war","গৃহযুদ্ধ","War between the states","","A war between citizens of the same country.","See these iconic photographs captured in various war settings across the world over the past hundred years, accompanied by key factual information.","Unit 11: Lesson 5 (Opinions through Images)"
"Civilian","বেসামরিক জনগণ","Citizen, nonmilitary person","Military","A person not in the armed services or the police force.","Children navigate through the rubble of destroyed buildings in a war-torn area, highlighting the harsh reality of conflict and its devastating impact on innocent civilians, Rafah on Jan.","Unit 11: Lesson 5 (Opinions through Images)"
"Concentration camp","রাজনৈতিক বন্দিশিবির","Prison camp","","A camp where people are detained or confined by military or political authorities.","See these iconic photographs captured in various war settings across the world over the past hundred years, accompanied by key factual information.","Unit 11: Lesson 5 (Opinions through Images)"
"Conflict","সংঘাত","Fight, warfare, clash","Peace, truce","A serious disagreement, argument, or prolonged armed struggle.","Children navigate through the rubble of destroyed buildings in a war-torn area, highlighting the harsh reality of conflict and its devastating impact on innocent civilians, Rafah on Jan.","Unit 11: Lesson 5 (Opinions through Images)"
"Devastating","ধ্বংসী","Destructive","Blessed","Highly destructive, damaging, or overwhelming.","Children navigate through the rubble of destroyed buildings in a war-torn area, highlighting the harsh reality of conflict and its devastating impact on innocent civilians, Rafah on Jan.","Unit 11: Lesson 5 (Opinions through Images)"
"Factual","প্রকৃত","Credible","False","Concerned with, based on, or containing facts.","See these iconic photographs captured in various war settings across the world over the past hundred years, accompanied by key factual information.","Unit 11: Lesson 5 (Opinions through Images)"
"Innocent","নিরীহ","Harmless","Cunning","Not guilty of a crime or offense; free from evil or guilt.","Children navigate through the rubble of destroyed buildings in a war-torn area, highlighting the harsh reality of conflict and its devastating impact on innocent civilians, Rafah on Jan.","Unit 11: Lesson 5 (Opinions through Images)"
"Navigate","পরিচালনা করা","Cruise, operate","","Direct the route or make one's way through an area, course, or environment.","Children navigate through the rubble of destroyed buildings in a war-torn area, highlighting the harsh reality of conflict and its devastating impact on innocent civilians, Rafah on Jan.","Unit 11: Lesson 5 (Opinions through Images)"
"Paddle","নৌকা বাওয়া","Drift, splash","","Move through water in a boat using a paddle or oars.","Freedom fighters from the 1971 Bangladesh Liberation War paddle across a river, preparing for an operation.","Unit 11: Lesson 5 (Opinions through Images)"
"Photograph","আলোকচিত্র","Image, picture","","A picture made using a camera in which an image is focused onto film or recorded digitally.","This 1944 photograph shows a pile of remaining bones at the Nazi concentration camp of Majdanek, the second largest death camp in Poland after Auschwitz.","Unit 11: Lesson 5 (Opinions through Images)"
"Pile","স্তূপ","Heap, mass","Hole","A heap of things laid or lying one on top of another.","This 1944 photograph shows a pile of remaining bones at the Nazi concentration camp of Majdanek, the second largest death camp in Poland after Auschwitz.","Unit 11: Lesson 5 (Opinions through Images)"
"War-torn","যুদ্ধবিধ্বস্ত","Demolished, destroyed","","Severely damaged or devastated by war or conflict.","Children navigate through the rubble of destroyed buildings in a war-torn area, highlighting the harsh reality of conflict and its devastating impact on innocent civilians, Rafah on Jan.","Unit 11: Lesson 5 (Opinions through Images)"
"Access","প্রবেশাধিকার","Opportunity","","The means or opportunity to approach, enter, or obtain something.","Is there a crisis in our time with regard to access to clean drinking water?","Unit 12: Lesson 1 (Water Everywhere)"
"Ancient","পুরাতন, প্রাচীন","Old, antique","Modern, new","Belonging to the very distant past and no longer in existence; very old.","Water, water, every where, And all the boards did shrink; Water, water, every where, Nor any drop to drink.","Unit 12: Lesson 1 (Water Everywhere)"
"Backyard","পেছন দিক, পশ্চাদ্ভাগ","Back","Front","A yard behind a house, or an area close to home.","Besides, we have a sea in our backyard too.","Unit 12: Lesson 1 (Water Everywhere)"
"Crisis","সংকট, সংকটকাল","Emergency, disaster","Success","A time of intense difficulty, trouble, or danger.","Is there a crisis in our time with regard to access to clean drinking water?","Unit 12: Lesson 1 (Water Everywhere)"
"Cruel","নিষ্ঠুর, নিদারুণ","Brutal, inhuman","Compassionate","Willfully causing pain or suffering to others, or feeling no concern about it.","There is a limit up to which it can put up with its cruel and thoughtless treatment.","Unit 12: Lesson 1 (Water Everywhere)"
"Culture","সংস্কৃতি","Lifestyle, customs, tradition","","The customs, arts, social institutions, and achievements of a particular nation or people.","Rivers are everywhere in our life, literature, economy and culture.","Unit 12: Lesson 1 (Water Everywhere)"
"Curse","অভিশাপ","Malediction","Blessing","A solemn utterance intended to invoke a supernatural power to inflict harm or misfortune.","Coleridge's poem, a ballad, narrates the harrowing sea-voyage of an old mariner who at one point of his journey didn't have any water to drink because of a curse.","Unit 12: Lesson 1 (Water Everywhere)"
"Describe","বর্ণনা করা","State, narrate, illustrate","Summarize","Give an account in words of someone or something, including all relevant characteristics.","A report published in the Daily Sun describes what has happened to the river Buriganga and why.","Unit 12: Lesson 1 (Water Everywhere)"
"Discharge","নির্গত করা","Release","Load","Allow a liquid, gas, or other substance to flow out.","The city of Dhaka discharges about 4500 tons of solid waste every day and most of it is directly released into the Buriganga.","Unit 12: Lesson 1 (Water Everywhere)"
"Dump","নিক্ষেপ করা, মাল খালাস করা","Cast, throw","Store, stock","Deposit or dispose of waste or rubbish carelessly or in an unsuitable place.","[Unit 12: Lesson 1]: Huge quantities of toxic chemicals and wastes from mills and factories, hospitals and clinics and households and other establishments are dumped into the river every day.
[Unit 12: Lesson 4]: So too when the world learned of the ecological and human cost of decades of petroleum-waste dumping in the Niger Delta by Royal Dutch Shell in the last quarter of the twentieth century, the attempt to privatize water in Bolivia by the Bechtel Corporation in the 1990s, the death of close to two thousand people in New Orleans following Hurricane Katrina in 2005, or even the horrific aftermath of the atomic bombing of Hiroshima and Nagasaki six decades earlier, each was regarded as a terrible but singular disaster.","Unit 12: Lesson 1 (Water Everywhere)"
"Dying","মুমূর্ষু/মৃতপ্রায়","Moribund","Thriving","On the point of death; in a state of terminal decline.","The river Buriganga is an example of a dying river.","Unit 12: Lesson 1 (Water Everywhere)"
"Economy","অর্থনীতি","Budget, wealth","","The state of a country or region in terms of the production and consumption of goods.","Rivers are everywhere in our life, literature, economy and culture.","Unit 12: Lesson 1 (Water Everywhere)"
"Establishment","প্রতিষ্ঠান","Institution, organization","","A business organization, public institution, or household.","Huge quantities of toxic chemicals and wastes from mills and factories, hospitals and clinics and households and other establishments are dumped into the river every day.","Unit 12: Lesson 1 (Water Everywhere)"
"Eve","আগের দিন, প্রাক্কাল","Evening, before","","The day or period of time immediately before an event or holiday.","The United Nations in a meeting on the eve of the new millennium identified the drinking water problem as one of the challenges for the future.","Unit 12: Lesson 1 (Water Everywhere)"
"Literature","সাহিত্য","Writing","","Written works, especially those considered of superior or lasting artistic merit.","Rivers are everywhere in our life, literature, economy and culture.","Unit 12: Lesson 1 (Water Everywhere)"
"Mariner","নাবিক, মাল্লা","Sailor, seaman","","A sailor or seaman who navigates ships.","Coleridge's poem, a ballad, narrates the harrowing sea-voyage of an old mariner who at one point of his journey didn't have any water to drink because of a curse.","Unit 12: Lesson 1 (Water Everywhere)"
"Marvel","বিস্মিত হওয়া বা করা","Wonder, bewilder","","Be filled with wonder, astonishment, or admiration.","The Mughals marveled at the tide level of the Buriganga and founded their capital Jahangirnagar on its banks in 1610.","Unit 12: Lesson 1 (Water Everywhere)"
"Monster","দৈত্য, রাক্ষস","Giant, demon","Angel","An imaginary or frightening creature of huge size and grotesque form.","The river would need a monster's stomach to digest all the wastes mentioned above.","Unit 12: Lesson 1 (Water Everywhere)"
"Narrate","বর্ণনা করা, বিবৃত করা","Tell, describe","Summarize","Give a spoken or written account of an event or story.","Coleridge's poem, a ballad, narrates the harrowing sea-voyage of an old mariner who at one point of his journey didn't have any water to drink because of a curse.","Unit 12: Lesson 1 (Water Everywhere)"
"Pang","তীব্র যন্ত্রণা","Agony","Comfort","A sudden sharp pain or painful emotion.","A few are already dead and several are going through the pangs of death.","Unit 12: Lesson 1 (Water Everywhere)"
"Plenty","প্রচুর","Many","Few","A large or sufficient amount or quantity; more than enough.","But do we need to worry about the problem as ours is a land of rivers and we have plenty of rainfall?","Unit 12: Lesson 1 (Water Everywhere)"
"Presentation","উপস্থাপনা, প্রদত্ত বস্তু","Lecture, speech","","The giving of something to someone, or a formal speech or display.","Water, water, every where, And all the boards did shrink; Water, water, every where, Nor any drop to drink.","Unit 12: Lesson 1 (Water Everywhere)"
"Publish","প্রকাশ করা","Print, issue","","Prepare and issue a book, newspaper, piece of music, or report for public distribution.","A report published in the Daily Sun describes what has happened to the river Buriganga and why.","Unit 12: Lesson 1 (Water Everywhere)"
"Quantity","পরিমাণ","Amount, extent, measure","","The amount or number of a material or abstract thing.","Huge quantities of toxic chemicals and wastes from mills and factories, hospitals and clinics and households and other establishments are dumped into the river every day.","Unit 12: Lesson 1 (Water Everywhere)"
"Rainfall","বৃষ্টিপাত","Precipitation, shower","","The quantity of rain falling within a given area in a given time.","But do we need to worry about the problem as ours is a land of rivers and we have plenty of rainfall?","Unit 12: Lesson 1 (Water Everywhere)"
"Regard","সম্পর্ক, প্রসঙ্গ","Relation, connection","","Attention to or concern for something; reference or relation.","Is there a crisis in our time with regard to access to clean drinking water?","Unit 12: Lesson 1 (Water Everywhere)"
"Shortage","ঘাটতি, স্বল্পতা","Lack, want","Abundance","A state or situation in which something needed cannot be obtained in sufficient amounts.","Jahangirnagar was renamed Dhaka which grew into a heavily populated city with a chronic shortage of space.","Unit 12: Lesson 1 (Water Everywhere)"
"Stomach","পাকস্থলী, উদর","Belly, paunch","","The internal organ in which the first part of digestion occurs.","The river would need a monster's stomach to digest all the wastes mentioned above.","Unit 12: Lesson 1 (Water Everywhere)"
"Survey","জরিপ","Study, enquiry","","A general view, examination, or description of someone or something.","Water, water, every where, And all the boards did shrink; Water, water, every where, Nor any drop to drink.","Unit 12: Lesson 1 (Water Everywhere)"
"Unfortunately","দুর্ভাগ্যবশত, দুর্ভাগ্যক্রমে","Regrettably","Fortunately","It is a matter of regret; unluckily.","Unfortunately, they are not.","Unit 12: Lesson 1 (Water Everywhere)"
"Voyage","জলযানে নৌপথে গমন","Journey, cruise","","A long journey involving travel by sea or in space.","Water, water, every where, And all the boards did shrink; Water, water, every where, Nor any drop to drink.","Unit 12: Lesson 1 (Water Everywhere)"
"Aftermath","পরিণতি","Consequence, outcome","Origin","The consequences or aftereffects of a significant unpleasant event.","So too when the world learned of the ecological and human cost of decades of petroleum-waste dumping in the Niger Delta by Royal Dutch Shell in the last quarter of the twentieth century, the attempt to privatize water in Bolivia by the Bechtel Corporation in the 1990s, the death of close to two thousand people in New Orleans following Hurricane Katrina in 2005, or even the horrific aftermath of the atomic bombing of Hiroshima and Nagasaki six decades earlier, each was regarded as a terrible but singular disaster.","Unit 12: Lesson 4 (Environmental Justice)"
"Collectively","সমষ্টিগতভাবে","Together, jointly","Separately","As a whole or group; cooperatively.","Fundamental to both the concept of Environmental Justice and the activist EJ movement is the search for fair ways of sharing environmental burdens and benefits and collectively creating a future in which the dignity and rights of all people are respected.","Unit 12: Lesson 4 (Environmental Justice)"
"Commitment","অঙ্গীকার","Obligation, dedication","Indifference, apathy","The state or quality of being dedicated to a cause, activity, or promise.","It yokes concern for the environment, including all life on the planet, to commitment to social justice: human equity in terms of race, gender, religion, nationality, and class.","Unit 12: Lesson 4 (Environmental Justice)"
"Concept","ধারণা","Idea, perception, view, theory","","An abstract idea or a general notion.","As a concept and a movement now global in scope, Environmental Justice holds that environmental burdens and benefits should be shared equally by all people.","Unit 12: Lesson 4 (Environmental Justice)"
"Disappearance","অদৃশ্য হওয়া","Vanishing","Presence, appearance","An act of someone or something ceasing to be visible or to exist.","Environmental Justice therefore represents a new, important body of thought and action at the beginning of the twenty-first century, especially as people around the world face the realities of climate change, increasing toxicity, resource depletion, and the rapid disappearance of species and arable land on which the health of many human communities depends.","Unit 12: Lesson 4 (Environmental Justice)"
"Horrific","ভয়াবহ","Frightening, dreadful","Delightful, soothing","Causing horror; dreadfully shocking or terrifying.","So too when the world learned of the ecological and human cost of decades of petroleum-waste dumping in the Niger Delta by Royal Dutch Shell in the last quarter of the twentieth century, the attempt to privatize water in Bolivia by the Bechtel Corporation in the 1990s, the death of close to two thousand people in New Orleans following Hurricane Katrina in 2005, or even the horrific aftermath of the atomic bombing of Hiroshima and Nagasaki six decades earlier, each was regarded as a terrible but singular disaster.","Unit 12: Lesson 4 (Environmental Justice)"
"Movement","আন্দোলন","Campaign, protest","","A group of people working together to advance their shared political, social, or artistic ideas.","That is what Environmental Justice as a movement understands.","Unit 12: Lesson 4 (Environmental Justice)"
"Terrible","ভয়ংকর","Awful, horrible","Pleasant","Extremely bad, severe, or serious; formidable.","When an explosion in the Union Carbide Chemical Plant in Bhopal, India, killed thousands of people on the night of December 2, 1984, it was regarded as a terrible but singular disaster.","Unit 12: Lesson 4 (Environmental Justice)"
"Undisclosed","অপ্রকাশিত","Secret, hidden","Revealed, known","Not made known to the public; secret or unrevealed.","When a reactor at the Chernobyl Nuclear Power Plant in Ukraine in the former Soviet Union exploded just two years later killing an undisclosed number of workers, it was regarded as a terrible but singular disaster.","Unit 12: Lesson 4 (Environmental Justice)"
"Absorb","শোষণ করা","Soak, imbibe","Expel, release","Take in or soak up energy or a liquid or other substance by chemical or physical action.","You study the function of the plant's metabolism and its ability to absorb nutrients from the soil, write a book, and get a doctorate in agricultural science.","Unit 12: Lesson 5 (Limits of the Scientific Method)"
"Abundant","আধিক্যপূর্ণ, প্রচুর","Plentiful, copious, ample","Scarce","Existing or available in large quantities; plentiful.","Or, let's err on the side of abundant caution and take an average of just 10,000 people per Large Dam.","Unit 12: Lesson 5 (Limits of the Scientific Method)"
"Affect","প্রভাবিত করা","Influence, impact","Neutralize","Have an effect on; make a difference to.","Research wanders about aimlessly, each researcher seeing just one part of the infinite array of natural factors which affect harvest yields.""","Unit 12: Lesson 5 (Limits of the Scientific Method)"
"Array","বিন্যাস","Setting, layout","Disarray","An impressive display or range of a particular type of thing.","Research wanders about aimlessly, each researcher seeing just one part of the infinite array of natural factors which affect harvest yields.""","Unit 12: Lesson 5 (Limits of the Scientific Method)"
"Average","গড়","Mean, median","Total, whole","A standard or level that is considered to be typical or usual.","Even if you can explain how metabolism affects the productivity of the top leaf when the average temperature is eighty-four degrees Fahrenheit, there are places where the temperature is not eighty-four degrees.","Unit 12: Lesson 5 (Limits of the Scientific Method)"
"Conduct","পরিচালনা করা","Manage, oversee","Mismanage, disorganize","Organize and carry out.","Modern research divides nature into tiny pieces and conducts tests that conform neither with natural law nor with practical experiences.","Unit 12: Lesson 5 (Limits of the Scientific Method)"
"Convulse","আন্দোলিত করা","Agitate","Becalm","Throw into turmoil or violent agitation.","The Western world today is convulsed over the future of one million people who have fled from Kosovo.""","Unit 12: Lesson 5 (Limits of the Scientific Method)"
"Dam","জলবন্ধন, বাঁধ","Embankment, barrier, block, barrage, obstruction","","A barrier constructed to hold back water and raise its level.","We will now read an excerpt from Arundhati Roy's powerful and passionately written essay ""The Greater Common Good"": ""According to a detailed study of the 54 Large Dams done by the Indian Institute of Public Administration, the average number of people displaced by a Large Dam is 44,182.","Unit 12: Lesson 5 (Limits of the Scientific Method)"
"Determine","নির্ধারণ করা","Decide, conclude","Doubt, question","Cause something to occur in a particular way or be of a particular nature.","Doctors should first determine at the fundamental level what it is that human beings depend on for life.","Unit 12: Lesson 5 (Limits of the Scientific Method)"
"Exposure","প্রকাশ","Disclosure, uncovering","Concealment, hiding","The state of being exposed to contact with something or revelation of something secret.","The geography and topography of the land, the condition of the soil, its structure, texture, and drainage, exposure to sunlight, insect relationships, the variety of seed used, the method of cultivation—truly an infinite variety of factors—must all be considered.","Unit 12: Lesson 5 (Limits of the Scientific Method)"
"Fertility","উর্বরতা","Fruitfulness","Infertility","The quality of being fertile; productiveness.","It appears that things go better when the farmer applies ""scientific"" techniques, but this does not mean that science must come to the rescue because the natural fertility is inherently insufficient.","Unit 12: Lesson 5 (Limits of the Scientific Method)"
"Formation","গঠন","Configuration, composition","Destruction, disbandment","The action of forming or process of being formed.","To say that simply stepping up metabolism will increase starch formation and produce a large harvest is a mistake.","Unit 12: Lesson 5 (Limits of the Scientific Method)"
"Impossibility","অসম্ভবতা","Unfeasibility, impracticality","Possibility, likelihood","The state or condition of not being able to occur, exist, or be done.","A scientific testing method which takes all relevant factors into account is an impossibility.""","Unit 12: Lesson 5 (Limits of the Scientific Method)"
"Infinite","অসীম/অশেষ","Immeasurable, unlimited, countless, inestimable","Limited, finite","Limitless or endless in space, extent, or size; impossible to measure or calculate.","Research wanders about aimlessly, each researcher seeing just one part of the infinite array of natural factors which affect harvest yields.""","Unit 12: Lesson 5 (Limits of the Scientific Method)"
"Insufficient","অপর্যাপ্ত","Inadequate, lacking","Sufficient, adequate","Not enough; inadequate.","It appears that things go better when the farmer applies ""scientific"" techniques, but this does not mean that science must come to the rescue because the natural fertility is inherently insufficient.","Unit 12: Lesson 5 (Limits of the Scientific Method)"
"Invariable","অপরিবর্তনীয়","Constant, unchanging","Variable, inconsistent","Never changing; constant.","To think that these conclusions can be put to use with invariable success in the farmer's field is a big mistake.","Unit 12: Lesson 5 (Limits of the Scientific Method)"
"Muddled","তালগোল পাকানো","Messed up, jumbled, baffled, upside down, higgledy-piggledy","Ordered, disentangled","In a state of bewildered or bewildering confusion or disorder.","I must have got the zeroes muddled.","Unit 12: Lesson 5 (Limits of the Scientific Method)"
"Practical","ব্যবহারিক","Pragmatic, realistic","Impractical, theoretical","Of or concerned with the actual doing or use of something rather than with theory and ideas.","Modern research divides nature into tiny pieces and conducts tests that conform neither with natural law nor with practical experiences.","Unit 12: Lesson 5 (Limits of the Scientific Method)"
"Productivity","উৎপাদনশীলতা","Output","","The state or quality of being productive; the effectiveness of productive effort.","Even if you can explain how metabolism affects the productivity of the top leaf when the average temperature is eighty-four degrees Fahrenheit, there are places where the temperature is not eighty-four degrees.","Unit 12: Lesson 5 (Limits of the Scientific Method)"
"Rescue","উদ্ধার","Save, recover","Abandon","Save someone or something from a dangerous or distressing situation.","It appears that things go better when the farmer applies ""scientific"" techniques, but this does not mean that science must come to the rescue because the natural fertility is inherently insufficient.","Unit 12: Lesson 5 (Limits of the Scientific Method)"
"Researchers","গবেষক","Investigators, examiners, scientists","","People who carry out academic or scientific research.","Let us read an excerpt from Japanese natural farming practitioner and philosopher Masanobu Fukuoka's celebrated book One-Straw Revolution: ""Before researchers become researchers they should become philosophers.","Unit 12: Lesson 5 (Limits of the Scientific Method)"
"Scientific","বৈজ্ঞানিক","Logical, empirical","Unscientific","Based on or characterized by the methods and principles of science.","Modern scientific agriculture, on the other hand, has no such vision.","Unit 12: Lesson 5 (Limits of the Scientific Method)"
"Tumbled","গড়াগড়ি খাওয়া","Fallen, plunged","Risen, stand up","Fallen suddenly, clumsily, or headlong.","Masanobu Fukuoka (1913–2008) was born on the Japanese island of Shikoku, the eldest son of a rice farmer and local mayor.","Unit 12: Lesson 5 (Limits of the Scientific Method)"
"Unbelievable","অবিশ্বাস্য","Implausible, incredible, unlikely, unreliable","Believable, reliable","Not able to be believed; unlikely; extraordinary.","You have to whisper it to yourself, because it really does sound unbelievable.","Unit 12: Lesson 5 (Limits of the Scientific Method)"
"Unnecessary","অপ্রয়োজনীয়","Needless, inessential, useless","Necessary, essential","Not needed; more than is needed.","I have done this by whittling away unnecessary agricultural practices.","Unit 12: Lesson 5 (Limits of the Scientific Method)"
"Variations","বৈচিত্র্য","Diversities, differences","Similarity, uniformity","A change or slight difference in condition, amount, or level.","Even though it is the same quarter acre, the farmer must grow his crops differently each year in accordance with variations in weather, insect populations, the condition of the soil, and many other natural factors.","Unit 12: Lesson 5 (Limits of the Scientific Method)"
"Variety","বৈচিত্র্য","Diversity, assortment","Uniformity, monotony","The quality or state of being different or diverse; the absence of uniformity or monotony.","The geography and topography of the land, the condition of the soil, its structure, texture, and drainage, exposure to sunlight, insect relationships, the variety of seed used, the method of cultivation—truly an infinite variety of factors—must all be considered.","Unit 12: Lesson 5 (Limits of the Scientific Method)"
"Whisper","ফিস্ ফিস্ স্বর","Murmur, undertone","Shout","Speak very softly using one's breath without vibrating the vocal cords.","You have to whisper it to yourself, because it really does sound unbelievable.","Unit 12: Lesson 5 (Limits of the Scientific Method)"
"Uprising","গণ-অভ্যুত্থান / গণজাগরণ / বিদ্রোহ","Rebellion, insurrection, revolt, surge, revolution","Submission, obedience, compliance, surrender","An act of resistance or rebellion; a popular rising.","The July Uprising was a mass movement in Bangladesh that led to the overthrow of Sheikh Hasina's regime in July–August 2024.","Unit 4: Lesson 1 (July Uprising: A Transformative Movement)"
"Overthrow","ক্ষমতাচ্যুত করা / পতন ঘটানো","Oust, unseat, topple, depose, dethrone","Install, establish, reinstate, restore","To remove forcibly from power or overthrow a government.","The movement began with a student-led protest that led to the overthrow of Sheikh Hasina's regime.","Unit 4: Lesson 1 (July Uprising: A Transformative Movement)"
"Regime","শাসনব্যবস্থা / শাসকগোষ্ঠী / শাসনকাল","Administration, government, authority, reign, rule","Anarchy, lawlessness, disorder","A government, especially an authoritarian one, or a system of rule.","Subsequent general elections held under the regime were widely marked by fraudulent practices.","Unit 4: Lesson 1 (July Uprising: A Transformative Movement)"
"Repression","দমনপীড়ন / নিপীড়ন / নির্মম দমন","Suppression, oppression, subjugation, persecution","Freedom, liberation, emancipation, liberty","The action of subduing someone or something by force.","The government's brutal repression and the tragic loss of life transformed the initially apolitical protest into a widespread uprising.","Unit 4: Lesson 1 (July Uprising: A Transformative Movement)"
"Culmination","চূড়ান্ত পরিণতি / শীর্ষবিন্দু / পরিসমাপ্তি","Climax, peak, apex, pinnacle, highest point","Beginning, start, inception, initiation","The highest or climactic point of something, especially attained after a long time.","The uprising was not a sudden event, rather it was the culmination of 16 years of public frustration.","Unit 4: Lesson 1 (July Uprising: A Transformative Movement)"
"Tyranny","স্বৈরাচার / চরম নির্যাতনমূলক শাসন / অত্যাচার","Despotism, autocracy, oppression, dictatorship, absolute rule","Democracy, freedom, justice, liberty","Cruel and oppressive government or rule.","Public frustration stemmed from tyranny, human rights abuses, and the systematic dismantling of state institutions.","Unit 4: Lesson 1 (July Uprising: A Transformative Movement)"
"Reinstatement","পুনর্বহাল / পুনরায় কার্যকরীকরণ / পুনঃপ্রতিষ্ঠা","Restoration, re-establishment, return, reinstitution","Cancellation, abolition, repeal, nullification","The action of giving someone back their position, or restoring a rule/system.","The movement was ignited by the reinstatement of a discriminatory quota system in government jobs.","Unit 4: Lesson 1 (July Uprising: A Transformative Movement)"
"Discriminatory","বৈষম্যমূলক / পক্ষপাতদুষ্ট","Biased, unfair, prejudiced, inequitable, partisan","Fair, unbiased, egalitarian, impartial, equitable","Making or showing an unjust or prejudicial distinction between different categories of people.","The movement was ignited by the reinstatement of a discriminatory quota system in government jobs.","Unit 4: Lesson 1 (July Uprising: A Transformative Movement)"
"Disenfranchised","ভোটাধিকারবঞ্চিত / নাগরিক অধিকারবঞ্চিত / ক্ষমতাহীন","Deprived, marginalized, powerless, stripped of rights","Enfranchised, empowered, privileged, voting","Deprived of power, marginal in society, or denied the right to vote.","The populace felt disenfranchised and oppressed under the authoritarian regime.","Unit 4: Lesson 1 (July Uprising: A Transformative Movement)"
"Kleptocratic","লুণ্ঠনমূলক / চোরতন্ত্রভিত্তিক / শাসকগোষ্ঠীর আত্মসাৎপ্রবণ","Corrupt, plundering, thieving, fraudulent, predatory","Honest, transparent, accountable, upright","Characterized by the rampant theft of public resources by corrupt leaders.","Rampant corruption, financial mismanagement, and kleptocratic practices severely damaged the country's economy.","Unit 4: Lesson 1 (July Uprising: A Transformative Movement)"
"Disillusioned","মোহভঙ্গ হওয়া / হতাশ / বিভ্রান্তিমুক্ত কিন্তু ব্যথিত","Disenchanted, disappointed, discouraged, cynical","Optimistic, hopeful, enthused, captivated","Disappointed in someone or something that one previously believed in or admired.","Young people, particularly students, were deeply disillusioned with the corrupt state system.","Unit 4: Lesson 1 (July Uprising: A Transformative Movement)"
"Nepotism","স্বজনপ্রীতি / আত্মীয়পোষণ","Cronyism, favoritism, bias, partiality, patronage","Meritocracy, fairness, impartiality, equity","The practice among those with power or influence of favouring relatives or friends.","Students felt that their merit and hard work were being ignored in favour of nepotism and partisanship.","Unit 4: Lesson 1 (July Uprising: A Transformative Movement)"
"Curfew","সান্ধ্য আইন / কারফিউ / চলাচলের ওপর সরকারি নিষেধাজ্ঞা","Lockdown, confinement, restriction, stay-at-home order","Freedom of movement, open access, unrestricted mobility","A regulation requiring people to remain indoors between specified hours, typically at night.","In response to the 'March to Dhaka' programme, millions broke the curfew and marched on the capital.","Unit 4: Lesson 1 (July Uprising: A Transformative Movement)"
"Extrajudicial","বিচারবহির্ভূত / আইনের বাইরের","Unauthorized, lawless, arbitrary, illegal, summary","Judicial, lawful, legal, constitutional, court-ordered","Not formed by or not according to the principles of law or court proceedings.","Disappearances, murders, and extrajudicial killings were the main features of the fallen regime.","Unit 4: Lesson 1 (July Uprising: A Transformative Movement)"
"Fascism","ফ্যাসিবাদ / স্বৈরতান্ত্রিক একনায়কত্ব","Authoritarianism, totalitarianism, dictatorship, autocracy","Democracy, liberalism, pluralism, self-governance","A mass political movement and regime that emphasizes extreme authoritarian nationalism and oppression of opposition.","However, history has taught us that fascism cannot last forever.","Unit 4: Lesson 1 (July Uprising: A Transformative Movement)"
"Bullying","বুলিং / অত্যাচার / সহপাঠী বা অন্যকে পীড়ন বা ভয় দেখানো","Harassment, intimidation, tormenting, victimization, persecution","Protection, kindness, compassion, support, defense","The repetitive use of force, coercion, or threat to abuse, aggressively dominate or intimidate.","In Bangladesh, 35 percent of students aged between 13 and 15 reported being bullied in school.","Unit 9: Lesson 4 (Say 'No' to Bullying)"
"Cyberbullying","সাইবার বুলিং / ডিজিটাল মাধ্যমে হয়রানি ও হুমকি","Online harassment, cyber harassment, digital intimidation, trolling","Online safety, digital courtesy, respectful communication","The use of electronic communication to bully a person, typically by sending messages of an intimidating or threatening nature.","Cyberbullying is basically an act done by a person against another by using electronic communication.","Unit 9: Lesson 4 (Say 'No' to Bullying)"
"Benign","নিরীহ / মৃদু / অক্ষতিকর / অমায়িক","Gentle, harmless, mild, inoffensive, non-threatening","Malignant, harmful, malicious, hostile, poisonous","Gentle and kindly; not harmful or threatening in effect.","By using a benign word such as 'teasing' to express grossly inappropriate behaviour, it reduces the gravity of the action.","Unit 9: Lesson 4 (Say 'No' to Bullying)"
"Normalised","স্বাভাবিকীকৃত / স্বাভাবিক হিসেবে প্রতিষ্ঠিত","Standardized, accepted, routine, conventionalized","Abnormal, rejected, prohibited, condemned","Made or accepted as normal, regular, or standard.","The gravity of sexual harassment in public spaces has been diluted and almost normalised through calling it 'eve-teasing'.","Unit 9: Lesson 4 (Say 'No' to Bullying)"
"Imperative","অপরিহার্য / অতীব জরুরি / বাধ্যতামূলক","Essential, vital, crucial, critical, indispensable","Optional, nonessential, minor, unnecessary","Of vital importance; crucial or indispensable.","It is imperative that we as a society listen more to the survivors, rather than blaming them.","Unit 9: Lesson 4 (Say 'No' to Bullying)"
"Defames","মানহানি করে / সুনাম নষ্ট করে","Slanders, libels, disparages, vilifies, smears","Praises, honors, extols, commends","Damages the good reputation of someone through false or malicious statements.","The Act provides that deliberately publishing material that defames a person is a criminal offence.","Unit 9: Lesson 4 (Say 'No' to Bullying)"
"Punishable","শাস্তিযোগ্য / দণ্ডনীয়","Penalizable, culpable, illegal, indictable","Pardonable, blameless, lawful, innocent","Liable to be punished by law or judicial statute.","In Bangladesh, cyberbullying is an offence punishable under the ICT Act 2006.","Unit 9: Lesson 4 (Say 'No' to Bullying)"
"Gracious","বিনম্র ও কৃপাপূর্ণ / অমায়িক / মহৎ","Courteous, polite, chivalrous, gentle, elegant","Rude, churlish, abrasive, discourteous","Courteous, kind, and pleasant, especially towards someone of lower social status.","Jerry possessed a rare integrity and a gracious, instinctive courtesy.","Unit 8: Lesson 3 (A Mother in Mannville)"
"Spinster","অনূঢ়া নারী / অবিবাহিতা নারী","Unmarried woman, single woman, maiden","Married woman, matron, wife","An unmarried woman, typically one who is beyond the usual age for marriage.","Miss Clark, the spinster orphanage manager, revealed the shocking truth about Jerry's imaginary mother.","Unit 8: Lesson 3 (A Mother in Mannville)"
"Sovereignty","সার্বভৌমত্ব / পূর্ণ কর্তৃত্ব ও স্বায়ত্তশাসন","Autonomy, self-governance, supremacy, independence","Subjugation, dependency, colonization, subservience","Supreme power or authority; the authority of a state to govern itself or another state.","Environmental justice asserts the sovereignty and ecological rights of indigenous communities.","Unit 12: Lesson 4 (What is Environmental Justice?)"
"Multinational","বহুজাতিক / একাধিক দেশজুড়ে পরিচালিত","Global, international, transnational, worldwide","National, local, domestic, regional","Including or involving several countries or individuals of several nationalities.","Multinational corporations must be held accountable for hazardous waste dumping in poorer nations.","Unit 12: Lesson 4 (What is Environmental Justice?)"
"Reductionist","হ্রাসমূলক / খণ্ডিত ধারণাবিশিষ্ট / ক্ষুদ্রাতিক্ষুদ্র খণ্ডায়নবাদী","Oversimplified, mechanistic, fragmented, atomic","Holistic, comprehensive, integrated, all-encompassing","Analyzing and describing a complex phenomenon in terms of its simple constituents.","Masanobu Fukuoka criticized the reductionist approach of modern chemical agriculture.","Unit 12: Lesson 5 (Limits of the Scientific Method)"